timestamp,r,g,b
0.23779840000497643,54.39976228209192,87.56319334389858,90.72464342313788
0.280413899999985,54.35265793528506,86.93470724191063,89.71571648690293
0.2950154000063776,54.71535365152386,87.08836496070538,89.69810235767682
0.31218950000038603,54.436202920830134,87.41391237509607,89.53074558032283
0.34390870000061113,54.916730328495035,87.14992360580595,90.17952635599694
0.35836790000030305,56.11885167464115,87.088995215311,90.7578947368421
0.38700620000599883,55.04073087171679,86.50209364293872,90.43509706889989
0.4177720000006957,55.70216400911162,86.7566438876234,90.27904328018224
0.4650046000024304,55.585246518630036,86.32856605193828,90.68046669175763
0.4983118000018294,56.83146487294469,85.60332585949178,90.23579970104635
0.5297006000037072,56.622069222180876,85.56177893561593,90.33531819873465
0.5638482000067597,57.13412844036697,85.6743119266055,90.10330275229357
0.5952677000022959,57.29545035918217,85.78117517038129,90.08473015288267
0.6268544000049587,56.18839768699869,84.98489087856743,89.61537026674128
0.6583324000021094,56.042706600110925,85.84710667406175,90.26492882233315
0.6920821000021533,56.08857677902622,85.10299625468166,90.06535580524346
0.7252251000027172,54.97879924953096,84.83527204502815,89.58968105065667
0.7693700000017998,55.11469870471185,84.5657968837995,89.50891683874602
0.8023666000008234,55.6504693539481,84.19786489968709,88.86600404932818
0.8350165000010747,55.76491490555452,85.74714793342062,89.22124555825697
0.8668685000011465,55.46132181749906,85.39091250469396,89.61227938415321
0.8998840000058408,55.38803161460294,85.34305607828378,90.09032743695897
0.9308423000038601,56.17774430427415,85.5575221238938,89.63622669930334
0.9638358000011067,55.726644245142005,84.99065769805681,89.02914798206278
0.9963421000065864,55.04597485456934,85.80559204353537,89.36329517733158
1.0273467000006349,55.36680978159418,85.53556094829196,89.16165764420384
1.0600310000008903,54.462680955066745,85.36341417559692,88.69543147208122
1.1061184000063804,54.110719584569736,85.1772997032641,88.34458456973294
1.1371123000062653,53.679912104010256,84.78355612525178,87.78410547518769
1.1696255000060773,53.66147646089027,84.67576479208645,88.13757098369665
1.203047200004221,53.30456945202985,84.54469324594939,87.86546513744766
1.2366357000064454,53.14159292035398,84.67330383480825,88.50147492625369
1.2686767000050168,53.815535780496845,85.28309232480534,89.1811271783463
1.3008584000053816,54.415338458653665,85.50309394337145,89.50234389649353
1.3316081000011764,54.18704087398757,86.09512149180637,89.1800715765681
1.3627125000057276,54.31770442610653,85.90435108777194,89.10652663165791
1.410949700002675,54.59985165955869,86.17745225292046,88.8783608381235
1.4437022000056459,54.00240118212043,85.6621721462874,89.19671222755818
1.475508000003174,53.51205382171557,85.3842272472435,88.21360493365727
1.5065582000024733,53.65661641541038,84.45151684347664,89.10943606923506
1.5389688000068418,54.3282174556213,86.23317307692308,87.81971153846153
1.5703943000044092,54.05363483461036,85.37581760418614,88.18725471874416
1.602909200002614,53.86513096786179,85.58796210291659,88.45402192086198
1.6347488000028534,55.13053138307721,85.90835030549898,88.81336789483429
1.6665423000013107,54.83488980201719,85.23926036608144,88.50765782592454
1.6978685000067344,55.14987942867742,85.84437024670747,88.58504915600074
1.7479656000068644,55.295735647037105,87.01569134207126,88.6258076426066
1.7797630000059144,55.44,87.29427230046949,88.56319248826291
1.8104679000025499,55.556223801713145,85.85565882996173,88.81519956260252
1.8439386000027298,54.84880539850447,86.38008389567754,88.31114353456137
1.8739908000061405,55.44,86.2830909090909,89.82581818181818
1.907436500005133,55.711758201253225,86.57887946922226,89.61223737559897
1.9391577000060352,55.99189089568743,86.49594544784371,89.13914485809067
1.97233640000195,56.360896729143704,87.0428151414921,90.09426681367145
2.0014500000033877,55.91135531135531,86.56886446886448,89.66135531135531
2.0350882000057027,56.22413162705668,86.72614259597806,89.86471663619744
2.0823032000043895,56.522141560798545,86.89764065335753,90.04301270417422
2.113889400003245,57.254723837209305,87.28215843023256,90.01526162790698
2.1470336000056705,56.73280087130151,86.90324922853513,90.41187148302778
2.1620142000028864,56.20402976946814,86.8774732256308,89.95861317843529
2.179807600005006,56.88487137974456,86.96276308688613,89.87173952149668
2.24207110000134,56.783317886932345,86.99740500463392,90.03002780352178
2.276237100006256,56.53315118397086,86.9143897996357,89.85610200364299
2.306862600002205,56.599486521181,87.66238767650835,89.65706950302585
2.3383223000055295,56.336238198983295,87.12127814088598,89.75744371822803
2.3879524000003585,56.98537378114843,86.56735283495847,90.03250270855905
2.417808900005184,56.4254243409173,86.85464066449983,90.02762730227519
2.4503068000049097,56.85409895269051,86.88660166124956,89.69880823401951
2.4823045000011916,55.87116010119263,86.80393928442356,90.15847488254427
2.500288500006718,56.1792349726776,87.24972677595629,90.42969034608379
2.5172435000058613,56.70340534602709,87.07469791285243,89.82900036616623
2.5471008000022266,55.572619488699516,87.35587254538719,90.2015561319007
2.579600000004575,55.46886651752423,86.47222222222221,89.82438478747203
2.643673200000194,55.398015435501655,87.12017640573319,90.5066152149945
2.6747309000056703,55.08660401695228,86.85093053252257,90.12253547079418
2.721512800002529,55.133175009134085,86.19820971867007,89.89075630252101
2.75513960000535,55.74717330861909,86.82409638554216,89.96737720111214
2.7884246000030544,55.68186874304783,86.76399703374119,90.47534297367444
2.808598500007065,55.70971343505769,86.89300334946037,90.58727205061408
2.8378771000061533,55.85353721444363,87.23544583640384,89.56908621960207
2.8528467000069213,56.21950768091801,87.4149546548214,90.36979455857856
2.882247900000948,56.695595371407244,87.44326241134752,90.94214259051886
2.9148529000012786,56.09204943737318,86.98966980261943,90.28906105884522
2.9477740000002086,55.8378028481598,87.32901793970778,90.09968559275013
2.9794775000045775,56.484870713368785,87.5187969924812,89.94003300935265
3.0581539000049816,56.87105069801616,86.87876561351946,89.67266715650257
3.0910270000022138,55.684760682193286,87.11589950485971,90.1217678342197
3.124138300001505,55.97507331378299,87.2225073313783,90.37518328445748
3.142742100004398,55.88366972477064,86.9605504587156,90.29614678899082
3.170096400004695,56.78185117967332,87.14355716878403,89.97495462794917
3.1878113000057056,56.698195735374526,87.49589939857846,89.81884454164388
3.218972100003157,56.70213933077345,87.90235874931432,89.96599012616565
3.250542100002349,56.64080882352941,88.171875,90.50661764705882
3.2827273000002606,56.43105340160937,87.76938551572788,89.32114118507681
3.3158236000017496,56.48646671543526,87.8145574250183,89.06967812728602
3.3628515000018524,56.79110287303058,87.45727525486562,90.63651529193697
3.393741300002148,56.472845227062095,87.67358665430955,90.69249304911955
3.426819300002535,56.751474926253685,87.27802359882006,90.76290560471976
3.458855200005928,56.381637168141594,87.48764749262537,90.70796460176992
3.4927092000070843,56.24072727272727,86.80545454545454,89.55654545454544
3.5240945000041393,56.12798384135145,87.28130738156445,90.08207858979067
3.555478200003563,56.06597222222222,87.15460526315789,90.5173611111111
3.587812200006738,57.734572356549975,86.62107542403464,90.70768675568387
3.618814300003578,57.67968894649139,88.12516200703574,91.1877430105536
3.651334800000768,56.188901345291484,87.96804932735427,90.7318759342302
3.6986530000067432,55.954876002237555,86.98023494312885,90.24948722729815
3.72993910000514,56.686013855083324,87.42482681145853,91.20726455719904
3.762572800005728,57.0087409336061,87.05337548819044,90.86107494885624
3.793686000004527,57.223248234655074,86.71537208039109,90.22288611261995
3.8269331000046805,57.175018155410314,87.01779230210603,89.9104938271605
3.859638100002485,56.99088755239658,86.77328230362676,89.56989247311829
3.891259200005152,55.91349981903728,86.5980817951502,89.41748099891423
3.9252266000039526,56.15860805860806,86.84194139194139,89.23571428571428
3.9552010000043083,56.14023831347388,86.33638863428048,89.73620531622365
4.002772700005153,56.539184952978054,86.9590632491241,90.00645399225522
4.035200600003009,57.508690828402365,86.97244822485207,90.90051775147928
4.0675901000067824,57.466431095406364,87.12162916124232,90.9568532639018
4.099076300000888,57.44562581607909,87.33948890132437,90.70453273642977
4.130525900000066,56.837100691201194,87.52269755277415,90.89837474313468
4.163654100004351,57.06226626776365,87.21709050112192,90.51589379207181
4.195954500006337,56.32556849694953,86.79959327047514,89.06267332224071
4.227170900005149,56.0534379671151,87.07959641255606,89.63116591928251
4.2593753000037395,55.618620815803915,86.47265410645693,89.55277117248949
4.292009300006612,56.149250970963564,86.81357499537637,89.72517107453301
4.341207500001474,56.96094762169165,87.03720155469183,90.51712011845271
4.371320800004469,57.118267629094944,87.01203035350731,90.72811401073477
4.403298500001256,56.996111111111105,87.18962962962962,90.80962962962963
4.433333300003142,57.73180218558993,87.1476199296166,89.8507130950176
4.46690540000418,57.16642093623295,86.90213785477331,89.96830077405086
4.498561700005666,57.688995215311,87.88148693411851,89.76867868973132
4.530994500004454,57.776984998170505,86.96212952799121,90.24496889864616
4.563701000006404,56.60915946293912,87.4412359757219,89.50634541107227
4.5940820000032545,56.38627958579882,86.6923076923077,89.30269970414201
4.642771200000425,57.31659308314937,86.89587932303164,90.80665930831493
4.675080300003174,55.62649031296572,87.14940387481371,90.17734724292102
4.708086000006006,58.153158188932366,87.92956959195081,90.76746785913919
4.739911200005736,57.080141976461796,87.62675135438072,90.3969736596301
4.770685900002718,56.69079685746352,87.80714552936774,90.16311260755705
4.803963700003806,56.65556382582806,87.33662076665426,89.81522143654634
4.835194600003888,57.04961617674593,87.55476502527617,90.59820258378582
4.8651789000068675,56.689181561618064,87.49840075258702,90.5785512699906
4.899049999999988,56.515627924387054,87.00243309002434,90.49953209807225
4.930061300001398,56.6219557886849,87.5314724615961,90.34956912701386
4.9780107000042335,58.13617658062102,87.93583988028432,91.64496820052375
5.009288600005675,56.462363567933764,88.05626646593903,90.46537448249906
5.042750600005093,56.42659951501585,87.18485357209475,91.79369520611826
5.07579710000573,56.4821964017991,86.9059220389805,91.91379310344827
5.106950500005041,56.2813957827953,87.68576226908006,90.55028923306587
5.138225000002421,56.959836370397916,87.56043138713277,92.52882112309409
5.170456800005923,56.93680709534368,86.62546193643755,91.51644493717664
5.204129300000204,56.741143392689786,87.69746954076851,91.76382380506092
5.235238900000695,56.68828491096532,87.49165885660732,92.10402999062794
5.266672300000209,56.75224550898204,87.8940868263473,92.14726796407186
5.314061100005347,56.74212781814794,87.22712874976709,92.68958449785727
5.3450523000065004,56.14066259485471,87.46733296316862,91.94188413844161
5.379125400002522,56.111877680402756,87.08167070669401,91.7001678165206
5.395997999999963,56.21020294172408,87.09942282628933,91.82163470489667
5.443898900004569,56.500835654596095,86.95617455896007,91.89173630454967
5.473963700002059,56.28883818216391,87.5177790454459,91.99258414147177
5.51006170000619,56.245347512343336,87.65609570831751,92.61260919103684
5.544049600001017,56.25977493801259,87.96032805645623,92.13885180240321
5.573308900005941,57.18262511803588,87.48914069877242,93.14693106704438
5.619368900006521,57.11654566297287,87.92739778372182,92.71780664883454
5.652348300005542,56.42140404425792,87.60835558946967,92.75658145745899
5.683888800005661,55.95842115347768,87.13125119754743,92.43878137574248
5.713674700004049,56.58652928830376,87.23526044647967,92.34821598931501
5.745609300000069,56.776658429956285,87.56472153582969,92.22429195970348
5.774005800005398,57.358254269449716,87.73946869070208,92.65351043643264
5.791868100001011,57.05349013657057,87.7111153262519,92.3592564491654
5.844739500003925,58.20702899942385,87.9473785289034,91.8254273093912
5.874889800004894,59.05708325431443,88.56438460079652,91.8710411530438
5.910458700003801,57.8849472674976,88.26251198465962,91.23106423777564
5.955696100005298,56.909247889485805,87.84823484267076,91.32636224098235
5.987742100005562,57.85774058577406,88.10213008748573,92.06618486116395
6.019421000004513,57.538592831405275,87.52759340034136,91.65674189266072
6.050155900004029,57.86760242792109,87.71661608497725,91.7788315629742
6.084150500006217,57.17566539923954,87.11768060836502,90.71197718631178
6.109345600001689,57.25329764863315,87.340661441407,91.60332632383866
6.124919800000498,57.53878567324267,88.25780501819574,91.42846198046351
6.1471828000067035,57.58248900783789,87.75626075320207,90.8428598738291
6.1787129000003915,57.605440900562854,86.91669793621013,90.43039399624766
6.258613600002718,56.87978863936592,86.88205321758822,90.81864502736366
6.292751100001624,57.209813874788495,87.1547283323933,90.54333521338597
6.326352300005965,57.47317899491812,87.5906267645398,91.44099378881987
6.354903800005559,57.56991685563114,87.32558578987151,91.41137566137566
6.370981400003075,57.6175193505758,87.34415707003964,91.17122899754578
6.385759800003143,58.12243360331513,87.67489169335092,90.95121491806367
6.418957100002444,58.17295066591634,87.55186644156818,90.96923654098667
6.451408500004618,57.3910854158896,87.00578142484149,90.77228646027602
6.484009800005879,57.59832713754647,87.1771375464684,91.44275092936803
6.516156700003194,56.57011240095817,85.87875437626681,90.21356182052699
6.547219300002325,56.31547396028475,86.31097789434244,90.71449981266392
6.593917000005604,56.384246448994645,85.95480538646005,89.61815163254012
6.658877700006997,56.51877196227113,86.6208618457555,89.851858701683
6.681104900002538,56.5937794533459,87.20056550424128,90.55570216776627
6.71008100000472,56.15589782118708,87.16585274229902,90.7152516904583
6.727064700004121,56.08803146656677,86.97040644315415,89.72560404570144
6.755879000003915,57.357819007951534,86.84059068534646,91.22926921620598
6.788186500001757,57.52766199317924,87.44031830238727,91.72053808260705
6.817526500002714,56.91538021726701,86.96455117209834,91.89555936725748
6.850959200004581,57.01741573033708,86.75430711610487,90.84269662921349
6.882312200003071,58.081192574535905,86.98143633977124,90.9529345584099
6.930618300000788,58.22814982973894,88.00472947408248,91.05732122587969
6.963822200006689,57.708001516875235,87.51194539249147,91.14372392870686
6.9950829000008525,57.10720363017584,87.05464170920779,90.94346757421063
7.027489500003867,56.93940513578423,86.3465730648439,90.42102346203583
7.0582341000044835,56.38664682908685,86.66710061372513,90.06695183187651
7.092505600005097,56.516602458264536,86.5072463768116,90.05595303614015
7.1266212000045925,55.57786502149934,87.04169003552066,89.64311086184333
7.159310400005779,55.23422918999627,86.8547965658828,89.38577827547593
7.188161300000502,55.239010466222645,87.13035204567079,90.21255946717412
7.2358935000011115,57.002240477968634,86.91262135922331,90.0472367438387
7.268619400005264,55.78624260355029,86.74019970414201,89.35170118343196
7.299829300005513,56.06084214431459,86.58931552587646,89.5600074197737
7.331242500004009,55.81209423112595,86.82229641995919,89.17380819884993
7.3630677000037394,55.88017388017388,87.24097524097523,89.67832167832168
7.394560100001399,55.736251402918064,86.21735877291432,89.21492704826038
7.427079200002481,55.58587928464978,86.20678092399403,89.10711624441133
7.459953700003098,55.005471698113205,86.24301886792452,89.2633962264151
7.49241090000578,54.95161290322581,86.01837959489873,89.35540135033759
7.524984500007122,54.137611205754304,86.08385387090668,89.23869013817907
7.573274300004414,54.77091112770725,85.7083644510829,89.29219566840926
7.6031015000044135,54.689307706661694,86.58947564844188,88.88897182310133
7.634060900003533,55.21739130434782,86.14524397190051,89.60148091892918
7.667044900001201,54.69737098344693,86.69250243427459,90.02453748782862
7.698281300006784,55.42410285933602,86.59700633275763,89.92400690846286
7.730461900006048,55.459300114111834,86.95283377710156,89.35564853556485
7.761854900003527,55.52050352851421,87.1474346748045,89.01563990082015
7.7966338000042015,55.03941075186532,86.57011670174096,88.09470059307442
7.829423100003623,55.15774487471526,86.50246772968869,89.33048595292331
7.875772600003984,54.56691871455577,85.61701323251418,88.7897920604915
7.909704600002442,54.99600304529882,85.65645222687476,88.84488009135897
7.9416489000068395,55.09780552402573,86.2128263337117,88.65720771850171
7.97278930000175,54.60708812260537,86.58256704980843,89.83946360153257
8.003907600003004,54.886398467432954,86.17298850574713,89.76858237547893
8.033934500002943,54.12497607655502,86.04956937799044,89.39387559808613
8.065341000001354,55.18295454545454,86.69924242424243,87.81212121212121
8.098172300000442,54.035910035910035,85.88678888678888,88.83538083538083
8.129504700002144,53.34062205466541,85.52573044297833,89.10857681432611
8.161663000006229,53.91081954744248,85.47005134055904,89.13139380110287
8.212109100000816,54.102743614001895,86.25241248817407,89.87644276253548
8.24302620000526,53.92809332568369,86.23905144387072,89.43794224517116
8.275398500001756,53.46563277809688,85.57170208692322,89.2148190695003
8.31001280000055,53.247140918782705,85.8224462105059,88.89397169994184
8.34003020000091,52.74074791707033,85.26545243169927,88.90486339856616
8.36991740000667,53.36761868004632,85.76842917792358,88.58645310690854
8.401672900006815,53.665011459129104,85.48701298701299,89.31951871657753
8.433950100006768,54.092115238817286,85.71114480667173,89.45659590598939
8.468182800002978,53.33835016193561,85.420080015241,88.61592684320824
8.499401800007035,53.792550143266475,85.14192932187201,89.04737344794651
8.548604500007059,53.794318181818184,85.67424242424242,89.21723484848485
8.577731500001391,54.663057929724594,86.16923076923077,88.95802469135802
8.612150300003123,54.88912133891213,86.2544693799924,89.42544693799924
8.643831000001228,54.64315042926465,85.36860768943636,88.78275475923853
8.675400100000843,53.82750141857387,85.15396254965009,88.06184982031398
8.71036560000357,54.23605558728346,85.78964401294499,88.63963449457454
8.739014300001145,54.601647825253885,86.13910710864151,88.99885035447404
8.770501600003627,54.89304610733182,85.9812925170068,88.91515495086924
8.803704100006144,54.474244440220495,85.94601786732561,88.88766394221632
8.850990000006277,54.970795953426226,86.22160717694216,88.66653941591906
8.882447600000887,55.44816183621863,86.94534137327368,88.97529663489593
8.915116500000295,56.06997084548105,86.50068027210885,89.72866861030127
8.9474565000055,56.771597859327215,86.04224006116208,89.43463302752293
8.971349900006317,56.64466130884041,85.90068886337544,89.65805587447379
9.001353300001938,56.83917015607157,85.37247811191473,89.39798248953178
9.044786800004658,57.69890616004605,86.65687967760506,90.11571675302244
9.07400890000281,58.31444172472227,86.17567313123706,89.80361513839202
9.110494700005802,57.81147695202258,86.247789275635,89.86735653809971
9.140584000000672,57.391891891891895,85.9054054054054,89.84346846846847
9.186527800004114,58.1297836938436,86.4762432982067,90.29709743020892
9.2195961000034,58.029861751152076,85.1642396313364,89.64405529953918
9.250163100005011,57.604296731546086,85.1678295997062,89.50734484024971
9.274063600001682,58.581357466063345,85.870407239819,89.35692307692308
9.303966100000252,58.20730811604847,86.10925449871465,89.3786265148733
9.332387800001015,57.516479469710916,85.81550359049898,89.11342294236788
9.36332240000047,57.63385332616102,85.14810830195445,88.68136991213915
9.378885300000547,58.37164205657356,85.22504892367907,88.9090909090909
9.443954300004407,57.45641668158225,85.08680866296761,88.80919992840523
9.492046100000152,59.35986645580741,85.532946758039,88.05447197329116
9.525125000000116,58.15453088837458,85.34484600320457,88.99537119458786
9.55499580000469,58.85532729805014,84.991643454039,88.99930362116991
9.588034000000334,58.173028447965436,85.61919337414477,88.64584083543393
9.60860970000067,58.79953998584572,85.7602618542109,88.60350318471338
9.637232800007041,58.41355754072517,85.34927307759678,89.07059029602382
9.653706100005365,58.32477288609364,84.77900069881201,88.5482180293501
9.683809900001506,58.43515299026425,85.05337273991654,88.14064673157162
9.71569680000539,57.96079474897995,84.96877771864467,88.59198155047011
9.746244000001752,57.87942887361184,85.24819319583995,88.39608672659968
9.778485600007116,58.603780378037804,85.46120612061206,88.35697569756975
9.859352000006766,58.29187817258883,85.72443799854967,89.02773749093546
9.894740499999898,59.47723562488663,86.38109922002539,89.32178487212045
9.910210400004871,59.698113207547166,86.26215529753266,89.34288824383164
9.929854500005604,59.65555354230839,86.40478347526725,89.07990578003262
9.961188200002653,59.84023882757373,86.1733309209336,89.26379591098245
9.988941800002067,59.9308142629058,85.800603157708,88.63615398261487
10.019467000005534,59.64445648248466,86.121162874684,89.16901408450704
10.050705900001049,60.35281385281385,86.11381673881674,89.48737373737374
10.084119099999953,60.00164594001463,86.23335771762984,89.59217264081931
10.114801700001408,59.8227503628447,86.45682148040639,89.35050798258345
10.162752500000352,60.31727272727272,86.62290909090909,89.46363636363635
10.194782300000952,60.30342191481616,86.67200582453586,89.9233709501274
10.227214600003208,60.992256437961466,87.06410949036558,89.99099585809473
10.259117200002947,61.09724473257699,86.82297857014227,89.6643255897713
10.292869900004007,60.276641550053824,86.7983494797273,89.27664155005382
10.324981700003264,59.508465417867434,86.25378242074927,89.7717939481268
10.357995000005758,58.09545537506844,85.9598466873517,89.26957473991604
10.387166300002718,58.774566473988436,85.94562861271676,88.52095375722543
10.420241600004374,58.17712243074173,85.7928507596068,88.81018766756031
10.46709700000065,57.7207540521494,84.77625088090204,88.2824171952079
10.497567800004617,57.80546792849633,84.98177357167894,88.32842621801613
10.531535100002657,57.14877056430214,84.93472492481868,88.43322129842561
10.562769700001809,56.179787425689064,84.62006845613404,88.01044856782562
10.595269000004919,56.765730536793455,84.17899040170636,88.06381087806612
10.62692820000666,57.05905302358574,84.67387834722469,87.77300939882959
10.660583000004408,56.203508143905495,84.89403973509934,88.10291748702345
10.69146660000115,55.7875852170793,84.2822030857553,88.08144958736993
10.725376200003666,56.027374909354606,84.34807831762147,87.96700507614213
10.75515070000256,56.24540424772443,84.641263608781,87.80046403712296
10.80299080000259,56.22842453176643,84.72401762761659,88.33033419023135
10.835956599999918,55.80529369108049,85.42077592458304,88.06036983321248
10.865728500000841,54.99945245482752,84.86676400803066,87.0751962036868
10.899504200002411,55.667337602927724,84.80201280878318,88.05105215004575
10.931176400001277,56.00383912248629,84.98043875685558,88.3255941499086
10.963162300002296,55.63206354937714,84.29156887524823,87.63260516338688
10.994021500002418,55.884629294755875,85.03779385171791,87.65623869801085
11.02731670000503,56.83275830760849,84.4977301616125,88.21154893771563
11.060059200004616,56.67067696175256,84.13359669599569,87.71898006823487
11.107017000002088,57.184423218221895,84.96803820720058,89.0764144011756
11.140167500001553,57.131344369656176,85.00782244860834,88.62706931053302
11.170747100004519,57.969012030623404,85.34742982136346,88.80040102078016
11.201342800006387,58.87653867352563,85.9356972257946,88.72331434870476
11.233938600002148,58.052486187845304,86.2633517495396,89.15837937384899
11.26831900000252,56.813988095238095,85.16815476190476,89.03478422619047
11.300172800001747,56.56343967730106,84.53758709204254,88.87770443711038
11.33156980000058,56.33783044667275,84.14530537830447,88.1372835004558
11.363954899999953,56.69285845419497,84.6423719478612,88.18780980356159
11.395262900005036,56.45108098204471,85.08208134847929,88.11597654818615
11.44304920000286,56.847423062662216,85.74026696329254,88.9636633296255
11.474981300001673,56.36344853493614,85.12734785875283,89.14087152516905
11.509561300001224,55.82380245079836,84.97493501670999,87.89955440029706
11.539964900002815,56.23165223936771,84.87297704177644,88.81369966127211
11.569572200001858,55.95798794272796,84.41183119819141,89.01507159005276
11.60258320000139,55.93209529169011,84.70793472144062,88.5781279309698
11.634138600005826,55.72226400902595,84.62053403535164,88.43569010906356
11.666378200003237,55.91143286949981,85.20421210981571,88.36536291839037
11.699325700006739,56.800223630264625,84.80488259411106,88.32072307118897
11.730647200005478,56.43415367274094,84.71050159684388,88.80950591771558
11.77966080000624,55.42833146696528,84.55431131019037,88.07110862262039
11.812005300002056,55.5148114075437,83.93192272309108,86.68279668813247
11.84237270000449,55.28762227238525,84.25714823175319,88.24341610233257
11.874873100001423,55.04391702485517,83.98691833302186,87.84245935339189
11.912244800005283,55.33647324792766,83.72324792765637,88.2639412207988
11.940813300003356,55.50943752359381,84.39580973952435,88.59211023027558
11.972082600004796,55.697696197789845,84.54073796591122,88.31803708559654
12.003129000004265,55.621240601503764,84.29774436090226,87.90150375939851
12.036253600002965,54.872332389046264,84.11576959395656,88.23097261567516
12.08372380000219,55.488868101029,84.55191768007484,87.90102899906454
12.115612900000997,55.490854796565884,84.7491601343785,88.04329973870847
12.147942800002056,56.025208526413344,84.71899907321594,87.32381835032437
12.17810570000438,56.50312385152518,85.11760382212422,87.40205806688718
12.196905500000867,56.12721238938053,85.08904867256636,87.35932890855457
12.24397090000275,55.841130239520965,84.37200598802396,88.60928143712576
12.27698500000406,56.3089762611276,84.38241839762611,88.19992581602374
12.310037800001737,56.226227699098764,84.8855986757403,88.17840720985838
12.34013020000566,56.23143611006408,84.36241990199774,88.56087448171881
12.36992260000261,55.70005638037963,85.00864499154294,89.2351061830483
12.419043600006262,55.66622987645077,83.95320104829652,88.53987270685137
12.451526300006662,55.795674445076834,84.91462720546386,89.57446404856763
12.482597300004272,55.918862951807235,84.67206325301206,89.24341114457832
12.500546500006749,55.79287598944591,84.86618921975122,89.46928006030909
12.518125900001905,56.2014108037869,83.87766846111008,88.8243920549471
12.546066100003372,55.82434222979368,84.99186068521674,88.78837781563506
12.579806300003838,55.86533058625211,83.3796591121933,88.51470312792658
12.6430177000002,55.74868322046652,84.20993227990971,88.75564334085779
12.67486540000391,56.27185199169341,84.26335661695299,88.9203322635454
12.723860300000524,55.96618541033435,84.45839665653496,89.64798632218844
12.759544400003506,56.388048552754434,83.2797385620915,88.70999066293183
12.791918599999917,56.816964285714285,83.75167410714285,88.64583333333333
12.819937400003255,57.11759136527173,83.83317553493656,88.75591743987881
12.835183100003633,56.62329803328291,84.29652042360061,88.2785552193646
12.850956800000858,56.49706717123936,84.87379375591296,88.8631977294229
12.884089500003029,56.46901488039179,84.770201544547,89.19871915614993
12.914004500002193,55.78437967115097,84.76307922272048,88.94039611360239
12.946896700006619,56.5024208566108,84.44096834264431,88.68119180633147
12.979903800005559,56.922718808193665,83.87113594040969,89.11396648044692
13.058961600007024,56.0155663915979,83.75206301575395,88.90116279069768
13.09274080000614,56.093563988095234,84.58072916666666,88.49367559523809
13.125168500002474,56.10285714285714,84.64147465437787,88.26562211981567
13.143013700006122,56.46309347181009,84.69139465875371,88.58512611275965
13.157361900004616,55.587724268177524,85.29310670443815,88.57979225684608
13.187943800003268,56.02865649423149,84.19147748418311,88.34704131001116
13.219593600006192,55.21511410400299,83.94332210998877,88.46165357276467
13.250151800006279,55.411600669269376,84.33872467001301,87.34746235359732
13.281468200002564,55.60796607044072,83.95390005531993,87.7423935091278
13.317266100006236,55.64609129550915,84.0012936610608,87.82591018296064
13.361783300002571,55.564534023668635,84.12851331360946,87.68398668639053
13.39395830000285,55.8559008509064,84.062893081761,87.9826119126896
13.459158400000888,55.62156255691131,83.92332908395555,87.13622291021672
13.478393000004871,55.79518950437318,83.65324344023324,87.28006559766764
13.494954000001599,55.37634209552018,84.54442798963348,87.84431691965939
13.524956900000689,55.226273360205205,84.24038109197508,87.24257969952363
13.559128000000783,56.06901615271659,84.17162261380322,87.63784875183553
13.58796500000608,56.015134736064965,84.85898855666296,88.2750092284976
13.618880300004093,56.42119918321886,85.00556896231669,88.02041952849453
13.652462100006233,56.2626617375231,84.71072088724584,87.84584103512015
13.69925240000157,55.298706032440315,83.61326772371059,87.18443593949335
13.7312188000069,55.7125348189415,84.33240482822654,88.09043639740018
13.762631200006581,55.424949476391696,83.78504501194195,87.15193826933677
13.794924400004675,56.363921713441655,84.85395125553914,88.12352289512556
13.826765200006776,56.077726856095325,84.40018331805683,87.60989917506875
13.859590400003071,55.45921173235564,83.948670944088,87.43721356553621
13.894004000001587,55.75625680087051,83.89735219441421,87.86706565107
13.92698680000467,56.26090103130089,83.96562330378144,87.49773837524877
13.955275400003302,56.07090909090909,83.654,87.65090909090908
13.98743370000011,55.64541977781825,83.86068111455108,87.95519941722819
14.036666200001491,56.19708160691767,83.70689965771933,88.25671050261214
14.068083400001342,55.51031210074831,84.20879722577112,87.5787552473079
14.098499800005811,54.972509225092246,83.88966789667896,87.88210332103321
14.13221060000069,55.56597862145227,83.53685956505713,87.72447475119793
14.164015500005917,54.6777592900721,84.04437049362174,87.9615455721945
14.196151700001792,54.966544789762345,83.19396709323584,87.24405850091408
14.229959300006158,54.85221044939715,83.43240774570698,87.3591523565948
14.260911700002907,54.592266813267365,83.40919919369617,87.50137438152832
14.295195300001069,54.631694388594404,83.2683238895997,86.98135624200329
14.339562100001785,54.43899325186941,83.34324275031916,87.77676454495715
14.375431600004958,54.694251190040276,83.38154522153057,87.25814719882827
14.402950700001384,54.755584035151955,83.38136213841084,87.42859758330282
14.43484530000569,55.235838779956424,83.64869281045752,87.26270878721859
14.468504100004793,54.9011532125206,82.97327475745928,86.88705839282446
14.49998850000702,54.196092751506306,83.19682307832755,87.15209056052583
14.53252970000176,55.721742260619145,83.28707703383729,87.32955363570915
14.563715900003444,55.46408334856516,83.73789069639919,87.52970206543593
14.596975600004953,54.84370451237264,83.7434497816594,87.64392285298399
14.629254100000253,55.06344852806728,84.01609069299688,87.51380508319619
14.677265400001488,55.66319634703196,84.13589041095891,87.64018264840183
14.708538300001237,55.737300435413644,83.93976777939042,87.47060957910014
14.740410600003088,55.27689497716895,84.08712328767123,87.55598173515982
14.76999970000179,54.752694063926945,84.07561643835616,87.89936073059361
14.802649400000519,55.63141552511416,83.60310502283106,87.43342465753425
14.835011600000144,55.307075127644055,84.16648431801605,87.4972647702407
14.86777340000117,55.52956157904312,84.07858832090231,87.56321629979989
14.898345700006757,55.39526842584168,84.34631483166515,87.43202911737944
14.930854200007161,55.426484018264844,83.75707762557077,87.75689497716895
14.978489700006321,55.301516833148355,83.35164631890493,87.76470588235294
15.010144200001378,54.90418828762046,83.34544106745737,87.71590066716085
15.042029000003822,55.19721152082187,83.25206384149698,87.08181984956889
15.07469420000416,55.64256954612006,83.13085651537335,87.25530746705711
15.109041200004867,55.057101024890194,83.24780380673499,87.37866032210835
15.13995490000525,55.291552134872646,84.10317024005865,88.06890232728605
15.171059200001764,54.77739225712199,83.06391526661797,87.49433893352813
15.203148400003556,54.798392987582176,83.19941563184807,87.19302410518627
15.235043500004394,54.73511520737327,83.58543778801844,87.78193548387097
15.266567600003327,54.98199368850938,83.88602190458512,87.93688509374421
15.315083600005892,54.35367210682493,84.12759643916914,87.7826409495549
15.346300100005465,55.272608614581394,84.12250606004102,88.7618870035428
15.378972500002419,55.12358717806188,84.42060403928107,88.41430424309802
15.400144100000034,54.82433190057933,83.89329097364978,88.71650158848813
15.443861300002027,55.489235337787676,83.65033407572383,87.99591685226429
15.475048400003288,55.564566783668944,84.41899131719934,88.43968224644375
15.509340700002213,55.733064811424384,83.99835225192237,87.7442328817283
15.540252300001157,55.51783723522854,84.06503158677071,88.58658491267187
15.571425600006478,55.43288590604026,84.54399701715137,88.02870991797165
15.602983400000085,55.6392533727592,83.30271668822769,87.888929957494
15.651581900005112,55.11622364802933,83.56186984417965,87.95453712190651
15.68414410000696,55.248208708432855,83.44093330883705,88.3106742605181
15.71479890000046,54.70787746170679,83.56236323851203,87.52315827862874
15.735078300000168,55.25488763018455,84.27169742371643,87.99725927279371
15.750618600002781,55.02492211838006,83.98772219168042,87.62195345427891
15.78188780000346,55.53840540047436,83.73052362707534,87.66666666666666
15.844134500002838,54.48865522966242,83.71499723298284,87.7264342372256
15.874707100003434,54.4056886227545,83.42776946107784,88.09505988023953
15.909296900004847,55.28507462686567,83.97574626865672,88.35932835820896
15.957996200006164,55.24976666044428,84.43886503640097,88.58577562068322
15.986879400006728,55.63340807174888,84.39256352765322,88.29428251121077
16.018366300006164,56.07407407407407,84.12351851851851,87.57407407407408
16.050748400004522,55.75374099390356,84.26731941622022,87.87991871420654
16.071083200004068,55.343490304709135,84.24487534626039,87.58725761772853
16.101434500000323,55.66393889798145,83.84906346608474,87.7995999272595
16.116562100003648,55.78466886205634,84.30589096231247,87.70380534211489
16.147560400000657,57.30423759507425,84.76801883375589,88.43661716769286
16.18011910000496,57.63661402864487,84.64304076386338,89.2040029379361
16.24409690000175,56.96875581179096,84.01655198065836,89.23265761577088
16.291231800001697,57.582863585118375,84.38444193912063,90.5011273957159
16.324781000002986,57.74538258575198,84.32679984922729,90.2474557105164
16.35976500000106,57.28804653781197,85.67892662788516,89.7712516419591
16.38786660000187,58.07334826427772,84.97685703620753,90.1799178798059
16.421805000005406,56.66448475780812,84.37198429025622,89.65438563680569
16.450812400005816,57.11683021662655,84.62099611183115,89.35363821514535
16.478480600002513,56.42925132710965,83.61431447922388,88.73897126121179
16.512148100002378,56.85114848978115,83.89726894555977,88.89274733224815
16.539753100005328,56.42867553288395,83.90490071051194,89.15594826015668
16.569366900002933,56.34737606682404,83.79226439077537,88.61104049391683
16.59762800000317,55.880246020260486,84.28871201157742,88.68777134587553
16.662687700001698,56.05689593086065,84.10857039971192,88.08516384587685
16.691695600005914,55.67915309446254,83.86536373507057,88.14404632645675
16.717992000005324,55.66636012506897,84.61412543682177,88.47029611918337
16.732550300002913,56.658169814780855,83.86704566293783,89.00073354116999
16.753989000004367,56.46160844250364,83.76164483260554,88.5995269286754
16.786660200006736,56.268607825295724,84.4638762511374,88.97816196542311
16.82015080000565,56.578448892065765,83.8709792709078,87.99410293066477
16.852154200001678,57.41176470588235,84.73684210526315,89.19905299581131
16.88397370000166,57.44309838472834,85.44089574155653,89.68080029368575
16.929467100002512,57.057411085033394,83.92381296262863,89.4883552987904
16.961590600003547,57.442518248175176,84.34945255474452,89.40364963503649
16.996309500005736,57.40095817210245,83.97143910079234,89.64031693384928
17.02711110000382,55.83540145985401,84.03284671532846,88.91788321167883
17.062314000002516,56.64567499095186,84.14259862468332,89.04505971769815
17.09335490000376,57.451258992805755,83.57194244604317,89.13776978417266
17.124877000002016,56.974591651542646,83.49818511796732,89.06043557168783
17.155377700000827,57.776776054814285,83.56256761630004,89.26974395961054
17.186774000001606,56.91911094917107,84.61796319912553,89.29805064674804
17.219044100005704,57.79798350137489,84.28175985334556,90.11860678276811
17.26788540000416,56.83180884823596,84.63561694978533,89.96434571588576
17.298416500001622,55.84729981378026,84.5510242085661,89.28677839851024
17.331991700004437,57.61807580174927,84.46282798833819,89.05630466472303
17.36322270000528,57.780927351229586,84.94649896752394,91.29716538389337
17.394944300001953,57.57874162323157,83.97263588979895,89.63924050632912
17.42812170000252,56.950302343159485,83.99055177626606,89.76889644746788
17.459390500000154,57.51103346818684,83.70540639941154,89.33707245310777
17.49104520000401,58.26915957052944,84.50777489818586,89.3952239911144
17.525114700001723,57.17999256229081,84.26087764968389,89.71457791000371
17.574134300004516,58.01314307172362,84.21573413443485,89.7067217423958
17.603796300005342,58.19302848575712,84.88043478260869,90.1671664167916
17.63512680000713,58.066115702479344,85.1286626596544,90.164162283997
17.66805320000276,58.01369349090227,84.58769461639467,89.83605327330707
17.700075100001413,58.43368700265252,84.66483516483517,90.42269799166351
17.732315799999924,58.42740286298568,84.18739542665922,89.647146309723
17.76380110000173,58.11896326682827,85.09677419354838,90.30356143949282
17.794738200005668,58.429839156960625,84.73377703826955,89.28729894620078
17.827869500004454,57.92742835876442,85.02847041310012,89.62020841086715
17.860727900006168,57.9116495806151,85.00372786579683,89.48313140726934
17.908570200001122,57.91845894894334,84.48270057976436,89.99027492051619
17.938355199999933,57.97197288880747,83.84026378457592,89.17365817915369
17.969954800006235,56.72759064973311,83.68746548868029,88.76256212037548
18.002873100005672,56.47297546578122,84.23630326508024,88.53772366722006
18.03386270000192,57.540722711102795,84.5424077888036,90.16607376895713
18.06765510000696,57.94292664670659,84.15494011976048,90.3435628742515
18.09931620000134,57.62636534839925,84.3045197740113,90.12278719397364
18.13047490000463,57.78425873995139,84.50495419704617,89.94260609459712
18.163693800001056,58.242691154422786,84.39861319340329,90.10119940029985
18.21280470000056,58.15481093223512,84.46929988768252,89.87008611007114
18.242546300003596,57.480948823309674,85.07751214045574,88.90082181546508
18.275731200003065,57.285209302325576,84.83553488372092,88.92520930232557
18.308846600004472,57.21046707934721,84.15813168261114,88.9786156443444
18.337785500007158,56.93010146561443,84.37617437053738,89.74483276963547
18.375852300006954,58.168568755846586,84.56969130028064,90.30439663236669
18.403777500003343,58.57415373106415,85.15073873199925,89.24499719468862
18.435263100000157,58.36618141097424,85.19951474430758,89.40313549832027
18.465022000003955,58.28082573925981,84.64887483726986,89.56202343314116
18.49943440000061,58.024610182228066,84.29081345106144,89.8487694908886
18.546745600004215,57.997747747747745,85.30499249249249,90.0183933933934
18.58037200000399,57.94765787976484,85.41646121752323,90.13692395220937
18.60998250000557,56.67215568862276,84.98521706586827,88.89539670658684
18.644055100005062,56.658839000563596,84.64568852151042,88.5763667105016
18.677725000001374,57.398893552079365,85.38725677222435,89.9963754292255
18.711271000000124,57.77869467366842,84.48687171792949,89.18304576144037
18.73969560000114,57.49579674948627,85.14814122921726,88.85540818232766
18.770329100007075,57.614150943396226,85.67999999999999,89.62754716981132
18.802263600002334,58.12471783295711,85.65744920993228,89.19638826185101
18.83499020000454,57.95069627399323,85.26665412118932,89.59202107640196
18.88289810000424,58.080599812558575,84.54714151827554,89.69334582942831
18.91702410000289,58.470733093388894,85.60447054366357,89.81473763970449
18.94787080000242,57.99316888045541,85.55483870967741,89.98387096774194
18.9650191000037,58.0134520651762,85.52709359605912,90.00132625994695
18.980114300000423,57.92861233059744,84.56232105363618,90.08780301584271
19.04514680000284,58.32157085941947,84.51982546006451,90.25725668753557
19.07592800000566,58.12884250474383,84.5370018975332,89.67210626185958
19.111003900005016,57.24619771863117,85.00285171102661,89.90988593155893
19.141427000002295,57.26350057449253,85.14094216775182,89.65262351589429
19.18847310000274,56.7577358490566,85.00566037735848,89.6288679245283
19.21930560000328,56.883012521024106,83.94561764156232,88.97720052326667
19.25092190000578,57.0377358490566,84.3617305126739,89.5700400228702
19.283770000001823,57.10816522574448,84.76887608069164,89.52987512007685
19.303949800007103,57.39056531703591,84.83250572956455,89.20320855614973
19.33298510000168,57.653918613413715,84.36944235116805,88.58590806330068
19.36406170000555,57.56926528323051,84.8891381566648,88.88876425500094
19.392754200001946,57.04832089552239,85.05279850746268,88.74981343283582
19.444824200007133,58.722066254912974,85.20175931124837,89.46584315927382
19.474108200003684,58.37748592870544,85.07410881801125,89.6125703564728
19.523755700000038,58.37991429103782,85.54127072852617,89.11179429849078
19.55934410000191,57.40480147737765,84.53222530009234,89.17636195752539
19.59237209999992,58.03491179201485,84.50956360259981,88.9870009285051
19.619075300004624,58.498601007274765,84.22607722439844,89.3665360940123
19.636745700001484,57.650278293135436,84.49294990723561,88.99369202226345
19.66474300000118,58.47123645872245,84.26540903997012,89.21740754576018
19.681161900000006,58.64768683274021,84.70575014047574,88.91159393144784
19.716715900001873,58.66322895180949,84.55353459591224,89.03768985561598
19.74833590000344,58.29481397970687,84.44795189778279,89.3248778654641
19.779775400005747,58.233685401735194,84.84628442097322,89.67163334590721
19.85883830000239,57.96039603960396,84.36203997758265,88.96375864001494
19.891884500000742,57.791135628685566,84.94521590260605,89.8424957199924
19.924722900002962,57.71559805024372,84.41957255343083,88.89651293588302
19.939439200003108,57.67195372270946,84.294084717298,88.67531255831312
19.959164300002158,58.45237651444548,84.24026095060579,88.99739049394222
19.985025900001347,58.018263980418,84.76915835059312,89.85614761815101
20.020054300002812,58.625633327078255,84.81215987990242,90.03509101144681
20.05231520000234,57.34176977877765,84.99831271091114,88.56899137607799
20.081450100005895,57.981174698795186,85.16735692771084,89.1042921686747
20.117416900000535,57.84685367702805,85.26990144048521,89.08510235026534
20.162691300000006,58.89415094339623,85.4366037735849,89.21698113207546
20.19485330000316,58.24720591021026,85.5817389657132,90.00378859632505
20.258062100001553,58.34307663481356,84.5178939479108,89.63781150459059
20.28021450000233,58.431005741804036,84.0548249675866,89.11854047045749
20.30915360000654,57.88644549763033,85.22635071090048,89.61402843601896
20.339295500001754,57.994155354449475,85.51338612368025,89.50999245852188
20.36777400000574,57.577389984825494,84.31487101669197,89.31316388467376
20.38739400000486,57.510456273764255,83.74904942965779,89.6509505703422
20.420255200006068,56.99586543882729,84.59706822025935,89.32080436008269
20.450851900001,56.43095283197575,83.8340594809623,89.40234892972153
20.49909980000666,56.99713357538697,85.44238486527804,90.04433403401491
20.530850400005875,57.726174995355755,84.40442132639792,88.93312279398106
20.562750700002653,58.1784107946027,83.99981259370314,89.14449025487257
20.594858100004785,57.154621848739495,84.75070028011204,88.7518207282913
20.626987300005567,56.939797449362345,84.58645911477869,88.63259564891223
20.659887500005425,56.66287313432836,83.9660447761194,88.55074626865672
20.692102900000464,57.37767044399034,84.24075794166822,89.08712613784135
20.724775300004694,57.560622914349274,84.13348164627364,89.2563959955506
20.753684800001793,56.83134328358209,84.94626865671641,88.97014925373135
20.803824200003874,58.109945682712116,84.91946057314104,89.88855590934632
20.83563800000411,58.46789335336087,84.75704093128051,90.23657529102516
20.864980000005744,57.72222222222222,84.75103578154426,89.88606403013182
20.898909900002764,57.84573468620819,84.67455843667794,89.6118000751597
20.930600600004254,58.20681173131504,85.4961210974456,90.05108798486282
20.96271670000715,57.972691067703394,85.03015361274417,90.428408875403
20.995164900006785,57.72850678733032,85.04034690799396,89.81184012066366
21.02784480000264,58.179135338345866,85.02387218045114,89.49097744360903
21.059032000004663,57.75131677953348,84.80097817908201,89.92400300978179
21.09393760000239,57.599511370043224,84.81018605525277,89.9678631836121
21.139057300002605,57.278127984718246,84.84909264565425,89.88748806112703
21.170446500000253,57.75127768313458,85.06965739163354,89.44728374029907
21.203344200002903,58.65447154471545,86.07684862562911,90.62930700735579
21.237895400001435,58.973468219125785,85.34453139912196,90.77667493796525
21.26617100000294,58.846477794793266,84.91271056661563,91.5269908116386
21.29887880000024,58.967030823254,85.25985173624659,91.29399141630901
21.331101600000693,58.75043260911363,84.80042299557778,90.14862526437223
21.36373530000128,58.70424428653735,84.84924140579989,90.23583637411177
21.394882900000084,59.242740998838556,85.81223383662407,90.84533488192025
21.442306200005987,58.59016079632466,85.7718223583461,90.01301684532925
21.477714400003606,58.00443587270974,86.40443587270974,89.37859209257473
21.509457800006203,58.71693019668338,86.34631700732741,90.74874662553027
21.53941450000275,58.72622699386503,86.13151840490798,90.21664110429448
21.570604400003504,58.11931818181818,85.28068181818182,90.01912878787878
21.60381680000137,58.03280242700038,85.20231323473644,89.86234357224117
21.635851900005946,58.17077299228889,85.39702839947338,89.74741395523792
21.665719500000705,57.75448197773164,84.89054538592187,89.6584261181355
21.697627100002137,57.15035620547432,85.14360704911887,89.45725534308212
21.730469600006472,56.31583933308071,84.98749526335733,89.39200454717697
21.780557200007024,56.723053608638,84.01477552566773,89.3673044137147
21.811996200005524,56.69599254426841,83.57726001863934,89.00857409133272
21.842921100003878,56.04615681730398,84.23503283120895,89.3051371185786
21.8762155000004,55.97906357061287,83.76988960791778,89.35610963075752
21.90894140000455,54.81790988969901,84.6932136848009,87.71396522714525
21.940495000002556,55.026787398604036,83.48764384078476,88.47104319939633
21.97078400000464,56.16884841586037,83.96528173022197,89.5221020679188
22.00170070000604,56.841003394945304,83.72991324028668,89.281026027914
22.03700320000644,57.20184899845917,84.43817411402158,90.10150231124808
22.067769200002658,57.26055116592792,84.78936211216033,90.0913470803623
22.11671380000189,57.483815689261235,84.62300076161462,89.43392993145468
22.148228100006236,56.57994023160254,84.68845722824057,88.43107956667912
22.179607200007013,56.44703904352699,84.56940033626003,88.95572576125537
22.203716500000155,56.516501957859404,84.38187581577475,88.7190005593884
22.243092400000023,56.37820512820513,84.77922322775264,89.26621417797888
22.275120199999947,56.529732781332335,84.69326307866015,88.55400828001505
22.308293000001868,56.055913570887036,85.513646702047,88.65011372251706
22.33949730000313,55.95266048096951,85.23328914978224,89.05623934860822
22.370255100002396,55.83216518279977,85.39003599166509,88.79371093010039
22.41970399999991,56.970604968708514,85.23345344206334,88.97117390479802
22.45522680000431,55.959750566893426,85.13340891912321,89.11318972033258
22.48227290000068,56.99923910975842,84.71561727220849,89.84972417728743
22.516051100006734,56.9108873266198,84.68782063461904,89.20425612768383
22.54186020000634,56.5565233857224,85.41317932209809,88.91611437227797
22.55900620000466,56.876771876771876,85.24173124173124,88.36590436590436
22.58614160000434,55.563714063714066,84.52486402486403,89.38422688422689
22.641938100001425,55.055288923017855,83.6302553273181,88.80495296602035
22.67499480000697,55.166792881484284,84.89397955319954,88.5077622112836
22.708364900005108,54.405186994925764,84.16914113888367,88.06483743657208
22.753969500001404,54.99305033809166,83.69552967693464,88.0050713749061
22.786088100001507,55.38705416116248,83.35723721456878,88.11530477448575
22.82009420000395,54.5516462841016,83.59680150517404,87.84270931326435
22.844876700000896,55.036051340128346,83.19365798414496,88.45318988297471
22.864022400004615,55.00635751682872,84.18025430067314,88.06077038145101
22.89247740000428,55.174476754954625,83.56436377106871,87.62381922578255
22.92538140000397,54.06988041853513,83.22272047832587,87.62219730941705
22.95844410000427,53.17000561692567,83.57311364912938,86.96517506085003
22.983886200003326,54.69113263785395,84.12686289120715,88.53930700447094
23.058187100003124,54.79907063197026,83.3546468401487,87.96951672862454
23.09345750000648,53.809496996997,82.63119369369369,87.11148648648648
23.12525600000663,54.53156708004509,83.3934611048478,87.42803457346862
23.156182100006845,53.658458646616545,83.62556390977444,87.14755639097744
23.182229000005464,54.001685708934254,83.71586439408128,87.01198726353249
23.198431300006632,53.54663897280967,83.48413897280967,87.3357250755287
23.220292300000438,53.74449256260591,83.14083976652232,87.28337412916588
23.252197700006946,54.182747722625024,83.02974530581892,87.77244841048521
23.28256500000134,54.1397099320727,82.96052873141178,87.15715072516981
23.314032100002805,53.99645058845507,83.52606015318513,88.18587707827386
23.34704070000589,54.38172343197469,83.30094919039642,87.87437185929649
23.39573100000416,54.75806451612903,83.81071560993696,87.89710789766407
23.45948430000135,54.83033707865169,83.00842696629213,87.9438202247191
23.492237700003898,54.35616949785328,82.72223259286915,88.15176404704125
23.519163400000252,53.95862972669413,83.23530512916511,87.65724447772371
23.546903700000257,54.2178107606679,83.82133580705009,87.7
23.579543100000592,54.974921630094045,83.28545085745897,87.39627512446985
23.610788400001184,54.77134427438687,83.45823345011986,87.27088327494008
23.640337600001658,54.280626515010255,83.23512959164647,87.87749393995898
23.667328700001235,53.717894736842105,83.7245933014354,87.70928229665073
23.683870400003798,54.802595893064705,84.98082138705928,88.77295621851995
23.732312700005423,53.86851744746482,84.74648158858685,87.8796992481203
23.76291240000137,54.7344262295082,84.86538090646094,88.06943105110896
23.794800500007113,55.631106870229004,84.96774809160306,88.7118320610687
23.826364700005797,54.88369009282061,84.29759424133358,88.48948664519794
23.859978500004217,55.170838906936744,84.50678387158418,88.79667494744888
23.891033900006732,55.06143987938184,84.4971730116849,88.31813041839428
23.924751400001696,55.02887882219705,84.26896942242355,88.33484333710834
23.952936300003785,54.72734096453369,84.47025708388065,88.0482266841809
23.986198600003263,55.26445032111825,83.95938798639969,88.77937287495277
24.037618400005158,56.31247651258925,84.141300263059,88.68789928598271
24.068207000003895,55.37934947049924,84.70158850226929,88.70083207261725
24.09855530000641,55.60507383566831,84.89814464218098,88.44774706550548
24.13389320000715,55.32928218761869,84.29491074819597,88.10197493353589
24.161766400000488,54.76414736042537,84.24667679453096,88.61716672996582
24.19315540000389,54.76148713060057,84.27283126787417,89.12735938989513
24.226187900007062,54.95537253399732,84.07872055161846,88.48936985251868
24.259307700005593,53.914608462569404,84.12713000191461,88.12023741144937
24.290709900000365,54.94109823294699,84.15447463423904,88.32756982709482
24.324963100007153,54.74605920799693,83.81776239907728,88.26662821991542
24.370813000001363,54.43407864302236,83.3396299151889,88.11892829606785
24.404046300005575,54.43044063883009,83.62459111025592,88.15393496247835
24.434898900006374,54.957655954631385,83.08185255198488,88.13308128544423
24.46815290000086,54.85424179161131,82.9413550958436,87.96887454925033
24.49941260000196,54.40393430099312,82.94881588999236,88.77100840336135
24.52973220000422,54.471615720524014,83.29599392443515,88.22726409720903
24.562027800006035,54.864429275692075,83.70193401592718,88.12305650360257
24.595685800006322,55.176681107553215,83.52495761913733,87.54624223017518
24.62788189999992,54.87637466818354,83.28706863860447,87.80204778156997
24.6741428000023,54.92071563088512,83.77815442561206,87.87005649717514
24.7104152000029,54.748795850314934,82.49518340125972,88.02797332345312
24.73960960000113,54.78499814333457,83.60044559970294,87.30245079836614
24.777319100001478,53.95116495806151,83.44771668219944,87.4488350419385
24.803853400000662,54.416745595756765,84.01837469217654,88.48304603144534
24.835190800004057,54.91497898356897,84.00687810470004,88.74054260603745
24.8647437000036,54.504470230169304,84.11736731976413,88.13334601483736
24.90026780000335,55.11507262780607,84.35634785889454,88.2244859460479
24.931322100004763,54.77805108798486,84.08287606433302,87.95402081362346
24.964947800006485,54.540101906020006,84.1471975844499,88.33723344027175
25.010939300002065,55.17891554883809,84.03476289438882,87.58227848101266
25.043908500003454,55.5938202247191,82.83146067415731,87.82265917602997
25.07663030000549,55.56123595505618,83.16104868913858,88.41928838951311
25.108953400005703,55.06245297215952,83.01975169300225,88.29928517682468
25.139759200006665,56.028197945845,83.80616246498599,88.16956115779645
25.178315200006182,54.98562511821449,83.87289578210707,88.16947229052393
25.205934100005834,55.71881526485665,83.11429656350863,88.59141826466679
25.237081700004637,56.12632953909312,82.98171300615788,88.5989923493189
25.265973500005202,55.586920067076576,83.89305012111049,88.69536053661263
25.299666000006255,55.077268475210474,84.20037418147801,88.61646398503274
25.346842200000538,54.620431115276475,83.62867853795689,88.44086223055295
25.3789276000025,55.06625296586968,83.32505931739368,87.60485490052929
25.411105700004555,55.57733089579525,83.37934186471664,87.53162705667276
25.44478700000036,55.217447916666664,83.42726934523809,88.24609375
25.47687710000173,54.500094464386926,83.96221424522955,88.52389948989232
25.512586900003953,54.56546382013981,83.87247307764973,88.77479690156811
25.54227610000089,54.458920849783794,83.20078962210943,88.21902613273173
25.580109600006836,54.83133657806066,83.29371022089106,88.17952077873456
25.604079900003853,55.13107981220657,83.34234741784037,88.56976525821597
25.65311090000614,54.78995348837209,82.48111627906977,88.21358139534883
25.682509400001436,54.83428047662695,82.79706691109075,87.01503208065995
25.714542500005336,55.08031757754801,83.36964549483014,87.65620384047268
25.746722600000794,55.3385870572965,83.98238457259411,87.93658446133878
25.768631600003573,55.17194151397372,83.32463446233574,87.53877475476587
25.785517200005415,55.24569610778443,83.3559131736527,88.05464071856288
25.844064900004014,55.07938902508014,84.45709975485573,88.22685272487271
25.877135600007023,54.781896070031664,83.99310858632893,88.26764760663066
25.91134360000433,55.07835820895522,83.80541044776119,88.39085820895522
25.938861000002362,54.85464259395726,83.42372881355932,87.70007369196757
25.987320200001705,54.84394904458599,83.68920944173848,88.32146871487448
26.020079700007045,54.701833146277586,83.56341189674522,87.89487467265245
26.051388400002907,54.71123595505618,83.46423220973783,87.80299625468164
26.07468230000086,55.62086371284352,84.48812862217237,88.44363432417273
26.11002730000473,55.591696145969095,84.14317631725936,87.96015639545709
26.13662760000443,55.62845407020165,84.14581777445856,87.91131441374161
26.165020400003414,55.504702784048156,85.05718585402558,88.16666666666666
26.195993500004988,55.43105731038396,84.69018346888595,88.79610365046341
26.24203850000049,54.82202280800149,84.27014395214059,87.91998504393344
26.29004370000621,55.37314274967087,84.0951664472447,88.396652247508
26.3251522999999,54.77440266716059,84.07186516021486,87.98684941655863
26.356873300006555,54.79985174203113,83.82042253521126,87.57950333580429
26.38663980000274,54.967191844300274,83.76793327154773,87.94105653382762
26.409437700000126,54.79667040778151,83.89580995136551,87.97661803217358
26.439610500005074,55.47011580127008,83.88363840119537,87.9734777736272
26.469207600006484,58.33576369414844,84.73770798280052,88.78201532996822
26.500722400000086,59.17004504504504,84.72616366366367,88.42492492492492
26.529353300000366,58.80358504958048,85.08524027459954,89.37395118230359
26.547984100005124,59.59087437953418,85.00687285223368,89.01947308132875
26.579155600004015,58.61804511278196,84.53082706766918,88.58458646616542
26.658100500004366,59.831628787878785,83.99090909090908,89.36723484848484
26.692344100003538,58.91426403641882,84.72135811836115,89.39264036418817
26.724778600000718,59.42103272177038,84.87459807073955,88.8012105163609
26.74468870000419,59.42103272177038,84.87459807073955,88.8012105163609
26.772470500000054,59.68974650018918,85.10972379871359,88.88043889519486
26.79251650000515,59.608467590858,84.44941925814912,88.34038965904833
26.821471500006737,59.115399025852376,84.64837017609591,88.66429374297489
26.85296880000533,59.569718844984806,85.17705167173253,89.08795592705167
26.8832687000031,59.61023397374929,85.16720563058779,89.48792086741489
26.91681940000126,59.657724505327245,85.16780821917808,89.4630898021309
26.962604000000283,59.640099388379205,84.7631880733945,89.59231651376147
26.994998400004988,59.50640657869574,84.87129470262,89.42092178236757
27.027749600005336,59.31586021505376,85.42300307219662,89.71121351766513
27.058791700001166,60.140625,85.22446646341464,89.29973323170732
27.092398800006777,59.80015240998286,85.16460278148219,89.29396075442942
27.125115800001367,59.73709277957707,85.24880929700896,89.48028195846828
27.155533200006175,59.6446942274719,85.12821489807583,89.11259287483331
27.18732120000641,59.445217064461566,84.82183800037586,88.77786130426611
27.21940110000287,59.619536297985555,85.24268339034587,89.01691372101862
27.268102600006387,59.68405963302752,85.36601681957187,89.44457186544342
27.300357100000838,59.84761542846286,84.86167585027552,89.64183925517766
27.33189740000671,58.77956064947469,85.10601719197707,89.39331423113659
27.361311300002853,59.483333333333334,85.00170454545454,88.91666666666667
27.394298700004583,59.838477561067975,84.79871236508237,88.71672031812156
27.426333300005354,59.4417723915925,84.82787350880515,88.53815565233857
27.45987260000402,59.87979094076655,85.91637630662021,89.61362756484708
27.490598900003533,59.96553059643687,85.71843532145624,89.55596436870644
27.524890800006688,59.29589674436525,85.61702947408978,89.19938354844925
27.55405950000568,59.39636363636364,85.29071770334929,89.29224880382776
27.602803500005393,59.45700152207001,84.6982496194825,89.02587519025874
27.633824500000628,58.88057386583947,85.20686312524234,89.71074059713067
27.666149500000756,58.54446177847114,85.55655226209049,89.36056942277692
27.699963700004446,59.09982588508415,85.43393306248791,88.78816018572257
27.73197550000623,59.07735231864537,85.20203963825284,88.86761593226862
27.762418199999956,58.929992348890586,84.83664881407803,88.96193573068095
27.79567870000028,58.47808764940239,84.9093151204705,88.32915955226711
27.82620290000341,58.60462910263707,84.88427243407322,88.26199962056536
27.859742100001313,59.25995449374289,84.79844520288206,88.29673871824042
27.908452500007115,59.683532127741444,85.77702962677954,89.26587148903425
27.941262200001802,59.703122007278296,85.62344378471558,89.84792185405095
27.977866100001847,59.61315280464216,85.62669245647969,89.29477756286266
28.01102080000419,59.66039930219034,85.89901143632487,89.76313238999806
28.03712940000696,59.5177033492823,85.40114832535886,88.83368421052631
28.066439800000808,59.153445280833814,85.35958309206717,88.9677668403783
28.09768150000309,58.85080568720379,85.16947867298578,88.48436018957345
28.132265300002473,58.6986641221374,84.84465648854962,88.48874045801527
28.163981100005913,59.165020888720086,85.10216483099126,88.55677933915685
28.195605400003842,58.9293715587621,85.0298082399848,88.43326371748623
28.24393350000173,58.87292184215555,84.54462067647621,89.0343970953564
28.274054300003627,58.765547500953836,84.536436474628,89.03243037008775
28.31228280000505,59.09816653934301,84.63025210084034,88.75171886936593
28.340500400001474,58.71069425643009,84.98259524269967,88.30845097660027
28.379017200000817,59.24844133761572,85.32798035140752,88.37237861326281
28.408999900006165,59.08154020385051,85.36711966779917,88.60211400528502
28.43772870000248,59.63612368024133,85.15422322775264,88.64046003016591
28.464937500000815,59.74454355665211,85.25526665401404,88.85651926361739
28.49885890000587,59.606857142857145,85.10152380952381,89.03942857142857
28.53128490000381,59.675324675324674,84.24539639465011,89.6908315565032
28.578191100001277,58.737407262787976,85.48633346349082,88.91214369386958
28.611314700006915,58.95982839313573,85.25663026521062,88.80596723868955
28.642927200002305,58.946554424432264,85.48805794831637,89.53641346906812
28.674852900003316,60.0494333724111,84.51426338413444,90.06682297772568
28.709759600002144,59.89322262985132,84.1874879320332,89.44545279011392
28.739613600002485,59.696558317399614,84.38049713193116,89.34875717017208
28.77617370000371,59.35615399203489,83.9876730513939,88.32277640811682
28.80288550000114,60.13282442748091,84.36946564885496,89.79942748091602
28.836971300006553,60.03451600462785,84.89876590821443,89.70536058619359
28.881895700003952,59.916618856377895,84.01070950468541,89.68636450564162
28.915700800003833,59.76398467432951,84.22892720306514,89.51340996168582
28.946213900002476,58.90218223583461,84.2905819295559,88.7364088820827
28.980430200004776,58.92251908396946,84.57748091603054,88.45
29.00229770000442,59.2397560510768,84.65237278444825,88.63903182771107
29.042782800002897,58.77786333012512,84.89720885466795,89.00635226179018
29.07450080000126,58.62964388835419,84.78845043310875,88.9247353224254
29.108767700003227,58.65877598152424,84.69803695150115,88.88895304080062
29.138786100003927,58.69977125428898,84.5825390773923,88.50781547845978
29.1747239000033,58.98125478194338,85.21786534047436,88.77314460596786
29.21969390000595,59.48184944593046,85.21131066106229,89.37428353076041
29.251978600004804,59.62597009275033,84.75695627484383,89.15332197614991
29.282784400005767,59.05734425604877,84.91579348447324,88.83825490569633
29.30846880000172,59.47009523809524,85.00266666666667,89.34704761904761
29.323738600003708,59.02366863905325,84.77094865432333,89.0618438633327
29.34661230000347,59.00306689668392,84.89687559900325,89.16254552424765
29.378241200000048,59.75216304556816,84.87233224379926,88.84906748702173
29.442593400002806,59.24621284755513,85.07593480345157,88.80134228187919
29.47722910000448,59.33269925813202,84.65455583032148,88.26041468518167
29.524010300003283,58.285496474175716,84.81379836096816,88.51210215361158
29.55493050000223,58.90900346287034,85.20103886110043,88.87899191996922
29.587072100002842,59.61953380851474,84.92698901945676,88.72105567328069
29.61839340000006,58.92297323319853,85.35547852878875,89.0787598690545
29.64217240000289,58.92297323319853,85.35547852878875,89.0787598690545
29.657369100001233,59.18295739348371,85.35357624831309,89.21650279545017
29.684259600006044,58.34549274255156,84.91100076394194,89.14113827349121
29.71413730000495,59.11543598549895,85.42148444953253,88.55943522228581
29.74570240000321,59.31039755351682,85.22515290519878,88.98203363914374
29.778699000002234,59.289074355083464,85.51194992412746,88.81714719271623
29.858395500006736,59.232142857142854,84.87556990881458,88.32180851063829
29.889961700006097,59.0793044142939,84.77412574049302,88.77508121536404
29.925317799999902,58.6579798364086,84.8333650370934,88.26897470039947
29.94503500000428,59.14890762744347,85.24032196243772,88.69394403986202
29.96279840000352,59.46199961322761,86.08025526977373,89.0688454844324
29.992349600004673,60.33649564375605,85.17812197483059,89.74733785091966
30.018728700000793,59.23839009287926,85.79334365325077,88.88970588235294
30.04937410000275,59.30907335907336,85.58687258687259,88.94092664092663
30.081304900006216,59.16702107094529,85.84245118886525,90.0966557123526
30.112987300002715,59.451195987654316,85.81134259259258,89.50405092592592
30.14640320000035,59.48765432098765,85.65914351851852,89.70408950617283
30.19394170000305,59.82422252269654,85.60131350202819,89.50647092910953
30.260887100004766,59.32255595944136,85.14750334800077,89.3143294432753
30.2838383000053,59.06098964326812,84.92635212888376,89.22439585730724
30.31370440000319,58.94848954298993,85.59624322230829,89.9616576297444
30.344073600004776,58.535067437379574,85.22755298651252,89.5514450867052
30.378540300000168,59.011652340019104,84.84240687679083,89.28672397325693
30.41010730000562,59.2075,85.43807692307692,88.90403846153846
30.433058000002347,59.73570057581574,84.95623800383878,89.69769673704415
30.452990200006752,58.89442421919908,85.34086989844798,89.23778501628665
30.499770000002172,59.02751058099269,85.83147364370913,88.9567141208157
30.530997100002423,59.0910149427518,85.75781098389288,89.35474480884922
30.563764100006665,58.98745415942868,85.47017950202662,89.22292993630573
30.594841600002837,59.45073133179368,85.52925327174749,89.43475750577366
30.627208200006862,59.58679281714617,85.25159297161615,89.31434639891872
30.65816850000556,58.88936170212766,85.4063829787234,88.86189555125725
30.691683300006844,58.5495875695377,85.6061768655285,89.10301170151544
30.724710100002994,59.05193813251862,85.18006492266565,89.03227038380753
30.755220500002906,58.832553606237816,85.59200779727095,89.72923976608188
30.78747580000345,59.23766383962991,85.89822667694679,89.18350038550501
30.837055400006648,60.04977982002681,85.43729657285085,88.79877465058395
30.86767890000192,58.8981197237145,85.34900230237912,88.65598618572525
30.898648800000956,59.03237547892721,85.08409961685824,88.63659003831418
30.93193969999993,59.37074696910442,85.6566288619476,89.49022291748142
30.963716700003715,58.83137406051262,85.28945846984004,89.00366159182886
30.99472720000631,59.03468876469454,85.22644054731161,88.9604933513201
31.025427300002775,59.74587648638281,85.40832374376677,89.41292673571154
31.060904100006155,59.74870416586677,84.95219811864081,88.91802649260894
31.091492700004892,59.16862141895789,85.1532397615843,89.04614497212074
31.13815340000292,58.98076923076923,84.6625,88.90134615384615
31.17519720000564,58.431372549019606,84.6324490580546,88.91830065359477
31.203870500001358,58.39222073194099,84.64188541866258,88.4891741712972
31.235798000001523,58.497190466963765,84.48750242201123,88.68455725634567
31.266167800000403,58.38655299360589,84.54621197442356,89.08680488277464
31.29995140000392,57.816358325219085,84.05296981499514,88.49269717624148
31.33288960000209,57.99259403625024,84.8797505359579,88.33502241278502
31.364048500006902,58.84097448685978,85.35795127565702,88.81968156531748
31.395234100004018,58.446792162888975,84.78025355359202,88.09796388782175
31.428330800001277,58.049423715569446,85.97245555772611,88.9691345966009
31.476991800001997,59.481675392670155,85.5353887919333,89.16327322086484
31.509631400003855,57.97359671425777,85.16546059065128,88.7962057500489
31.540193700006057,58.83823239297692,86.21266521996449,90.24265141053462
31.57676230000652,59.43246904024768,85.82198142414862,89.343653250774
31.608214800005953,59.5249613003096,85.64763931888545,89.81907894736842
31.63810360000207,59.585739197829874,85.78608796744817,89.29936058903313
31.66673890000675,59.86691133861309,85.88120533127294,89.43615993818814
31.698302400000102,59.75331922262844,85.74215893784876,88.962670771599
31.73213190000388,59.356719556490155,85.28560504683617,88.93939973236475
31.763949400003185,59.31112822487486,85.58740854832499,89.04235656526761
31.810079800001404,59.6114785992218,85.60856031128405,88.80311284046694
31.843889300005685,59.251114125169536,85.24530129819802,89.81127688432474
31.87717700000212,59.61114358075199,85.64893824274303,89.16832261835184
31.908495000003313,58.78170396544955,85.62092658029054,89.67608951707892
31.940688700000464,58.78303900640404,85.49330487094896,89.92703279642926
31.976553800006513,59.01626646010845,85.6512393493416,88.90259488768397
32.004989800007024,59.23993028659954,85.35379550735864,88.83869093725795
32.03738560000056,59.3545524691358,85.0275848765432,88.62056327160494
32.06717920000665,58.82816136539953,85.18386346004655,89.16795965865012
32.112757100003364,58.99980831895725,84.65459076097373,88.91086831512364
32.146416400006274,58.88708133971292,85.14181818181818,89.14985645933015
32.17882140000438,59.22852760736196,85.46721625766871,90.00057515337423
32.21135130000039,59.33301526717557,85.1074427480916,89.38568702290077
32.245209700005944,58.96342857142857,84.92419047619047,88.73352380952382
32.27635040000314,58.744190476190475,84.97104761904762,88.60304761904762
32.311070600000676,58.66514546491728,84.81612473854345,88.69100589465678
32.34260570000333,58.510907003444316,85.07405281285878,90.08075009567547
32.377660600002855,59.013190594532595,85.2328426687058,88.76734849933091
32.403246700007,59.108050847457626,85.65466101694915,89.04699537750386
32.4526005000007,58.69942528735633,85.39425287356322,88.50459770114942
32.48414080000657,59.15508328546812,85.18475971663796,88.90005743825388
32.51454440000089,59.372387344199424,85.13978906999041,89.20690316395014
32.54403260000254,59.31135531135531,85.0900327742433,89.16117216117216
32.57718400000158,58.88886763580719,84.9057000765111,89.1097934200459
32.60130020000361,58.39385206532181,84.71488952929874,89.29490874159463
32.64314130000275,58.37936962750717,84.56981852913086,89.15988538681948
32.67816970000422,58.581765834932824,85.15930902111324,88.74760076775432
32.70968300000095,59.27394379659721,85.51844771554197,89.4171286560887
32.755168600000616,59.24414397257665,85.39459150637974,88.79223005141878
32.78917270000238,59.491081593927895,85.35426944971537,88.37039848197344
32.819799200005946,58.73860412332136,85.37979950822773,88.75354643465104
32.85236700000678,59.11520912547528,85.67984790874524,88.6722433460076
32.87844089999999,59.245111068919684,85.71217011581545,88.67913423201063
32.9098082000055,59.58274748242447,85.29146874406233,89.03382101463045
32.93755910000618,59.233282674772035,85.35106382978724,88.89684650455926
32.95332960000087,59.33775085195001,85.29496402877697,88.44547519878833
32.98183770000469,58.191954022988504,85.35134099616859,88.65919540229885
33.042365100001916,58.64836426248326,85.37784580065048,88.08226516166062
33.09270700000343,58.56097094801223,85.31995412844037,89.20948012232417
33.12537220000377,58.90170204628036,84.71696309045707,88.52935551730732
33.155420900002355,58.425972036008424,84.89427312775331,89.20589925301667
33.1781867000027,58.364179679969155,85.56737998843262,89.1837285521496
33.20933220000006,58.270202987361166,85.25813864419763,88.78743776330907
33.224079400002665,58.311695794123295,85.42558094872287,88.96159016708278
33.25672860000486,58.68221797323136,85.45047801147227,88.54359464627152
33.284789300007105,59.14535330261137,85.60695084485407,89.12941628264208
33.31435830000555,59.440398620160984,85.26446914526639,88.80988884630128
33.347820000002685,59.938085228358496,85.4733422510988,88.85763424421937
33.37886820000131,59.718529803846884,85.47114835269473,88.71224528661207
33.45770380000613,59.162203814293974,85.68984781352341,89.2648815257176
33.491900500004704,59.688378275731104,85.74135966578048,88.84789213824534
33.51390540000284,59.688378275731104,85.74135966578048,88.84789213824534
33.528841700004705,59.940099198779095,85.67188096146509,89.34280808851584
33.55578870000318,59.52742212879801,85.06822090579017,88.43454997133576
33.585344400002214,59.398869836321126,85.85346843335931,89.7118082618862
33.618067000003066,59.505148741418765,85.23760488176964,88.43630816170862
33.65168280000216,59.565575339843,85.32854681217691,88.62167336779629
33.68285720000131,59.2172234022012,85.96447190577332,88.815987642402
33.72973690000072,59.282293879127245,85.91002123962156,89.20119714230546
33.76416160000372,59.27355796687607,85.29164287074053,88.80087569008185
33.79384690000006,58.93421811886901,85.9474899019042,88.69859588382381
33.82706820000021,58.993121895299964,85.14405808177303,88.82155139472678
33.85938260000694,59.846718146718146,85.52625482625483,89.36409266409267
33.89310910000495,58.79969242599,85.5234525182622,89.3121876201461
33.92291490000207,59.10814444871303,84.76546292739147,88.76738378793699
33.9562259000013,59.50306748466258,85.19421012269939,88.91430214723927
33.98624610000115,59.657362848893165,85.76323387872955,89.32897016361886
34.018492400005925,59.259309021113246,85.710556621881,88.77811900191939
34.06487910000578,59.34209012464046,85.57909875359539,88.34189837008628
34.09977830000571,59.15105973025048,84.90173410404624,88.3393063583815
34.1291412999999,59.3957096341697,84.57977398965716,88.32139436889484
34.16334760000609,58.896341463414636,84.78391768292683,88.07774390243902
34.194294300003094,59.092369477911646,84.97341747944158,88.61790017211705
34.22679280000011,58.402144772117964,85.05993872079662,88.3864419762543
34.25978490000125,58.37281627951622,84.60318679209061,88.96966788251103
34.28946060000453,58.49052957093158,84.66061074603788,88.49516814843447
34.326143000005686,58.68984163769795,85.13538045577442,89.05967555040556
34.37519100000645,58.58820093457944,85.1382398753894,89.42017133956386
34.40314280000166,58.52055320783711,84.72704571648099,88.2322320399539
34.435635900001216,59.168311085316304,84.88334300638421,88.90887986070807
34.466332000003604,58.66224273898827,84.83900750144258,88.68897864974033
34.499179100006586,59.34013209013209,85.11557886557887,88.62354312354313
34.53201950000221,58.808883693746346,85.22579388271966,88.45451003311902
34.56412460000138,58.660135790494664,85.35499515033948,88.36682832201745
34.59554190000199,58.667555724899984,84.87845303867404,88.27052771956564
34.62855840000702,59.09827586206897,84.9316091954023,88.93026819923372
34.661482300005446,58.718426103646834,84.27274472168907,88.71516314779271
34.7067068000033,58.747548548356086,84.9211690059604,88.48183041722746
34.73971340000571,58.92454282964388,85.10182868142445,88.73282001924927
34.76963040000555,59.7077934635467,84.61844904273835,88.43647263585379
34.80173260000447,59.220254139391606,84.44339622641509,88.70600693107431
34.83426430000691,59.31360153256705,84.20670498084291,88.42586206896551
34.866624400005094,60.04841465730017,84.32162521359407,88.54528194418074
34.899052600005234,60.11277767229922,84.04594645908486,88.53920637934307
34.9302805000043,59.64376934984521,85.15808823529412,90.17879256965945
34.9636976000038,60.3460200927357,84.7961746522411,89.17928902627511
34.99530610000511,58.91279069767442,85.6781007751938,88.98837209302326
35.04520970000158,58.77822814128546,84.43427909669947,88.76626133950974
35.07431140000699,59.20351758793969,85.06706609972942,88.87978353304986
35.10836730000301,59.244290923047394,85.04049126847053,88.50086355785837
35.139467900000454,59.298980965199,84.72716785233608,88.32878292636032
35.17654570000013,58.53990338164251,84.95014492753623,88.88502415458937
35.20386940000026,58.24975836071911,85.08737676396674,88.30543205103422
35.23418770000717,59.48613822725498,85.50097618117923,89.29363529871145
35.267876100006106,59.1151597817615,85.51578332034295,88.1985580670304
35.29894020000211,59.017819505652426,85.68614677141215,88.38723893466181
35.347189200001594,59.37384080370943,85.58848531684698,88.80216383307574
35.37971430000471,59.10776605944391,85.15627996164909,88.45234899328858
35.410094700004265,59.24335611237662,85.34111617312074,88.41078208048596
35.444781000005605,58.74498950181332,85.32716167207482,88.06203473945409
35.477912900001684,58.829930662557786,85.02696456086287,88.11016949152543
35.5076726000043,58.57197476581916,85.28101701395526,88.05639457082776
35.53826140000456,58.95092024539878,85.33243865030676,88.37998466257669
35.575180000007094,58.68407864302235,85.55570547417116,88.87393986121819
35.6032078000062,58.75110089986598,85.3005935286234,88.36454145127321
35.635266400000546,58.454597922277806,85.67487495190458,88.54559445940747
35.682519700007106,58.62455934195064,85.32902467685076,88.39052095573834
35.717402800000855,58.47701481054049,84.54395075976149,88.28928640123101
35.74496460000228,58.363899056058564,84.87131573877866,88.52167212483144
35.76505840000027,58.363899056058564,84.87131573877866,88.52167212483144
35.79480380000314,58.49528029281449,84.62993642843384,89.01926411096129
35.8442756000004,58.95274536062751,85.17715706906448,88.26267457432562
35.87480830000277,59.416491295198014,84.74172565525159,88.08475224794337
35.90778510000382,58.46133231240429,85.01837672281776,88.26167687595712
35.93954820000363,58.201875239188674,84.98392652123995,87.94508228090318
35.98814640000637,58.66135534651564,85.13380687272029,88.90957957381455
36.01901110000472,58.822696411251215,85.57032007759457,88.43181377303588
36.05030960000295,59.049291674752574,85.40481273044828,87.77721715505531
36.08235720000084,58.72637298660974,85.4583737628566,88.33572676111004
36.115300400000706,58.700781250000006,85.2302734375,88.8384765625
36.14404680000007,58.28300039169604,85.25048962005484,88.61417939678809
36.16030810000666,58.29984332158245,85.26498237367802,88.98668233450842
36.17884850000701,58.546415981198585,85.31002741872307,88.76850763807285
36.24401220000436,58.88081791626095,85.12638753651412,88.67069133398248
36.27415880000626,58.929613066303716,85.16468986972585,89.03674897919502
36.323273300004075,59.01295436968291,85.54331013147718,88.60402165506574
36.354637000004004,59.07360308285164,85.25934489402698,88.768978805395
36.39143090000289,59.14641203703703,85.10127314814814,88.67939814814814
36.42553890000272,59.376691148047925,85.02589872439118,88.6756861229223
36.45404730000155,60.06216216216216,84.38706563706563,89.14169884169884
36.482008200000564,59.81236632315769,85.02469375850671,89.35193466848143
36.498310000002675,59.33553912028026,85.1208641494745,89.20124562086414
36.51627220000228,59.256520046710776,85.30050603347605,89.24931880108991
36.54639010000392,59.28907922912206,86.3449484134709,89.33268444617481
36.57889260000229,59.79231366459627,85.18264751552795,89.33812111801241
36.65853210000205,59.60565015479877,85.86319659442725,88.77128482972137
36.692810200001986,59.259674922600624,85.9624613003096,88.83939628482973
36.726436800003285,59.29947966852958,85.36403931393332,88.63827327037964
36.74391180000384,59.29947966852958,85.36403931393332,88.63827327037964
36.777191900000616,59.10857908847185,85.15070854078897,88.81980084258905
36.803816200001165,59.184180138568124,85.44861431870669,88.71208622016935
36.83295160000125,59.31064805964443,85.43395144331868,88.50678646530301
36.863803400003235,59.188450433108756,85.37247353224254,88.67564966313763
36.88266990000557,58.68735543562066,85.12047031611411,88.86468774094062
36.914871600005426,58.57255429559869,84.20853353834326,88.85027868537382
36.96502640000108,59.09795838241068,85.51217118178249,88.94954848841775
36.994704400000046,59.976316304560584,85.35623409669212,89.03758073987082
37.058073300002434,59.071414518984845,85.33523509738343,88.65689553413338
37.080974600001355,58.80968118195956,84.74669517884915,88.50330482115085
37.108665700005076,59.015148534330116,85.26382057839858,88.81920125909895
37.13555610000185,59.71289821289821,85.38578088578089,89.2581585081585
37.15498210000078,59.340652934317916,84.87893509521959,89.66439953361834
37.19179950000398,59.10623913463395,83.99304616573305,88.57697508209387
37.21892140000273,59.052805923616525,84.08690568978956,89.21356196414654
37.25392140000622,58.352392065344226,84.65285880980163,88.26059898872035
37.29875640000682,59.26010101010101,84.86616161616162,88.48387723387724
37.32996720000665,59.250777000777,84.76845376845377,88.41899766899768
37.36319430000003,58.96112730806608,84.8159378036929,88.5201166180758
37.39402340000379,58.32873518554498,84.83213522440258,88.42257625801439
37.42843730000459,58.32802176447726,84.95083560046638,88.32180334240186
37.45909329999995,58.05991933935087,85.08066064912617,88.1522949875168
37.49252030000207,59.253016663474426,85.1446083125838,88.18559662899827
37.52482520000194,59.22690686086624,85.61536987351477,88.12341893445765
37.55777820000367,59.27385971636643,85.49827520122653,88.07263319279419
37.60246890000417,59.44836956521739,86.07705745341615,88.46797360248446
37.63471610000124,58.91395978344934,84.89713843774169,88.5201082753287
37.66519230000267,58.06038461538461,84.57019230769231,87.34538461538462
37.698979300002975,58.343131604226706,84.62747358309318,87.92276657060519
37.73259230000258,58.77501909854851,85.32563025210084,88.1038961038961
37.76412210000126,58.54731408908431,85.22921047600842,88.28063467788186
37.79506730000139,58.85844229675952,85.10593140041689,88.0610195186659
37.82886000000144,59.73725785217228,84.95937558773745,88.45457965017867
37.85907130000123,59.29784366576819,85.73103581055064,89.7706969580285
37.89112610000302,59.02859848484849,85.30037878787878,88.11818181818182
37.93807790000574,58.61659405190377,85.28869103996969,88.25213108543284
37.97656950000237,58.8804143126177,84.77608286252354,88.10772128060263
38.003969200006395,58.7804041174228,85.1639344262295,88.61246664125048
38.03774140000314,58.10181124880839,84.85109628217349,88.6190657769304
38.070109300002514,57.133488552580516,84.51649204501358,88.53919285991462
38.09808180000255,57.26916524701874,84.17811849328034,87.98088207457883
38.131308400006674,57.218414611184336,84.53436264356995,87.44304274147994
38.16398550000304,57.66780887112127,85.64439367980202,88.0896630496859
38.19603950000601,57.83672692673644,85.47516650808754,88.67764034253092
38.224982500003534,57.99354838709677,85.4223908918406,88.48462998102467
38.27501380000467,56.96902738432483,84.77393767705382,88.057223796034
38.308610000000044,57.04463615903976,84.6661665416354,87.85577644411103
38.339976100003696,56.97401604891097,84.8381734810852,87.97860145204433
38.377028300004895,56.8083109919571,84.81214094216774,88.73305247031789
38.40481500000169,56.71800766283525,85.13448275862069,88.2308429118774
38.43596040000557,56.59517018444571,85.30309944856437,87.73188819167142
38.47026410000399,57.04713423831071,84.90478883861238,87.0972850678733
38.49818570000207,57.5766953199618,85.58662846227317,88.05023877745941
38.53048970000236,58.357846853677025,85.60481425322213,88.03923426838514
38.57819960000052,58.74462825632249,85.9085377448184,89.00019015021867
38.60942670000077,58.60182197760486,85.89998102106661,89.17612450180299
38.64419320000161,58.39131263097733,85.92112783387313,88.72718613069156
38.67580270000326,58.804896564813056,85.77775669007401,88.70829379388877
38.70870580000337,57.70156967840735,85.78101071975497,88.51799387442573
38.73978590000479,58.07858508604207,85.61070745697897,88.4112810707457
38.77430820000154,58.339402069758535,85.49674204676121,88.66979685703335
38.80240100000083,58.517446319018404,85.8194018404908,89.06710122699387
38.834093700002995,58.45635442087479,85.12727614041674,87.67843063638071
38.867325100000016,58.13360933383515,85.37128340233346,88.04968009032744
38.91502410000248,58.24701195219124,85.71143995446783,88.14077025232403
38.9500668000037,58.046110056926,85.52789373814042,88.50986717267553
38.979908300003444,58.50114635078334,85.76155903706534,89.21073748567062
39.00866320000205,59.10065059318791,85.1025641025641,89.47703788748565
39.04416600000695,58.58257747543462,84.33692365835223,88.54478458049887
39.07898790000036,59.106252397391636,84.8294975067127,89.31300345224396
39.109565000006114,58.84585962899216,84.9212086441002,89.71466819659591
39.141176500001166,58.16609848484848,84.82878787878788,88.1903409090909
39.17894150000211,57.87739245783589,84.73943528519992,88.58044343376918
39.21904810000706,58.36137957172636,84.47394352851998,88.71840060640515
39.25048710000556,59.26355996944232,85.10026737967914,88.8359434682964
39.283991800002696,57.5675057208238,84.62337909992372,88.67257818459191
39.31415970000671,57.96911932901258,84.97483797178803,88.90773922988944
39.34285560000717,57.95381984036488,84.84454580007602,88.54922082858229
39.35859490000439,57.78449258836944,84.79209426073736,88.15887495248954
39.38529910000216,58.540483901695566,84.8138693084397,88.21756525052392
39.44330590000027,58.54814108674928,85.32278360343183,87.76587225929457
39.474684600005276,57.938420348058905,85.48976859820233,88.18932874354562
39.50947150000138,58.52845834903883,85.03034300791558,88.21541650961176
39.55457750000642,58.87452687358062,85.32607872823618,88.33554125662377
39.59077810000599,58.51000190512479,85.44903791198324,88.72223280624881
39.61873810000543,58.61564755032283,85.6194454994303,88.77079377136346
39.64472900000692,58.518712574850305,85.04434880239522,88.23802395209582
39.661269200005336,58.040469973890346,84.99048862364789,87.98974263334577
39.69209350000165,59.04755564009892,84.48906220277725,88.2415826517025
39.7252529000034,58.706241649169684,85.02805878984539,88.75815995418972
39.75399680000555,59.24135295241735,84.50640168163577,88.63691954901586
39.781916300002194,58.50104821802935,85.31446540880502,88.3826948732609
39.84193470000173,58.25985008648856,84.48952527388045,88.3755525658274
39.89260450000438,58.4831675592961,84.37375669472073,88.86840091813313
39.924947400002566,58.07808612440191,84.40478468899522,88.80976076555024
39.9540105000051,58.62745846858889,84.27974030933741,88.44300171854115
39.97832090000156,58.64452457771873,84.05238185613968,88.34389827291706
39.994638800002576,58.1504678250907,84.52931067405004,88.70899369868245
40.01957570000377,58.05328258801142,85.24110371075166,88.43273073263559
40.051791500001855,58.20426017497147,85.11182959300115,88.26055534423736
40.08381809999992,58.85794708200413,85.5175455057234,87.6804278476262
40.11493550000159,58.95976687347246,84.60782101898853,88.6604624929498
40.14740470000106,59.15632660758061,84.79181595323402,89.15368659249481
40.19484540000121,58.64701450367301,84.18873610849501,88.23978150310793
40.258667800000694,59.1867966991748,84.74137284321081,88.92441860465117
40.290866900002584,59.5254586297267,84.49419692998877,88.8036315986522
40.317301600000064,59.453113278319584,84.47561890472619,89.00656414103526
40.33079590000125,59.03937452901281,84.8975131876413,89.3353428786737
40.355023200005235,59.45173961840628,84.44594089038533,88.82846988402544
40.392572200005816,58.522642910170745,83.47847067557535,87.98515219005196
40.418605700004264,58.73239696913694,84.07891332470894,88.40085012012567
40.44944980000582,58.84020810107767,84.0369751021925,88.0072463768116
40.4841005000053,58.85563575791227,84.47251526929483,88.26799925967055
40.53148730000248,58.511619190404794,85.24868815592204,88.26705397301349
40.56393310000567,58.435754189944134,84.61005586592178,88.02122905027933
40.595739700002014,58.38719454442129,85.11043758287553,88.71017238113278
40.62689500000124,58.627402473834444,84.96384395813512,88.6152235965747
40.65938180000376,58.36353232881938,85.18271981689873,89.02345985123021
40.692017100001976,58.97662929887897,84.94983849515486,88.5287858635759
40.72410440000385,57.91059855127716,85.06690812047275,88.31547845977887
40.75448800000595,59.099223631887895,85.24900587010036,88.4978223821246
40.79104840000218,58.48073325851103,84.32734754956977,87.49064721286943
40.83577940000396,58.376877733409394,85.19186157064081,88.17969195664575
40.870408500006306,58.71945444212919,85.23546126160257,88.26008713771547
40.89947840000241,57.82406356413167,85.19409761634506,88.02080968596293
40.932108300003165,58.566811566811566,85.48799848799848,87.74466074466073
40.964191500002926,58.43645990922845,85.70291225416037,88.35665658093798
40.99396880000131,58.42737959802806,85.2364429275692,88.25502464922259
41.02830260000337,58.086923658352234,85.00963718820861,87.90268329554044
41.05889710000338,58.306226415094336,85.0309433962264,87.93754716981131
41.09488330000022,57.742715673205105,85.02570938868787,87.86040754142068
41.12625520000438,58.56066314996232,84.90523737754333,87.70290128108516
41.17504420000478,58.90118354311478,85.17020477174526,87.96787525831299
41.20404530000087,58.38949548192771,85.29273343373494,87.45406626506025
41.23453680000239,58.391597899474874,84.75712678169543,88.2621905476369
41.26906110000709,59.30114812723508,84.36194240542066,88.67476002258611
41.30064250000578,58.99620781190747,84.73947667804323,89.00455062571103
41.33183970000391,58.28039842134937,84.95639917308776,88.56455553467393
41.36331810000411,58.64091936699322,85.18990203466466,88.23455162019593
41.39525380000123,58.30491247882552,85.10182571052137,88.18784114436288
41.42951230000472,58.88926681783825,84.83692365835223,88.29402872260016
41.45964930000628,59.37069943289225,85.04555765595464,88.31984877126655
41.50901920000615,59.5831920105521,85.52345958168456,88.72583380440926
41.54036980000092,59.23913043478261,85.59877955758964,89.32608695652175
41.576304200003506,58.8539640987285,84.99663425579656,88.30572176514585
41.60385820000374,59.00056359195942,85.11459703174901,88.13150479053165
41.634295200005,58.49590011181513,85.30935519940365,86.96291464778233
41.66909740000119,58.416981845688355,85.48657337367625,88.1410741301059
41.698228500004916,58.21183277342292,85.08734602463606,87.63363195222098
41.73187550000148,57.88097469540769,85.02136832239925,87.86729147141519
41.76268660000642,58.0152084115659,84.99155088246339,87.42959068719489
41.812239800005045,57.91680782985131,84.90852625635235,87.648033126294
41.84481240000605,57.84670298703739,84.83505541987601,87.40296825098629
41.87515760000679,57.73761713520749,84.86823484413846,88.30636833046472
41.90799580000021,58.47321931967675,84.0466077804924,88.03927833114076
41.939183700000285,58.21833897031191,83.60804208944006,87.9293498684705
41.97587400000339,57.910509494265845,83.6565143824027,88.2312464749013
42.0039254000003,58.40832710978342,83.5147498132935,87.8239357729649
42.03595390000555,58.62919431279621,83.96170616113744,88.19412322274881
42.06723200000124,58.02836074872376,84.78370202306674,87.4927207411609
42.09807110000111,58.29100827689992,84.82938299473288,88.16741911211437
42.14963080000598,58.246018362375864,84.81300356005246,87.81562675660483
42.178894700002274,57.482894736842105,84.54624060150377,87.84398496240603
42.210540500003844,57.60672459387986,85.14015867019266,87.74971666037023
42.2438059000051,57.35480823729454,85.08785187984131,87.45342905724543
42.2773171000008,57.13973063973064,84.91320613542835,87.23157500935278
42.3070813000013,57.07114772514511,84.54540348249392,87.23385133870062
42.34074900000269,57.97511312217195,84.72775263951735,87.52601809954751
42.3756269000005,58.003780718336486,84.89489603024575,87.59357277882798
42.405901200007065,57.93232514177694,84.91531190926277,87.72249527410209
42.45223460000125,57.60319270239452,84.51995438996579,87.83941467122767
42.48390610000206,57.95621279047436,85.06548876512387,88.26502784712886
42.513877900004445,58.136563876651984,84.86247845240375,88.59241524612143
42.54737800000294,58.1221198156682,85.09331797235023,88.84984639016898
42.5737786000027,58.09155198776759,84.97553516819572,88.63799694189602
42.60404930000368,58.24630447302745,84.78537147245153,88.63697446726819
42.643180000006396,57.6178674351585,84.9731027857829,88.08318924111431
42.673972300006426,57.91005091457665,84.49820856119177,88.29153309447483
42.70878920000541,57.98714069591528,84.4731467473525,87.94704992435703
42.741145300002245,58.79536461277558,84.91369888826078,88.32372338420953
42.79085430000123,58.466124148372444,84.55639666919001,89.19814534443603
42.81931550000445,57.68683611532625,85.56145675265554,87.97477238239757
42.852086800005054,57.601839684625496,85.2048057067768,88.18828608973156
42.880736300001445,57.771996215704824,85.15175023651845,88.5426679280984
42.90978980000364,57.74859497939303,84.55376545522668,88.12439115773698
42.940523700002814,58.62761743067345,85.0041501603471,88.57857008111677
42.96824020000349,58.253799392097264,85.20744680851064,88.31060030395136
42.985330800001975,58.08838623835773,85.36951149971489,87.845276563391
43.041160200002196,58.34470342997915,85.02046617396248,88.14326321773734
43.0772128000026,58.12428842504744,84.9056925996205,88.37020872865276
43.12422150000202,58.17696097006442,85.11860553239863,88.54641909814323
43.153871000002255,58.00470632530121,84.40794427710844,87.38648343373494
43.18958000000566,57.655139654189625,84.90955728671861,88.04085122553677
43.21479060000274,58.20547686496695,84.9756373937677,88.17148253068932
43.228377700004785,57.72873955960517,84.63003037205772,87.87186788154898
43.25405330000649,57.79806964420893,85.01892505677517,87.86109008327026
43.28420460000052,57.6173095014111,83.93151458137348,87.85456255879586
43.31747890000406,58.27267678637542,84.47815623843022,87.58478341355054
43.34818740000628,58.41345971563981,85.12985781990521,88.03563981042653
43.37943360000645,59.598402738163145,84.72200038030043,89.46054382962541
43.45951010000135,59.14928463855422,84.61539909638554,88.85711596385542
43.49185080000461,58.92244975350777,84.77076222980659,89.1095942358741
43.5271453000023,58.78597643422832,84.90747537183697,89.22503380336101
43.54891260000295,58.790999237223495,84.4845537757437,88.62929061784898
43.57960730000195,58.48241590214067,84.60970948012232,89.06536697247707
43.61091260000103,59.126233864844345,84.64483675018982,88.97038724373577
43.6426758000016,59.6931840123576,85.36956941494498,89.08592392353736
43.67838050000137,58.7230298393267,85.18094873756695,88.20332823259372
43.70223310000438,59.20891258807846,84.75166634926681,89.1064559131594
43.732852200002526,59.0334092634776,84.94419134396355,89.26841305998482
43.763924900005804,59.45799509156126,85.35321880309608,88.64885784406268
43.794968200003495,59.39491525423729,85.6954802259887,88.39133709981168
43.827159100001154,60.25156398104265,84.49611374407583,89.08815165876777
43.86212220000016,60.07594696969697,84.89090909090909,89.08200757575757
43.89418730000034,59.673762945914845,84.38722669735327,89.44035289604909
43.92492360000324,60.00345954257159,84.03228906400153,89.52796463578704
43.954464400005236,59.58575553416747,84.28238691049086,89.6744947064485
43.9924547000046,59.95034642032332,84.62682832948421,89.32525019245573
44.02016300000105,60.038298691300994,84.3879907621247,89.20169361046959
44.06718930000352,59.650403380714565,84.60391855551288,89.25739531310028
44.09891640000569,59.888590088359585,84.41817134076067,89.31137149442951
44.13070740000694,60.30183574879227,85.90009661835748,89.45565217391304
44.1624496000004,59.58560984994229,85.29184301654483,89.50269334359369
44.19398600000568,59.7847009202454,85.66526073619632,88.96836656441718
44.22695320000639,59.59274193548387,85.42876344086021,89.26881720430107
44.25933780000196,59.24669350201265,85.66800843396588,88.75541498945753
44.28987970000162,59.427143406382164,85.45886197616302,89.02595155709342
44.324957300006645,59.03336566440349,85.35324927255093,88.22870999030067
44.35452840000653,58.891554702495206,85.84452975047985,88.00268714011517
44.40316370000073,57.12281383598912,84.763505635445,88.76020209871744
44.43467370000144,54.66781543174421,83.52785755313039,87.78958452996362
44.46887090000382,54.40099769762087,83.60629316960859,88.10648503453568
44.499541200006206,54.22870299309286,83.75076745970837,88.31792018419033
44.529889400000684,55.208317214700195,83.56170212765957,88.47292069632495
44.56183570000576,55.1822009569378,83.67866028708134,87.98679425837321
44.59391520000645,55.2933971291866,83.64057416267943,88.18468899521531
44.62758400000166,54.657995409334355,84.47723794950268,87.6455623565417
44.65975520000211,54.88526477359939,84.77551803530315,88.29412893323101
44.70744350000314,55.06893295561851,84.86345609065155,87.28687440982058
44.739975200005574,54.76899981234754,84.70369675361232,86.7230249577782
44.77040340000531,55.074053137365745,84.53627284718296,87.36197475032975
44.803422500001034,55.51165851823994,84.65626175253854,87.22546069951109
44.83419100000174,54.88402255639098,84.6015037593985,87.62593984962406
44.86507650000567,54.76086547507055,84.51081843838193,87.16519285042332
44.89808350000385,55.159351145038165,85.06164122137405,88.21068702290076
44.9322930000053,55.83818770226537,85.2168284789644,88.34285170378831
44.96384670000407,55.06397562833207,85.1938309215537,88.243145468393
44.99419940000371,55.33492003046459,84.91546077684691,88.09501142421935
45.04337590000068,55.25178236397748,84.25572232645403,87.58536585365853
45.074227600001905,55.008545385491836,84.69293581466007,88.14755032282567
45.110253000006196,55.29005315110099,84.75740318906607,88.0197418375095
45.13915150000685,55.88501808490386,84.59604035789073,87.829811536265
45.171174200004316,55.98421152748716,84.29484496861328,88.15522160928286
45.20234130000608,55.04123907259597,83.93728620296466,87.63340935005701
45.23463670000638,54.247539742619225,83.63815291445874,87.3436790310371
45.26607630000217,54.948494603294826,83.80969513349744,86.95322855519788
45.29919820000214,54.42837915785426,83.7646606421842,87.20188425302825
45.330074700003024,54.851338522878294,84.01480918929181,87.54926903360547
45.37936850000551,54.858837031369546,84.5005738332058,88.06369548584544
45.410075000007055,55.64517980107115,84.2115531752104,88.07823259372609
45.443371600005776,55.26087789917577,84.28272953804868,88.15181138585393
45.477097500006494,55.52692530399536,84.52596023933603,88.56765103261918
45.50827410000056,55.3564948851573,85.0511484269446,87.96023933603551
45.538745200006815,55.329388942774,84.70339476236663,89.05741998060135
45.575340100003814,54.30411970462495,84.21725612125923,87.89856198989506
45.60261250000622,54.167378640776704,84.25339805825243,87.87029126213592
45.63453140000638,54.05691530691531,84.34518259518259,87.86538461538461
45.6831164000032,54.73912202668729,84.11854573583446,87.36801392380583
45.71419280000555,54.639704452654094,84.48901419405017,87.98036165662066
45.74793590000627,54.758210101786055,83.8503937007874,87.6370270789322
45.779020000001765,56.26369207200306,84.83358866334737,88.60857908847184
45.80155890000606,56.95399885474327,85.05611757969078,88.9929375835083
45.842263500002446,57.503834355828225,85.62710889570552,89.50325920245399
45.87513890000264,57.813458588957054,85.74098926380368,89.40625
45.90991490000306,58.029212613658345,86.18436834977751,89.89262913522924
45.940170300003956,57.938594802694894,85.9089509143407,89.94783445620789
45.97705840000708,57.60801393728223,85.97715834301201,89.55458768873403
46.01850040000136,56.94598283931357,85.7872464898596,89.53354134165367
46.04931710000528,56.63013960604322,84.71199082042456,88.42818894626123
46.08252220000577,56.77045366421093,84.91624660721209,89.53799922450561
46.10134890000336,56.88239875389408,85.25136292834891,90.07671339563862
46.13232990000688,57.042437220167415,85.14307961845435,90.0177146194277
46.16184130000329,57.285714285714285,85.32427221900906,89.45479082321188
46.19393640000635,56.85069713400465,84.22385747482572,89.26684740511232
46.24309900000662,56.66299182664893,84.43489830830642,88.84071469302414
46.275858400003926,56.16487110427088,84.52597152751059,88.81800692574068
46.323078400004306,54.80922838309422,84.40946103140752,87.52733617681271
46.35501440000371,56.43042813455658,85.00840978593273,88.40825688073394
46.38938290000078,56.55190411753334,84.51556156968876,89.1529093369418
46.418119200003275,54.85558322160505,85.28366213369087,88.49569048075081
46.44142510000529,54.73427105113097,84.6916935943737,87.97167838813914
46.47056000000157,55.97765793528506,84.77003081664098,88.65485362095532
46.499727600006736,55.41529321579149,84.84457646607896,87.66270601763128
46.5287432000041,56.19745958429561,85.04888375673595,89.34719014626636
46.560146700001496,56.2144373673036,84.62671298977031,89.35668789808916
46.592685900002834,56.794006069802734,85.15629742033384,88.39283004552352
46.65944180000224,56.194850789935636,86.10981080553931,89.95357909108641
46.69074940000428,56.4087492773174,84.96261322027365,88.47465793023703
46.72414380000555,55.94639769452449,84.2895292987512,88.40768491834774
46.75480030000472,56.29241669858292,84.53121409421678,88.38663347376485
46.77168640000309,56.40236912495224,84.95701184562476,88.41020252197173
46.803840300002776,56.264981811219606,85.04997128087307,88.74459123109324
46.81984270000248,56.056516724336795,84.89023452518262,88.6434063821607
46.85072170000058,56.228543876567024,84.5658630665381,88.8781099324976
46.883793500004685,54.713178294573645,84.4531007751938,87.99011627906977
46.915347699999984,54.71387002909796,84.86517943743938,88.02735208535402
46.94774220000545,54.671472510572855,85.17627835447905,87.92772010765091
46.99515730000712,54.26988416988417,84.72104247104247,87.87548262548262
47.061443300000974,53.864070107108084,84.25920155793574,88.57254138266796
47.09206160000031,53.89017788089714,84.2432327919567,88.40661252900233
47.109813800001575,54.83246376811594,84.27149758454107,88.67207729468599
47.14098310000554,55.08932377446231,84.18833559387716,88.82619647355163
47.167746400002216,54.94517121969989,84.42477876106196,88.32300884955752
47.190494400005264,55.16843731891056,84.44021634151052,88.79891829244735
47.21902810000029,55.14266198282592,85.21487119437938,89.57962529274005
47.25067980000313,54.81840988035508,84.65978386723273,88.16692396758009
47.29873640000005,55.5848726424266,85.22477153412406,88.84114330157496
47.330841599999985,54.43268101761252,85.69060665362035,88.34050880626224
47.36272210000607,54.60190217391304,85.12053571428571,88.16517857142857
47.39483970000583,55.19798917246713,84.91047950502707,87.94856921887084
47.426664000005985,54.299884437596305,85.4558936825886,88.4522342064715
47.458034000002954,54.43997680262903,84.43746375410787,88.04156195631161
47.491141100006644,54.26278217248698,84.554505112869,87.84796449932472
47.52505610000662,53.90398904966757,84.54067266327728,88.90985529917872
47.55584800000361,54.82006125574273,85.1416539050536,88.52737366003063
47.59154120000312,55.73335905846035,85.2423306965078,89.28651360216091
47.63562460000685,55.4360712901976,85.17493219682294,89.43239054629989
47.66814980000345,55.384750390015604,84.96996879875195,89.10920436817473
47.69889790000161,54.077628242637026,84.79871269748391,88.87068461088356
47.731152800006384,54.61892583120204,84.94216014164863,88.977769034035
47.764026900003955,54.61387283236994,84.24913294797688,88.3811175337187
47.795373500004644,54.8375486381323,85.40330739299611,88.6466926070039
47.827913300003274,53.83082633326821,84.99824184411017,88.68314123852315
47.860415200004354,54.91889257165139,85.30902710079937,88.3603041528563
47.89582150000206,55.53589084437414,84.85999604508602,89.917144552106
47.939177400003246,55.40200708382526,85.52853207398661,89.5263675718221
47.969974400002684,55.47530985638402,85.34251426323037,89.46094825890222
48.01227450000442,54.69012707722385,85.37458455522972,89.17653958944281
48.03495740000653,54.5334117185969,85.34901038604742,88.43856554967667
48.06711550000182,55.20816085156712,84.89237137788291,89.20421841119654
48.09979680000106,55.58458830432232,84.79718364952083,89.06884412282417
48.129350500006694,56.28257887517147,85.20693709582598,89.09131883205957
48.163918600002944,54.76221692491061,85.92928088994834,88.66885180770758
48.196122500005,55.75209413641802,85.92002393298763,89.05943358595931
48.22896790000232,55.08487593540764,85.47006695549429,89.36116581331233
48.27762310000253,55.02261356814088,85.88272963778267,88.73624174504702
48.308219700003974,54.49661489446436,85.73596176821984,89.34189565909996
48.339250800003356,54.38516179952644,85.15469613259668,88.55426203630624
48.37574339999992,53.34447004608295,84.03763440860214,86.95718125960062
48.4017501000053,53.99426934097421,84.48042024832856,87.31747851002865
48.43427760000486,53.91281070745698,84.4112810707457,86.9868068833652
48.46803940000245,53.59961575408261,84.18386167146974,87.48414985590779
48.49925480000093,53.950143815915624,84.43087248322148,87.49760306807286
48.530683300006785,53.055587392550144,84.09703915950334,87.34746895893028
48.562792100005026,54.207851318035274,83.74018585245591,87.07718566281055
48.60858270000608,53.69142419601838,84.23238897396631,87.77316232771823
48.64321640000708,54.11151631477927,84.3320537428023,87.91785028790787
48.675535400005174,54.437606837606836,84.25166191832858,87.8034188034188
48.70982350000122,53.60057747834456,83.7451395572666,88.25697786333012
48.73974980000639,54.38894130968107,84.01490847329684,86.99735799207397
48.775080800005526,53.79705432287682,84.03404743687834,87.29188982402448
48.80235910000192,54.058347775852106,84.1844791064895,87.41170806855382
48.83427389999997,53.68846153846154,84.29884615384616,87.7198076923077
48.86936200000491,53.55353728489484,84.46118546845125,87.7585086042065
48.914275500006624,54.75325670498084,84.06302681992338,88.5352490421456
48.94744070000161,54.45061378659112,84.0770538243626,87.60396600566571
48.97889970000688,54.54147727272727,84.8435606060606,87.55473484848484
49.0123276000013,55.14075910738127,84.98474156017548,87.5578867060843
49.04517110000597,55.228587852078945,84.32707415213643,88.09733665453152
49.07678870000382,54.72958500669344,84.79747561675272,87.79250334672021
49.10738360000687,53.94964579743443,84.85889335630864,87.57151062607697
49.139948700001696,54.11051316548145,84.31520276763405,86.83451854699211
49.17601010000362,54.604900459418076,83.9573124042879,87.39643950995406
49.202498200000264,53.74641148325359,84.78315789473685,86.8932057416268
49.25155060000543,54.51756395570829,85.06242840778924,87.66914852997327
49.28401930000109,53.94859992328347,84.79593402378212,87.71960107403144
49.3152859000038,54.86741487540422,84.1717709720373,88.31519878257562
49.34484780000639,54.45842781557067,84.3932350718065,87.53004535147393
49.37505030000466,53.99162542824515,84.40749904834412,87.8918918918919
49.40947640000377,54.463470757430485,83.24276126558006,88.38005752636624
49.44186860000627,54.776873580620745,84.76854655563967,88.11033308099924
49.47531630000594,54.30433947772657,84.49174347158218,88.26785714285714
49.50727680000273,54.95425715933115,84.64712665769748,88.33077070920622
49.554905800003326,55.48953178530643,84.05367339170157,87.78511610201751
49.59056050000072,56.3661181750187,84.16585639491399,88.45905011219148
49.61838500000158,56.638285714285715,84.56228571428572,88.83466666666666
49.65112570000201,56.47092469018112,83.99733079122974,89.55309818875119
49.67977440000686,55.790030211480364,84.64029456193353,88.3744335347432
49.71417040000233,56.370694470303484,84.39564326940979,87.85980264382796
49.741810300001816,55.128907686649505,83.92166237587348,87.23795513056271
49.75941779999994,55.7547740593685,85.2775571941766,88.57950463225562
49.79177070000151,55.52294437160517,84.22476119123431,88.36823375163888
49.84135260000039,54.74405328258801,84.59086584205518,88.24433872502378
49.89198790000228,54.847355543007716,83.60794278185583,87.74496517974778
49.92430270000477,54.988402543958095,83.15787504676393,87.76805087916199
49.95510690000083,55.18234524032168,84.46661679446419,88.08958294370676
49.99049870000454,53.248745119910765,83.56200037181632,86.37367540435025
50.01633290000609,53.50585175552666,83.7189299647037,86.4254133382872
50.04655900000216,53.25890027958994,83.54892823858341,86.57315936626281
50.07698530000198,53.096241979835014,83.2955087076077,86.03354720439964
50.11213110000244,52.593813669198,83.2096684571217,86.27782922763475
50.140606800006935,52.279409048938135,83.53868882733148,86.00609418282548
50.165345200002776,52.34903047091412,83.4775623268698,86.661865189289
50.1803521000038,52.20275553900577,82.85626512753677,86.19400484081177
50.26031980000698,52.33795169443925,83.47818760531736,87.22355364164015
50.29298300000664,53.19890338438268,83.66004915863113,87.71922858763472
50.31881240000075,54.197873927638945,84.2402088772846,87.55688176053712
50.34994750000624,53.408533131961484,83.87068151784028,87.57844062676986
50.379915500001516,53.58220323239829,84.0596321753669,87.69886680289801
50.41201570000703,53.743273542600896,84.2785874439462,87.99794469357249
50.42819560000498,53.112308254200144,82.9936084733382,86.42531044558072
50.45084200000565,53.18065693430657,83.1390510948905,85.97755474452555
50.482932200000505,53.31782945736434,83.40937615356219,86.17626430417128
50.53006430000096,52.50549651887138,83.37962623671675,85.5115426896299
50.56387320000067,52.44379455309815,83.45055748492048,85.95265947724364
50.59517710000364,52.633449990790204,83.4669368207773,87.01013077914902
50.6271601000044,52.35538856304985,82.77492668621701,86.64736070381231
50.65928660000645,52.786622443338864,83.16952275658744,86.6268656716418
50.691993600004935,51.47633027522936,82.80568807339449,86.47688073394495
50.72517560000415,52.962392550143264,81.84151146131805,85.99283667621776
50.75428830000601,52.64529680365297,82.32438356164384,86.14246575342466
50.78512260000571,53.452067325283565,82.7427735089645,86.95572630808634
50.8189507000061,53.31172161172161,82.86410256410257,86.62472527472528
50.86932230000093,52.962990106266034,83.17808721143275,86.32466104800294
50.89918330000364,53.660678276810266,82.8179651695692,87.17836846929423
50.93108920000668,53.224773960217,81.54159132007233,86.8763110307414
50.96515600000566,53.878366166636546,82.49665642508585,86.56768480028917
50.995525900005305,53.77538742023701,82.77137648131267,87.16499544211486
51.027565700002015,52.74741697416974,82.21715867158672,86.95959409594096
51.060207000002265,53.2905604719764,82.35674778761062,86.77912979351032
51.09247250000044,53.2843137254902,82.10839807621161,87.02571217166111
51.12492800000473,53.664228237015365,82.47878566203366,87.47878566203366
51.1696929000027,53.591523565948116,82.01607599561564,86.72597734746073
51.20180810000602,53.69601328903654,82.8187523071244,87.10668143226282
51.23715850000008,53.42007022731473,82.49251524671965,87.34466826834228
51.26866080000036,53.09887266678987,82.29754204398448,87.42432082794308
51.29954330000328,53.21988950276243,82.37734806629834,87.14769797421731
51.331567600005656,52.91285444234405,83.45916824196598,88.25085066162572
51.36512010000297,52.84043348281017,82.2587817638266,87.57492526158445
51.394121000004816,52.97562818817306,83.25656527489137,87.81333837143397
51.427738100006536,53.01135728914541,82.48985291379631,87.16831130143362
51.459780400000454,53.22191375161947,82.06681473255598,87.17545807884508
51.50911030000134,53.527097253155155,83.09762435040831,87.50668151447661
51.539370500002406,53.73410087719298,82.56652046783626,86.9923245614035
51.575660000002244,53.46906077348066,82.64364640883977,87.03572744014733
51.60525150000467,52.68037974683544,83.22189128816083,86.68149664929263
51.63530180000089,54.07555555555555,82.78592592592592,86.84925925925926
51.6687785000031,54.49772354762338,82.67729011109087,86.8235294117647
51.70002750000276,53.84939315924973,82.63166605369621,86.76351599852887
51.730772500006424,54.192672256653296,82.51932191031716,87.00710900473933
51.7649917000017,54.810547592796766,82.91198088937891,87.60216832047043
51.793884100006835,54.884718980068236,82.56383551804633,86.53582330759562
51.84182900000451,53.59572914765468,82.18379266289469,86.7762365395145
51.8741863000032,54.49281164695178,82.68334849863513,86.6147406733394
51.908553400004166,54.963222102619305,82.67456045927521,87.06709723717259
51.939947100006975,55.043848964677224,82.75221854880807,85.88898555768228
51.97652480000397,54.59757402782733,82.6906885479843,86.74687834463074
52.00296470000467,54.44651162790697,82.7871198568873,86.90733452593918
52.03398020000168,54.19886464431435,82.70108213588789,86.21234699308143
52.06824690000212,54.48163992869875,82.83761140819963,87.06256684491979
52.09855360000074,54.88124108416548,82.73145506419401,87.29333095577746
52.148774400004186,55.5249734325186,83.6353170386114,86.97095288699964
52.17821670000558,54.546395431834405,83.32209136331193,86.79710920770879
52.210645099999965,55.04633677216296,82.39325056828116,86.31841230984438
52.24254670000664,54.63268551236749,83.15194346289752,87.18462897526501
52.27413140000135,53.89460697920338,82.5819527670074,86.86147338738104
52.312062400000286,54.000176242509696,82.97021501586183,87.23228762777582
52.34178580000298,53.64900779588944,82.3033309709426,87.26771793054571
52.37142630000017,52.94684034500968,82.51698644604824,86.83013553951768
52.403091900006984,52.43591574437701,82.15726526240628,87.14833987861479
52.435368300000846,52.813583056187646,82.10799929984246,86.49063539296343
52.48097460000281,52.046944991936925,81.93907901809712,86.53556710266977
52.51409070000227,53.103963035365204,82.55358094899591,86.85693975475387
52.54632390000188,52.49084444444445,81.59431111111111,86.17937777777779
52.56309790000523,52.32975871313673,81.32064343163539,86.36961572832887
52.57913930000359,52.4912185406482,81.75629187036031,87.25402860764078
52.644015700003365,53.40402449693788,81.91461067366579,87.0405949256343
52.677701800006616,52.88175793512382,82.04237879316358,86.56417858388559
52.70719670000108,52.92444599546327,81.51038213226313,86.32106089687665
52.7397071000014,52.653920027937836,81.59367906408241,86.20796228391828
52.79003320000629,53.32977588046958,81.9389896833867,87.06830309498399
52.817253000001074,52.63742792241831,81.76498340031452,85.9011008212476
52.851517500006594,54.13998250218722,82.81067366579177,86.84671916010498
52.88414570000168,53.93394590846047,82.38002773925105,86.42198335644937
52.914251400005014,52.369538515529044,82.44060361466924,85.91612563607652
52.94261570000526,52.8653104173974,82.89810592774465,86.66713433882848
52.95703300000605,53.48734950270459,82.7707206421218,86.8312685395219
52.97935490000236,53.419047619047625,82.97583774250441,87.07989417989418
53.043978000001516,52.50817079599368,82.74486030574592,86.4934106483922
53.07490160000452,52.37277061628112,82.78438989934664,86.83771852375067
53.124024600001576,53.477023683280315,82.35790031813362,86.66631318487099
53.15488080000068,53.607392786649925,82.60308630898977,87.21927148752917
53.190108800001326,53.49808008776741,83.40409581276285,87.50959956116291
53.218361500003084,53.175533840028955,83.63011219688744,86.83586681143684
53.248212900005456,53.3089062216579,83.80192272809722,86.75167785234899
53.27891120000277,52.932403433476395,83.38125894134478,86.66326895565093
53.30930740000622,52.11117146478363,83.48126018468223,87.33405757740358
53.340797400000156,52.84961997828447,83.70068765834237,86.38418385812523
53.37050530000124,53.47457930540638,83.24740422484784,87.98818474758325
53.39870860000519,52.75949137148047,83.49990917347866,86.9731153496821
53.46094820000144,52.622218135000914,83.08920360492918,87.32536325179326
53.49060470000404,51.89425032353485,83.79571085228324,87.41338509890923
53.525126600005024,51.6840456890199,83.83621960206338,86.6822033898305
53.5498968000029,52.19431714023832,83.66562786434464,86.80329972502292
53.580897200001345,52.223981077147016,83.6934133915575,86.38118631732169
53.612265400006436,51.550329428989755,83.51519033674964,86.83620058565154
53.64249670000572,51.15699160277474,83.80686381891202,86.46184738955823
53.67151680000097,51.29580047680176,83.64991747661837,86.06858609939482
53.691931700006535,51.8127970749543,83.90127970749543,86.49725776965266
53.718411200003175,52.974855282199705,83.81078147612156,86.60473950795948
53.76412970000092,53.30462034383954,83.29548710601719,87.64810171919771
53.79613210000389,52.39120245177573,83.32179556517036,86.88768703803858
53.85889180000231,51.539770691508416,82.74811895378001,85.37925474740236
53.88382730000012,51.16298191120044,83.23405810341677,86.32230951945917
53.90338840000186,52.19821135243657,83.3765285636065,85.94725314838473
53.932546400006686,53.26803561693622,82.53607123387243,86.74341268399056
53.95400950000476,52.893159249724164,83.71018756895919,87.19474071349761
53.991948000002594,51.52656650787834,83.62055698057897,86.69677537559545
54.01817850000225,51.39937511486859,83.07572137474729,86.75353795258223
54.051043900006334,51.720416124837456,83.38101430429128,86.92346275311165
54.09744010000577,52.165607476635515,83.78934579439252,86.92654205607477
54.13012760000129,52.39801942487146,84.77451913921158,87.72938487907065
54.16177580000658,52.78004189678157,84.662350028566,87.98457436678729
54.19375580000633,52.212422593357104,84.37661850253332,87.76580972039783
54.226832000000286,52.070996978851966,84.67787009063444,87.90086858006042
54.25820990000648,52.39313337106206,84.14468968119222,88.08168270137709
54.28957540000556,52.73303081868028,84.05350727925884,87.96388731329174
54.325589500003844,52.98833051006964,83.81611142480708,87.96216826651609
54.35427370000252,51.98346486283352,84.23280721533258,87.4836527621195
54.407950300002994,51.808486017357765,84.6784956605593,87.87733847637416
54.43964080000296,52.04069988588817,83.9090909090909,88.07664511220997
54.468721000004734,52.06395900550389,83.65799962042132,88.36230783829949
54.499147900001844,51.78591709256104,83.92731402612152,87.91557826992239
54.530872700001055,51.64087781290683,83.23470336618932,86.75041844894923
54.564237700004014,51.50846490393761,83.8421152748716,87.29027962716378
54.59554040000512,52.67938066465257,84.17654833836858,87.98753776435045
54.62952120000409,52.6328664799253,83.1422969187675,87.6362278244631
54.66301050000038,52.22589686098655,83.4585201793722,87.59846786248131
54.69640470000013,51.348914858096826,83.14524207011685,86.17918753478018
54.73832150000089,51.993005705871525,83.48757592490337,86.12810601877416
54.77136810000229,51.73599400412216,83.55162076072699,87.1757541690088
54.80961880000541,51.79414524300995,82.78907862638394,86.69037342841058
54.83491330000106,51.45107886904761,83.37332589285714,86.17950148809523
54.86720140000398,53.369360721827604,84.36033787675177,88.14398157035899
54.898775900001056,52.62225145649314,84.03345235857921,87.66979890997932
54.93206700000155,52.018140589569164,84.18367346938776,87.49792139077853
54.96398610000324,52.27119606358819,84.25264950794852,87.61184708554126
54.99480310000217,52.50389659760502,84.57707660140659,87.91617563200913
55.026812600000994,52.39167455061495,84.62781456953643,87.58845789971618
55.07568380000157,51.448948948948946,84.35923423423424,86.6768018018018
55.10841270000674,52.62577727529678,83.51742980968532,87.88373845863953
55.13936910000484,52.04859919954259,84.00552696779111,87.44330093386696
55.17118720000144,51.68576850094877,83.6203036053131,87.22846299810247
55.20868870000413,51.57064185339917,83.75199392328143,87.07292062286365
55.23481060000631,51.73079805170476,83.54852004496065,86.17609591607344
55.26694190000126,51.34295289517781,83.24613665983988,86.27425060510147
55.29957130000548,51.808898066453914,83.33452224516614,87.23634315749953
55.33043010000256,51.87901845158836,83.7896138482024,87.11679665208294
55.3774515000041,52.51243120136648,83.75232491933953,87.6154868096413
55.41143460000603,52.015037593984964,83.81222286485445,87.12377096587623
55.44410710000375,52.484298146046164,83.99886492622021,86.53140370790769
55.47629070000403,51.88073918841685,83.75633453991237,87.29967612878644
55.507711300000665,52.19312475859405,83.98532251834685,87.9156044804944
55.5405080000055,53.07716920760399,83.60210803689064,87.49256540560889
55.569904300005874,51.65500855350694,83.70366850408668,86.74795666223152
55.60905950000597,51.81566380133715,83.08729703915951,87.82139446036294
55.64039220000268,53.23467230443974,83.97693638285604,88.01153180857197
55.669968100002734,52.00019372336304,83.59957380860132,88.32894227043782
55.714124700003595,51.6838894184938,83.46215443279313,86.87645376549094
55.745061100002204,51.77580275229358,83.56116207951071,87.09365443425077
55.77857240000594,52.145304080061585,83.87509622786759,86.9103156274057
55.804124500005855,52.01716738197425,82.7381974248927,88.04330862270777
55.84415010000521,51.727734375000004,83.3642578125,88.392578125
55.87515660000645,51.4908636276207,84.04385458742065,87.28313137141758
55.909018000005744,51.355702094647015,84.00853374709077,87.68813033359193
55.94135340000503,51.39299001370667,83.69806148423731,87.49363618562757
55.971608900006686,50.71625344352617,83.82447855175127,88.24085005903187
56.018978300002345,52.18850396748597,84.07683375266112,87.83181730210954
56.05027620000328,52.101212237829515,84.12584183182605,87.28439484317876
56.08394430000044,51.860122464600074,83.82931496364333,88.06161500191351
56.114818200003356,51.36318312559923,83.81591562799616,87.47535953978907
56.13982980000583,51.5320045994634,83.53353775392871,87.53871215024914
56.16847420000704,51.8686481303931,83.92272291466922,87.50834132310642
56.18325200000254,51.84910292728989,83.32237960339943,86.78149197355995
56.244072700006654,51.8287775246773,84.17824601366743,87.40907365223994
56.275001100002555,51.989753320683114,83.43908918406072,87.12998102466793
56.30915540000569,53.07525870178739,83.45700846660395,86.82333019755409
56.35396460000629,52.25511751326763,84.30326004548901,87.17968157695223
56.38707400000567,52.29374177786131,83.60496147340726,86.88611163315166
56.418970500002615,51.59418648546621,83.3684409211023,87.17063042657607
56.45163460000185,52.38423551756885,83.90636277302943,87.54453941120607
56.473396400004276,52.6,84.06823308270677,87.18815789473685
56.49382410000544,51.175445173383316,83.93102155576382,86.94283036551079
56.519243200003984,52.1089258698941,84.44761724659607,87.39863842662632
56.54855430000316,52.56204658266514,84.68518518518519,88.03340969835816
56.57949080000253,51.82251729942024,83.70637740789228,86.75462876379278
56.64305110000714,51.9992461364493,84.16830003769319,87.06784771956276
56.6938225000049,52.03050149700599,83.35666167664671,87.85535179640719
56.72601780000696,50.64000742252737,83.60122471701614,86.21618110966784
56.75402820000454,52.02617898254734,83.28054214630524,86.84719643520238
56.7777125000066,52.20386346586647,83.91747936984247,87.6686046511628
56.811738300006255,51.81281524378853,84.44517093218755,87.17130580982626
56.83831180000561,51.59048507462687,83.68526119402985,87.02444029850746
56.85380410000653,51.815099288122894,84.06893967778194,87.3074185088048
56.88353800000186,52.32312605673493,83.91903062182979,87.60867931617508
56.915296600003785,52.36389307228916,83.81099397590361,87.54951054216868
56.946372000005795,52.87799850074963,83.2271364317841,88.07402548725636
56.99690930000361,52.7049394221808,84.39944082013048,86.85759552656104
57.058011900000565,52.092549161104095,83.65469962114378,86.32148655962474
57.09211720000167,52.810207046857975,83.98111151471123,87.36923356338541
57.11275670000032,52.73781818181818,84.08272727272727,86.95527272727273
57.14499430000433,53.134569487791445,84.53442261795483,87.03690104644758
57.17692270000407,52.255338733431515,84.5870765832106,87.32750368188512
57.21140090000699,52.12601326455417,84.13356669123066,87.02413411938099
57.241280900001584,53.91280752532561,84.32995658465991,86.92058610709117
57.26853950000077,54.477198102882156,84.47026632615834,87.25300985041956
57.29741630000353,54.70483135824978,84.7742935278031,87.20072926162261
57.33134820000123,55.953512757777,83.57305138063613,87.17301642782243
57.36384040000121,54.68845945457829,83.74589127686473,87.4312804767925
57.39463120000437,56.27218624190443,82.96656747768247,87.01102748118326
57.42753330000414,53.72401120056003,82.62495624781239,85.58575428771438
57.45858130000124,54.071563736452774,82.23825907448821,85.62704283502494
57.48971090000123,55.16296166637493,82.87852266760021,86.29266584981622
57.524787900001684,54.497900629811056,83.14188243526941,86.81613016095172
57.5551787000004,53.74137015400955,82.6016994158258,86.03451938396175
57.59235550000449,53.76893742416364,82.08389668920091,86.7542035014734
57.635008000004746,53.24082488640335,81.6932890597693,86.31509961551905
57.66710000000603,52.178871758934825,83.21320953048352,86.18132445690259
57.69954690000304,51.95561079545455,82.822265625,86.216796875
57.7305353000047,52.05422876638535,82.72221224636381,86.42539055485724
57.761794400001236,51.59916982494135,82.47374120194911,86.02977801840822
57.792734200003906,52.40794824399261,83.73308687615527,87.1728280961183
57.82641010000225,53.5,83.57985212569315,87.16950092421442
57.85940280000068,54.65652254592688,84.07403971052143,87.91631100389682
57.89383970000199,54.322283609576424,84.25174953959484,87.0451197053407
57.9262877000001,53.75583549462764,83.81456094849945,87.54649870322342
57.971847900000284,54.418389955686855,83.62795420974889,87.15140324963073
58.008226900004956,54.27098455239159,84.72547924809231,88.20063279359762
58.03380770000513,53.465561694290976,83.70036832412522,86.78674033149171
58.067943100002594,54.25631431244153,84.50869971936389,87.77455565949485
58.09962770000129,53.396045093328404,83.84549990759564,87.74866013675846
58.13178300000436,53.703997052864246,83.70362866089519,88.056916559219
58.16244280000683,53.305375946794754,83.38647699981526,87.80879364492887
58.194849300001806,53.79948727339315,84.12763230177623,88.13953488372093
58.22639700000582,54.394636015325666,83.89144316730523,87.68381682174785
58.26007550000213,53.90307720655979,83.83103003501013,87.8144462870831
58.308473400000366,53.86958894143325,83.23899599854492,87.51000363768644
58.338433100005204,53.898109050853684,83.71690838993942,87.82320543418396
58.37432680000347,54.04355047056652,83.8091898874331,88.24358737774497
58.40875240000605,54.3045471213788,83.54877154382105,87.47268060139348
58.4348672000051,53.24281267167186,83.03186229628272,87.70573155099798
58.46550450000359,53.57287635894601,84.15662428597751,87.59277685645844
58.498255500002415,53.637012630422845,84.0139117700897,87.43144792238697
58.53197910000017,54.0660776734769,84.19860114117431,87.94183692251059
58.561835900000005,53.75740192450037,83.9241302738712,87.8223538119911
58.61003110000456,52.02621377146022,83.83773306258077,86.70463356101163
58.64292640000349,52.832107149594414,84.21109224674589,87.46368609696283
58.675585200006026,53.42390289449113,84.21568627450979,87.47002801120448
58.70919690000301,53.91660447761194,84.67630597014926,88.02985074626866
58.7404261000047,53.728921293699756,83.82950084127874,87.29444756029164
58.77121440000337,53.29826872412495,84.21678584870155,87.80466691757621
58.80335620000551,53.79327825760421,84.842846413819,87.58411565903117
58.834913000006054,54.01516286035193,84.55934107076003,88.16903781355298
58.86777670000447,54.327835433654556,84.67309117865085,87.45959970348406
58.89841300000262,53.88843962506892,84.49090240764565,87.3095019297923
58.9470186000035,54.48167441860465,84.00093023255813,87.83218604651162
58.97987280000234,54.70247626140384,83.91845094023459,88.21187860733569
59.01024050000706,54.0698673640949,84.43433588641882,87.8963198206613
59.0420127000034,54.54090994195844,84.28945890282719,87.48867253323348
59.075463900000614,54.307735114079016,84.10573177518086,88.05453533667223
59.11176010000054,54.73208665062025,84.23791890390669,87.63673393815961
59.14153880000231,54.432651557029665,83.96351575456053,87.49677538234752
59.17722290000529,54.73669415292353,84.21664167916042,87.77979760119939
59.202372300002025,54.4575735020469,84.02419054707853,88.06196501674731
59.25213820000499,54.311566131710016,83.92436819774949,87.89171739531452
59.2832189000037,54.06029221379693,84.18587016830035,87.9167745515073
59.315107300004456,54.72232404692082,84.61125366568915,87.77620967741936
59.346904200006975,54.6021544641227,84.15775059339055,87.75990505751324
59.37805660000595,54.66336815099872,84.45757742349276,87.98717243906908
59.410282600001665,54.43489346202877,83.69495538153342,88.32981242032416
59.44333730000653,54.81531615056555,84.75690710179863,88.15946597441128
59.4787415000028,54.920484664899654,85.30859522907988,88.47652404392275
59.50733080000646,54.3647171620326,85.21975071907957,88.2575263662512
59.53887960000429,56.15833333333333,85.74147727272727,88.77859848484849
59.59186230000341,55.69478440971569,85.235172283939,88.52155902843155
59.619656400005624,55.31766704416761,84.61532653831634,88.08154020385051
59.65048050000041,54.791219144526096,84.41473525532315,88.05162992274354
59.68285100000503,55.00411214953271,84.51196261682243,87.7
59.70924920000107,55.08955778520996,84.3701226309922,87.38145670754366
59.739303800000926,54.6284061216872,84.73217618514371,88.0675625233296
59.77013010000519,54.63974810150028,84.48694202630116,88.51046490090758
59.80220970000664,54.48514851485148,84.17541565477302,88.10779002428545
59.84221580000303,54.1663840211042,84.49632560768795,88.14301865460712
59.875368300003174,54.55373919579105,84.77546035325065,88.50582487786546
59.92405430000508,54.53345759552656,84.24771668219944,88.30326188257223
59.957698700003675,54.437948152233865,84.55414598271742,87.989703989704
59.986250600006315,54.562605594143044,84.52787685376384,88.43157499530693
60.013881700004276,55.52107706592386,85.05255338904364,88.61745589600743
60.04273230000399,55.405835047690296,85.02188142883861,88.59622218066205
60.05970090000483,55.82820942798584,85.49990683808458,89.42053288615614
60.084178600001906,55.06731488406881,84.41136873597607,89.03534031413612
60.115285000007134,55.453300825206306,84.11309077269317,88.82445611402851
60.14629160000186,55.42530431575065,84.3603836222796,87.93969015123571
60.17870860000403,54.908621007937974,83.98818534244046,88.39283736385454
60.25928180000483,54.67659023668639,83.69452662721893,88.55621301775147
60.29106740000134,55.12446191278308,84.12670784203631,88.72749391727494
60.32547120000527,54.144108873974645,83.55797912005966,87.77703206562266
60.34708560000581,54.10960178637887,83.48046148120581,87.67752139933012
60.36522110000078,54.39760389367279,83.83189816548109,88.41351553725197
60.393811100002495,54.16766804355989,84.22493428464138,88.06571535861809
60.424771200006944,54.053413579085955,84.14801579838254,88.61914613503856
