timestamp,r,g,b
0.2411130000036792,192.2868448893229,193.644287109375,189.57415771484375
0.3176277000020491,190.8920694986979,193.90447998046875,188.8670450846354
0.3303978000039933,190.8920694986979,193.90447998046875,188.8670450846354
0.3469991000019945,189.92909749348956,194.5314737955729,188.63492838541666
0.36005499999737367,189.9858194986979,194.1082560221354,189.04278564453125
0.3736023000019486,189.65791829427081,194.33742268880206,188.89276123046875
0.40392330000031507,190.466064453125,195.45072428385416,189.68400065104166
0.43724610000208486,190.99892171223956,195.32076009114581,190.40128580729166
0.46966799999790965,190.50531005859375,195.1218058268229,189.6199951171875
0.5004727999985334,190.93990071614581,195.69657389322916,190.0303955078125
0.5327933000007761,190.7625528971354,195.73683675130206,190.02534993489581
0.5637123999986215,190.80983479817706,195.88409423828125,190.03839111328125
0.5971330000029411,190.76997884114581,195.9405314127604,190.04616292317706
0.6287766000023112,190.73811848958331,195.87202962239581,189.90177408854166
0.6765347999971709,190.5973917643229,195.69547526041666,189.75126139322916
0.7098626000006334,190.44185384114581,195.5309855143229,189.62300618489581
0.7412535999974352,190.25286865234375,195.48760986328125,189.6622111002604
0.7728306999997585,190.23771158854166,195.38326009114581,189.6307373046875
0.8060562000027858,190.2657470703125,195.3756103515625,189.61014811197916
0.8387130999981309,190.18255615234375,195.3160196940104,189.5615030924479
0.8696659999986878,190.22808837890625,195.23954264322916,189.45967610677081
0.8995929000011529,190.05983479817706,195.1876017252604,189.43621826171875
0.9313611999968998,190.03420003255206,195.09822591145831,189.3395792643229
0.9628618999995524,189.9000040690104,195.0778605143229,189.37872314453125
1.0145355999993626,189.92982991536456,195.02040608723956,189.37892659505206
1.0457543000011356,189.88051350911456,195.0452880859375,189.38326009114581
1.077802799998608,189.92032877604166,195.0130411783854,189.45511881510416
1.1096651999978349,189.90958658854166,195.0018310546875,189.41312662760416
1.14193140000134,189.794677734375,194.9808349609375,189.24186197916666
1.1736333000008017,189.72499593098956,194.90999348958331,189.27193196614581
1.2046149000016158,189.7281290690104,194.88590494791666,189.13063557942706
1.2376748000024236,189.73897298177081,194.94197591145831,189.25301106770831
1.2695758999980171,189.92317708333331,195.11419677734375,189.38344319661456
1.3017382999969414,190.10591634114581,195.30983479817706,189.5390625
1.3496670000022277,190.24725341796875,195.4478759765625,189.64737955729166
1.38169100000232,190.40913899739581,195.49772135416666,189.73722330729166
1.4139959000021918,190.47013346354166,195.6080322265625,189.7535400390625
1.4453791999985697,190.47662353515625,195.75113932291666,189.90865071614581
1.4776477999985218,190.62799072265625,195.80202229817706,189.98933919270831
1.5096169000025839,190.7100626627604,195.85054524739581,190.04408772786456
1.5405039000033867,190.89815266927081,195.98799641927081,190.2203369140625
1.5738637000031304,191.02736409505206,196.1865234375,190.3189493815104
1.6034710000021732,191.1470947265625,196.27140299479166,190.4404296875
1.6512962999986485,191.1246134440104,196.2691446940104,190.30507405598956
1.6844657999972696,191.1258341471354,196.26497395833331,190.41984049479166
1.717054200002167,191.20375569661456,196.26851399739581,190.49208577473956
1.7349181000026874,191.20375569661456,196.26851399739581,190.49208577473956
1.7497615000029327,191.1260986328125,196.3297119140625,190.3764444986979
1.8123587000009138,191.35699462890625,196.43916829427081,190.60160319010416
1.843560900000739,191.3487548828125,196.51851399739581,190.61263020833331
1.8773732999979984,191.26582845052081,196.48527018229166,190.66107177734375
1.909177000001364,191.4155069986979,196.41754150390625,190.603759765625
1.9405222999994294,191.33638509114581,196.49735514322916,190.50557454427081
1.986880000004021,191.3240763346354,196.47052001953125,190.56734212239581
2.01939339999808,191.27716064453125,196.49772135416666,190.5544230143229
2.038621699997748,191.27716064453125,196.49772135416666,190.5544230143229
2.0536369000037666,191.27652994791666,196.48402913411456,190.5797119140625
2.0825943000018015,191.30938720703125,196.44704182942706,190.64119466145831
2.11685060000309,191.20819091796875,196.50105794270831,190.52406819661456
2.149595100003353,191.27325439453125,196.39278157552081,190.47054036458331
2.213814499998989,191.25465901692706,196.4202880859375,190.43196614583331
2.2455841999981203,191.2197265625,196.44502766927081,190.52101643880206
2.2912403000009363,191.3480224609375,196.45375569661456,190.46476236979166
2.324025800000527,191.209228515625,196.42594401041666,190.52239990234375
2.35670140000002,191.20660400390625,196.35426839192706,190.47597249348956
2.3727923999977065,191.20660400390625,196.35426839192706,190.47597249348956
2.389581299998099,191.14945475260416,196.2842814127604,190.39833577473956
2.419576899999811,191.1071573893229,196.27667236328125,190.33412679036456
2.4526896000024863,191.04608154296875,196.21026611328125,190.3742472330729
2.48391730000003,191.03926595052081,196.21053059895831,190.41288248697916
2.517424400000891,191.0986328125,196.19698079427081,190.2776896158854
2.5497591000021202,191.0137939453125,196.2407023111979,190.33943684895831
2.628557299998647,191.00785319010416,196.11024983723956,190.1895751953125
2.6629140000004554,190.87587483723956,196.07936604817706,190.21769205729166
2.6921188999986043,190.8188273111979,196.05190022786456,190.11075846354166
2.7086138000013307,190.8188273111979,196.05190022786456,190.11075846354166
2.7259810000032303,190.810546875,195.96370442708331,190.08036295572916
2.758597899999586,190.7776896158854,195.96547444661456,190.14801025390625
2.789445700000215,190.88454182942706,195.9749755859375,190.06764729817706
2.822963999999047,190.73974609375,196.04423014322916,190.11177571614581
2.8529237000038847,190.82417805989581,196.02813720703125,190.1839396158854
2.8843056999976397,190.8048095703125,195.9930216471354,190.21687825520831
2.9149813999974867,190.84539794921875,195.98724365234375,190.18583170572916
2.9642471999977715,190.72762044270831,195.95328776041666,190.0396728515625
2.996169899997767,190.64056396484375,195.70361328125,189.87154134114581
3.0297962999975425,190.4011027018229,195.53399658203125,189.69384765625
3.060694500003592,190.2887980143229,195.4013671875,189.6116943359375
3.093994399998337,190.2272745768229,195.4311319986979,189.62215169270831
3.125272800003586,190.34549967447916,195.40008544921875,189.6841837565104
3.1581023999970057,190.29974365234375,195.42140706380206,189.60139973958331
3.189583899998979,190.28011067708331,195.37038167317706,189.56396484375
3.2226196999981767,190.29547119140625,195.37274169921875,189.64676920572916
3.2700038999973913,190.2659708658854,195.36928304036456,189.7531534830729
3.300555300003907,190.27569580078125,195.375,189.63104248046875
3.334464100000332,190.30474853515625,195.29604085286456,189.60078938802081
3.364206500002183,190.18719482421875,195.3395792643229,189.54689534505206
3.397076000001107,190.28114827473956,195.31508382161456,189.5364786783854
3.4297532999989926,190.36287434895831,195.47347005208331,189.68505859375
3.460520300002827,190.46248372395831,195.5877685546875,189.71004231770831
3.492863200001011,190.61295572916666,195.67496744791666,189.85125732421875
3.5263606000007712,190.65234375,195.74346923828125,189.9636027018229
3.557083200001216,190.69618733723956,195.77862548828125,189.96026611328125
3.6062967000034405,190.8043009440104,195.73799641927081,189.99456787109375
3.635858100002224,190.76214599609375,195.89174397786456,189.98280843098956
3.669849300000351,190.8892618815104,195.9684855143229,190.1851603190104
3.7024852000031387,190.9791056315104,196.112060546875,190.22147623697916
3.7363278999982867,191.0524698893229,196.18790690104166,190.3499552408854
3.7685222000000067,191.14434814453125,196.26527913411456,190.46136474609375
3.7975472999969497,191.20306396484375,196.32216389973956,190.49245198567706
3.829756899998756,191.26424153645831,196.3758544921875,190.4651896158854
3.860684500003117,191.326904296875,196.3475138346354,190.45965576171875
3.910068899996986,191.41239420572916,196.38216145833331,190.5250040690104
3.939598600001773,191.33087158203125,196.40472412109375,190.40313720703125
3.973675200002617,191.3973388671875,196.43538411458331,190.58949788411456
4.004156199996942,191.4488321940104,196.44950358072916,190.5693155924479
4.036657099997683,191.28959147135416,196.47060139973956,190.53790283203125
4.069889300000796,191.27388509114581,196.42399088541666,190.43648274739581
4.101633799997217,191.3599853515625,196.4076944986979,190.5634562174479
4.136084099998698,191.3813273111979,196.43044026692706,190.54937744140625
4.167779100003827,191.42580159505206,196.4910888671875,190.6087646484375
4.1984968000033405,191.45062255859375,196.57767740885416,190.64298502604166
4.244059299999208,191.44966634114581,196.59613037109375,190.60221354166666
4.275007800002641,191.5849405924479,196.57509358723956,190.63289388020831
4.307747500002733,191.433349609375,196.53619384765625,190.61519368489581
4.33971290000045,191.4520060221354,196.42897542317706,190.46952311197916
4.374115600003279,191.3082071940104,196.47222900390625,190.50927734375
4.40496990000247,191.21842447916666,196.36012776692706,190.47027587890625
4.435223400003451,191.13043212890625,196.3609415690104,190.4361368815104
4.470051000003878,191.13871256510416,196.25764973958331,190.26949055989581
4.502190400002291,191.00113932291666,196.20540364583331,190.24224853515625
4.534064699997543,191.00807698567706,196.04443359375,190.2820841471354
4.58512470000278,190.93499755859375,195.96510823567706,190.1767374674479
4.61536260000139,190.80619303385416,195.9345703125,190.08089192708331
4.644777699999395,190.76216634114581,195.90047200520831,190.0014444986979
4.675430800001777,190.68994140625,195.9179484049479,189.95292154947916
4.709749599998759,190.72696940104166,195.784423828125,189.99344889322916
4.741653600001882,190.6611124674479,195.80214436848956,189.8929239908854
4.77495739999722,190.64554850260416,195.7298583984375,189.95367431640625
4.806125299997802,190.60453287760416,195.70621744791666,189.8647257486979
4.835902899998473,190.54335530598956,195.7442626953125,189.86256917317706
4.884087200000067,190.6559855143229,195.6878458658854,189.88724772135416
4.915262299997266,190.61043294270831,195.699951171875,189.93861897786456
4.949456200003624,190.6204833984375,195.7300821940104,189.87467447916666
4.9696715000027325,190.6204833984375,195.7300821940104,189.87467447916666
5.014238499999919,190.59328206380206,195.7963663736979,189.90848795572916
5.04504640000232,190.6031290690104,195.7739054361979,189.9261474609375
5.077828900000895,190.62679036458331,195.79740397135416,189.88344319661456
5.109469299997727,190.72332763671875,195.85113525390625,190.00885009765625
5.139573400003428,190.751708984375,195.91377766927081,189.99342854817706
5.174821100001282,190.81378173828125,195.90338134765625,190.0191446940104
5.222510400002648,190.7884521484375,195.9237060546875,189.96077473958331
5.251172199998109,190.73736572265625,195.84619140625,189.98915608723956
5.277447699998447,190.73736572265625,195.84619140625,189.98915608723956
5.289621500000067,190.76664225260416,195.792724609375,189.92919921875
5.318751999999222,190.74711100260416,195.7366739908854,189.92496744791666
5.349458299999242,190.6650187174479,195.72768147786456,189.9148966471354
5.413572999997996,190.7081095377604,195.67213948567706,189.86665852864581
5.444068500000867,190.6534220377604,195.6640421549479,189.9139404296875
5.476317499997094,190.630615234375,195.6047159830729,189.71710205078125
5.525929900002666,190.55171712239581,195.61651611328125,189.676025390625
5.555940099999134,190.51800537109375,195.60137939453125,189.70430501302081
5.589428600003885,190.57731119791666,195.47810872395831,189.6734415690104
5.609482899999421,190.57731119791666,195.47810872395831,189.6734415690104
5.6258728000029805,190.5153605143229,195.54496256510416,189.71480305989581
5.6537828000000445,190.50933837890625,195.50026448567706,189.5623575846354
5.685173700003361,190.48331705729166,195.46923828125,189.69386800130206
5.71932740000193,190.45320638020831,195.44112141927081,189.67093912760416
5.749787499997183,190.39119466145831,195.45941162109375,189.65093994140625
5.8149932000014815,190.35744222005206,195.40458170572916,189.6175333658854
5.859715300000971,190.43391927083331,195.3858439127604,189.6697794596354
5.893182699997851,190.53236897786456,195.4311319986979,189.53177897135416
5.92366320000292,190.51564534505206,195.46046956380206,189.67488606770831
5.943636399999377,190.51564534505206,195.46046956380206,189.67488606770831
5.95849669999734,190.45538330078125,195.492431640625,189.692138671875
5.989415000003646,190.51700846354166,195.4512939453125,189.67626953125
6.020933799998602,190.36702473958331,195.47259521484375,189.61258951822916
6.0526238000020385,190.33192952473956,195.42852783203125,189.60439046223956
6.086565600002359,190.37624104817706,195.3422648111979,189.7064005533854
6.117443499999354,190.38627115885416,195.3221232096354,189.52620442708331
6.149262999999337,190.2908935546875,195.366943359375,189.53839111328125
6.2301187999983085,190.26991780598956,195.34442138671875,189.5675048828125
6.245110399999248,190.26991780598956,195.34442138671875,189.5675048828125
6.260671900003217,190.23358154296875,195.29545084635416,189.51247151692706
6.293579800003499,190.29520670572916,195.23687744140625,189.42500813802081
6.32548620000307,190.26955159505206,195.29608154296875,189.53731282552081
6.358375199997681,190.30133056640625,195.36244710286456,189.56575520833331
6.3895045000026585,190.32568359375,195.39276123046875,189.49566650390625
6.423094800004037,190.38675944010416,195.39615885416666,189.6189982096354
6.4510558999973,190.45638020833331,195.46929931640625,189.68035888671875
6.503138000000035,190.5232950846354,195.48659261067706,189.66361490885416
6.535621100003482,190.5826416015625,195.52809651692706,189.6971435546875
6.564278400001058,190.5020548502604,195.6268310546875,189.761474609375
6.596989500001655,190.6728515625,195.6561279296875,189.8741251627604
6.6295698000030825,190.7389933268229,195.749755859375,189.94466145833331
6.661484299998847,190.74428304036456,195.83355712890625,190.04288736979166
6.6935040000025765,190.83673095703125,195.91693115234375,189.91898600260416
6.725531399999454,190.90047200520831,195.93609619140625,190.04915364583331
6.756432599999243,190.89912923177081,195.99991861979166,190.060791015625
6.787471100004041,190.91792805989581,196.0298868815104,190.13722737630206
6.838688800002274,190.89241536458331,196.0833740234375,190.08768717447916
6.8704518000013195,190.98836263020831,196.07552083333331,190.19936116536456
6.9036801000038395,190.89687093098956,196.13199869791666,190.2425333658854
6.9343232000028365,190.89272054036456,196.1248575846354,190.22804768880206
6.964288499999384,190.91876220703125,196.14198811848956,190.2319132486979
6.995945499998925,190.96431477864581,196.13114420572916,190.3537394205729
7.028531700001622,190.89778645833331,196.19295247395831,190.31034342447916
7.0628910000014,190.89322916666666,196.23067220052081,190.32743326822916
7.093187099999341,191.0737101236979,196.18684895833331,190.31927490234375
7.1404756999982055,191.03643798828125,196.23647054036456,190.27528889973956
7.173292500003299,191.02447509765625,196.19571940104166,190.31109619140625
7.20458260000305,190.96771240234375,196.21877034505206,190.37774658203125
7.2354252000004635,190.94230143229166,196.24446614583331,190.23457845052081
7.26979510000092,191.0283203125,196.1935831705729,190.2515869140625
7.303586000001815,190.96402994791666,196.22603352864581,190.33150227864581
7.33463550000306,191.14595540364581,196.22540283203125,190.34539794921875
7.369628499996907,191.0556640625,196.25543212890625,190.35670979817706
7.397819199999503,191.09259033203125,196.28216552734375,190.3445841471354
7.429442100001324,191.0710245768229,196.2808634440104,190.3077189127604
7.4762358000007225,191.0706583658854,196.26442464192706,190.3386027018229
7.506920300002093,191.0722452799479,196.22554524739581,190.3666788736979
7.5395005000027595,191.08345540364581,196.20599365234375,190.37506103515625
7.57375250000041,191.02711995442706,196.19228108723956,190.28592936197916
7.603312999999616,191.00795491536456,196.14579264322916,190.28889973958331
7.636339800003043,190.90907796223956,196.21134440104166,190.23028564453125
7.669425500003854,191.04718017578125,196.09027099609375,190.2569376627604
7.70360719999735,190.9322509765625,196.12860107421875,190.2080078125
7.735232099999848,190.93782552083331,196.1417236328125,190.19915771484375
7.765867200003413,190.9117228190104,196.11678059895831,190.2001953125
7.813587099997676,190.8328653971354,196.10774739583331,190.2676798502604
7.844112999999197,190.8620402018229,196.066650390625,190.1474609375
7.878599199997552,190.7792765299479,196.0733439127604,190.07216389973956
7.907408799997938,190.7997843424479,196.0335693359375,190.0854288736979
7.939305300002161,190.89021809895831,195.93583170572916,190.1656290690104
7.974548700003652,190.73756917317706,196.02675374348956,190.06526692708331
8.00385880000249,190.7254435221354,196.0062255859375,190.1087646484375
8.035461400002532,190.7176310221354,196.03200276692706,190.10369873046875
8.070592099997157,190.79762776692706,196.0499267578125,190.12969970703125
8.11835560000327,190.91727701822916,196.0566202799479,190.08221435546875
8.150663100001111,190.778564453125,196.0729777018229,190.1950480143229
8.185280700003204,190.8537394205729,196.05544026692706,190.10831705729166
8.214314400000148,190.88907877604166,196.06890869140625,190.147705078125
8.245006600001943,190.77809651692706,196.13663736979166,190.17569986979166
8.27772510000068,190.8331298828125,196.15175374348956,190.23048909505206
8.308145299997705,191.00020345052081,196.146484375,190.29559326171875
8.339347799999814,191.09708658854166,196.12355550130206,190.23089599609375
8.374378200001956,191.11708577473956,196.17215983072916,190.22591145833331
8.403912699999637,191.12141927083331,196.20320638020831,190.28780110677081
8.45401480000146,191.090576171875,196.33964029947916,190.2979532877604
8.487545800002408,191.2589111328125,196.35646565755206,190.41206868489581
8.50728550000349,191.2589111328125,196.35646565755206,190.41206868489581
8.522821099999419,191.43534342447916,196.39579264322916,190.46364339192706
8.549472600003355,191.424560546875,196.52193196614581,190.56085205078125
8.613803500003996,191.604248046875,196.67374674479166,190.6742960611979
8.645010100000945,191.62227376302081,196.69913736979166,190.74603271484375
8.676545299997088,191.76444498697916,196.73183186848956,190.78106689453125
8.707755700001144,191.92020670572916,196.85884602864581,190.82381184895831
8.75665879999724,191.90594482421875,196.97713216145831,190.97564697265625
8.787450900003023,192.12139892578125,197.08378092447916,191.07442220052081
8.81996600000275,192.21636962890625,197.19254557291666,191.2449747721354
8.83872600000177,192.21636962890625,197.19254557291666,191.2449747721354
8.855053600003885,192.32012939453125,197.3091837565104,191.26910400390625
8.886299099998723,192.45987955729166,197.39105224609375,191.25813802083331
8.915680899997824,192.66188557942706,197.3963623046875,191.33890787760416
8.949586499998986,192.63616943359375,197.54093424479166,191.4473673502604
9.01199440000346,192.81976318359375,197.68365478515625,191.58626302083331
9.044029900003807,192.9277140299479,197.679443359375,191.55202229817706
9.092708199998015,192.9447021484375,197.77095540364581,191.54860432942706
9.12397719999717,192.8712158203125,197.75699869791666,191.72176106770831
9.1574752000015,192.95719401041666,197.72896321614581,191.63385009765625
9.175893300001917,192.95719401041666,197.72896321614581,191.63385009765625
9.189620400000422,192.89497884114581,197.77443440755206,191.65240478515625
9.219929999999295,192.85268147786456,197.69728597005206,191.5784912109375
9.254093600000488,192.8326212565104,197.74454752604166,191.51430257161456
9.287043500000436,192.87384033203125,197.70210774739581,191.6690673828125
9.317374899997958,192.90338134765625,197.68939208984375,191.52067057291666
9.350570800001151,192.79994710286456,197.6983642578125,191.61944580078125
9.429760200000601,192.8663330078125,197.64666748046875,191.60268147786456
9.46019299999898,192.85335286458331,197.75032552083331,191.6259562174479
9.481624500003818,192.85335286458331,197.75032552083331,191.6259562174479
9.496655399998417,192.8494669596354,197.72987874348956,191.5615234375
9.523645699999179,192.97163899739581,197.74845377604166,191.6169230143229
9.558531000002404,192.99517822265625,197.80592854817706,191.64961751302081
9.589732300002652,192.91585286458331,197.8394571940104,191.68084716796875
9.62255390000064,193.00349934895831,197.81453450520831,191.74245198567706
9.653996400003962,193.0018107096354,197.84930419921875,191.68727620442706
9.687290300003951,192.9671630859375,197.87331136067706,191.80804443359375
9.733129599997483,193.00166829427081,197.84505208333331,191.799072265625
9.771661999999196,193.09547932942706,197.7472941080729,191.66621907552081
9.7975213000027,193.01039632161456,197.8607177734375,191.81722005208331
9.82756089999748,193.05499267578125,197.75994873046875,191.65504964192706
9.862839599998551,192.92047119140625,197.80084228515625,191.7609659830729
9.89353619999747,192.97517903645831,197.80865478515625,191.70314534505206
9.925250300002517,193.00893147786456,197.81313069661456,191.71844482421875
9.955661500003771,192.955810546875,197.80061848958331,191.7479044596354
9.98846990000311,192.93878173828125,197.82283528645831,191.64029947916666
10.020465000001423,192.97774251302081,197.7862548828125,191.69938151041666
10.06942859999981,193.0610148111979,197.79937744140625,191.6626993815104
10.103080300003057,192.91984049479166,197.86344401041666,191.61836751302081
10.135729100002209,192.98103841145831,197.79935709635416,191.7887980143229
10.16870100000233,192.98409016927081,197.81512451171875,191.620361328125
10.195322500003385,192.97049967447916,197.7603759765625,191.7261759440104
10.2283740999992,193.03668212890625,197.78397623697916,191.55098470052081
10.259847100001934,192.9996134440104,197.79842122395831,191.67201741536456
10.29383190000226,192.95670572916666,197.77467854817706,191.57570393880206
10.325075200002175,192.95074462890625,197.7547403971354,191.59977213541666
10.374254700000165,192.9306437174479,197.7598876953125,191.65840657552081
10.404661699998542,192.85257975260416,197.822509765625,191.67118326822916
10.437208199997258,192.912109375,197.78169759114581,191.62841796875
10.469942900002934,192.93986002604166,197.76118977864581,191.61307779947916
10.502044599998044,192.94291178385416,197.72735595703125,191.57600911458331
10.536021100000653,192.94140625,197.75872802734375,191.57173665364581
10.569974700003513,192.97737630208331,197.76210530598956,191.64040120442706
10.595980600002804,193.14886474609375,197.70269775390625,191.620849609375
10.628506100001687,192.98624674479166,197.7223917643229,191.6518351236979
10.661498499997833,192.99466959635416,197.7890625,191.62709554036456
10.707723599996825,192.9236857096354,197.8489990234375,191.61381022135416
10.741396299999906,192.988525390625,197.82623291015625,191.72578938802081
10.774828000001435,193.04591878255206,197.77874755859375,191.66109212239581
10.806158300001698,193.05181884765625,197.79960123697916,191.7331339518229
10.83702379999886,193.0389404296875,197.81522623697916,191.79730224609375
10.869663400000718,193.0345458984375,197.83223470052081,191.69435628255206
10.90293969999766,193.07167561848956,197.8299560546875,191.65285237630206
10.93616650000331,193.0875040690104,197.75899251302081,191.6981201171875
10.969067500001984,193.07218424479166,197.83292643229166,191.65262858072916
11.014607299999625,193.05240885416666,197.88175455729166,191.65128580729166
11.045951200001582,193.07155354817706,197.796630859375,191.70589192708331
11.077414699997462,193.0711669921875,197.8124796549479,191.70613606770831
11.109155300000566,193.0562540690104,197.794189453125,191.69659423828125
11.139557599999534,193.02069091796875,197.8182373046875,191.65120442708331
11.17282189999969,193.01922607421875,197.81099446614581,191.64383951822916
11.205719099998532,193.096923828125,197.7674560546875,191.7188517252604
11.237022799999977,192.93316650390625,197.80415852864581,191.68452962239581
11.270161400003417,192.90704345703125,197.84029134114581,191.61029052734375
11.301642099999299,192.97096761067706,197.74249267578125,191.69655354817706
11.349941400003445,192.9410196940104,197.81190999348956,191.740966796875
11.379655700002331,192.97403971354166,197.7616984049479,191.63055419921875
11.414995300001465,192.95780436197916,197.80922444661456,191.67909749348956
11.443697800001246,192.90779622395831,197.8214111328125,191.73305257161456
11.4777843999982,193.03704833984375,197.76796468098956,191.6946818033854
11.509601899997506,192.97261555989581,197.82818603515625,191.63895670572916
11.53947170000174,192.95670572916666,197.81435139973956,191.6885782877604
11.572772799998347,193.03955078125,197.7820841471354,191.7044677734375
11.604459200003475,192.93788655598956,197.8016153971354,191.75164794921875
11.636213199999474,193.0153605143229,197.755615234375,191.665283203125
11.687476300001435,192.92926025390625,197.7969970703125,191.668701171875
11.717323400000168,192.9000040690104,197.83742268880206,191.74853515625
11.73400959999708,192.9000040690104,197.83742268880206,191.74853515625
11.74970939999912,192.96761067708331,197.83536783854166,191.75630696614581
11.813768300002266,192.99955240885416,197.7742919921875,191.6856486002604
11.846419499997864,192.99013264973956,197.7851359049479,191.77274576822916
11.877587100003439,192.88057454427081,197.86236572265625,191.67989095052081
11.910077200001979,192.97743733723956,197.7880655924479,191.7990519205729
11.941271299998334,192.84769694010416,197.7979736328125,191.7247111002604
11.98834760000318,193.009765625,197.8175048828125,191.6812744140625
12.021422700003313,193.01847330729166,197.82582600911456,191.63981119791666
12.052679599997646,193.03544108072916,197.7725830078125,191.70574951171875
12.068420299998252,193.03544108072916,197.7725830078125,191.70574951171875
12.08607270000357,192.98014322916666,197.81585693359375,191.68013509114581
12.116453900001943,192.98148600260416,197.8165283203125,191.55865478515625
12.149409700003162,192.91349283854166,197.8519083658854,191.56593831380206
12.213509300003352,192.97072347005206,197.7894083658854,191.69728597005206
12.245235299997148,192.9590861002604,197.80364990234375,191.60308837890625
12.276837999997952,192.96649169921875,197.77223714192706,191.66943359375
12.325121399997442,192.86942545572916,197.84405517578125,191.67047119140625
12.358508400000574,192.93310546875,197.82179768880206,191.67431640625
12.389629999997851,192.96405029296875,197.74922688802081,191.70841471354166
12.403257400001166,192.96405029296875,197.74922688802081,191.70841471354166
12.420459499997378,192.93731689453125,197.7833251953125,191.613037109375
12.452931899999385,192.93282063802081,197.8085734049479,191.76851399739581
12.488659399998141,192.96803792317706,197.8046671549479,191.62723795572916
12.518808400003763,192.96435546875,197.8202921549479,191.62481689453125
12.549663099998725,192.95058186848956,197.82489013671875,191.69669596354166
12.626852499997767,192.95792643229166,197.78446451822916,191.6730753580729
12.66050830000313,192.96248372395831,197.76053873697916,191.79838053385416
12.69584179999947,192.98636881510416,197.8251749674479,191.65264892578125
12.708558099999209,192.98636881510416,197.8251749674479,191.65264892578125
12.7256578000015,192.87335205078125,197.80043538411456,191.7825927734375
12.757536099998106,192.98319498697916,197.79899088541666,191.7345987955729
12.788025200003176,192.96419270833331,197.79750569661456,191.65669759114581
12.819490300003963,192.92451985677081,197.7679239908854,191.63330078125
12.85196949999954,192.99515787760416,197.75166829427081,191.65205891927081
12.886985099998128,192.98577880859375,197.74723307291666,191.6826171875
12.918747900002927,192.90201822916666,197.81500244140625,191.614501953125
12.968317099999695,192.9393107096354,197.7968546549479,191.6985880533854
13.034032700001262,193.00423177083331,197.79656982421875,191.62361653645831
13.044385300003341,193.00423177083331,197.79656982421875,191.62361653645831
13.063339899999846,192.99137369791666,197.76605224609375,191.6327921549479
13.095771400003287,192.96014404296875,197.7835693359375,191.63753255208331
13.123889000002237,193.0268351236979,197.7859903971354,191.76509602864581
13.155320799996844,192.99709065755206,197.81239827473956,191.69327799479166
13.187639499999932,193.02213541666666,197.82979329427081,191.66583251953125
13.219960700000229,192.96980794270831,197.80863444010416,191.67826334635416
13.251980599998205,192.97108968098956,197.85573323567706,191.6755167643229
13.302720799998497,192.98162841796875,197.8287353515625,191.75809733072916
13.33418679999886,193.0673624674479,197.83317057291666,191.69645182291666
13.369579199999862,193.02801513671875,197.82572428385416,191.67987060546875
13.398724899998342,192.99273681640625,197.83732096354166,191.6783447265625
13.427623000003223,192.98372395833331,197.82741292317706,191.76605224609375
13.460343200000352,192.97845458984375,197.83864339192706,191.75907389322916
13.49582139999984,192.9632568359375,197.83829752604166,191.6676025390625
13.525871799996821,193.03466796875,197.7841796875,191.6429239908854
13.557101300000795,193.04901123046875,197.78653971354166,191.70023600260416
13.60442029999831,192.96718343098956,197.77016194661456,191.56378173828125
13.637329400000453,192.92753092447916,197.8104044596354,191.7034708658854
13.66991340000095,192.96586100260416,197.77921549479166,191.61612955729166
13.702491399999417,192.9912109375,197.76031494140625,191.70729573567706
13.734419499996875,192.961181640625,197.77150472005206,191.66424560546875
13.768560999997135,192.94075520833331,197.75604248046875,191.58015950520831
13.797885200001474,192.92421468098956,197.7560831705729,191.69659423828125
13.828801199997542,192.93680826822916,197.7719523111979,191.65193684895831
13.861712700003409,192.9046630859375,197.8099365234375,191.61903889973956
13.892614299998968,193.00343831380206,197.79911295572916,191.66263834635416
13.940504799997143,192.89052327473956,197.76971435546875,191.65702311197916
13.9740501999986,193.01806640625,197.77266438802081,191.6669921875
14.005055000001448,192.92799886067706,197.77836100260416,191.62701416015625
14.037157200000365,192.8961181640625,197.81453450520831,191.6905314127604
14.069638499997382,192.91007486979166,197.83563232421875,191.6580607096354
14.103066800002125,192.99373372395831,197.79298909505206,191.63338216145831
14.134421599999769,192.9256388346354,197.83644612630206,191.6541544596354
14.169569300000148,192.8840128580729,197.84627278645831,191.7142130533854
14.196529900000314,192.93324788411456,197.79913330078125,191.71364339192706
14.245544600002177,192.91326904296875,197.86710611979166,191.7525634765625
14.278779300002498,193.0149943033854,197.78289794921875,191.89111328125
14.311781000003975,192.92543538411456,197.7908732096354,191.73966471354166
14.340498500001559,192.99574788411456,197.81976318359375,191.69927978515625
14.37299570000323,192.8956298828125,197.8194376627604,191.6563517252604
14.404977500002133,192.9598388671875,197.79231770833331,191.66290283203125
14.437977499997942,192.93157958984375,197.7963663736979,191.7528076171875
14.469912300002761,192.97762044270831,197.79890950520831,191.74957275390625
14.500927000000956,193.02357991536456,197.80192057291666,191.7477823893229
14.534023300002445,192.95316569010416,197.8652140299479,191.71059163411456
14.579714300001797,192.94875081380206,197.8046671549479,191.6904093424479
14.613538199999311,193.0574951171875,197.76790364583331,191.75118001302081
14.645526400003291,193.04069010416666,197.77618408203125,191.7324015299479
14.677244200000132,192.99294026692706,197.80000813802081,191.65728759765625
14.708780300003127,192.95735677083331,197.8501993815104,191.70257568359375
14.74159260000306,192.96339925130206,197.82122802734375,191.70318603515625
14.774316399998497,192.97296142578125,197.7521769205729,191.6633097330729
14.803790400001162,193.0322062174479,197.76310221354166,191.6353556315104
14.836906999997154,192.9676310221354,197.8163859049479,191.64967854817706
14.869811600001412,193.0532023111979,197.80108642578125,191.68202718098956
14.918872100002773,192.99833170572916,197.78688557942706,191.66058349609375
14.949656999997387,192.94793701171875,197.80999755859375,191.686279296875
14.968777299996873,192.94793701171875,197.80999755859375,191.686279296875
15.016033300002164,192.94189453125,197.80169677734375,191.72369384765625
15.04427289999876,192.9848429361979,197.80739339192706,191.700439453125
15.075720200002252,192.94805908203125,197.79964192708331,191.653076171875
15.108726200000092,192.9564208984375,197.7818603515625,191.7050577799479
15.141486400003487,193.05257161458331,197.73663330078125,191.6199747721354
15.173001100003603,192.94317626953125,197.7667236328125,191.5904337565104
15.221612800000003,192.99690755208331,197.7889200846354,191.68068440755206
15.252937299999758,192.932373046875,197.78841145833331,191.6317138671875
15.288509300000442,192.97829182942706,197.76198323567706,191.60078938802081
15.30159360000107,192.97829182942706,197.76198323567706,191.60078938802081
15.316548399998283,192.957763671875,197.77984619140625,191.68373616536456
15.351823400000285,193.00685628255206,197.70576985677081,191.6412150065104
15.416037900002266,192.955810546875,197.786865234375,191.76318359375
15.445883000000322,192.97357177734375,197.82291666666666,191.60854085286456
15.478642900001432,192.9745890299479,197.78926595052081,191.72218831380206
15.509833800002525,192.975830078125,197.80910237630206,191.72963460286456
15.556186699999671,193.00441487630206,197.8143310546875,191.68868001302081
15.58848730000318,193.00958251953125,197.78535970052081,191.6347452799479
15.623063999999431,192.97585042317706,197.80104573567706,191.6598917643229
15.636334399998304,192.97585042317706,197.80104573567706,191.6598917643229
15.653834700002335,193.06874593098956,197.78236897786456,191.6620890299479
15.688520099996822,192.97029622395831,197.82096354166666,191.7410685221354
15.718433599999116,193.0173136393229,197.76955159505206,191.56937662760416
15.750032399999327,192.9732462565104,197.81363932291666,191.61322021484375
15.815947299997788,192.96659342447916,197.80318196614581,191.70381673177081
15.860257699998328,192.9258829752604,197.75649007161456,191.58833821614581
15.89519019999716,193.0521036783854,197.75685628255206,191.58626302083331
15.926028300003964,193.00478108723956,197.78955078125,191.68339029947916
15.938019900000654,193.00478108723956,197.78955078125,191.68339029947916
15.958331000001635,192.9926554361979,197.73710123697916,191.71097819010416
15.989737399999285,192.98614501953125,197.77223714192706,191.63297526041666
16.022131400000944,192.9700927734375,197.8005167643229,191.6959025065104
16.052004700002726,192.95625813802081,197.7900390625,191.63226318359375
16.08775340000284,192.90004475911456,197.82942708333331,191.70290120442706
16.11715130000084,192.9610595703125,197.78731282552081,191.6917724609375
16.15181070000108,192.95503743489581,197.77834065755206,191.65877278645831
16.23303660000238,192.9154052734375,197.75872802734375,191.59962972005206
16.259615199996915,192.97515869140625,197.77677408854166,191.79522705078125
16.26944899999944,192.97515869140625,197.77677408854166,191.79522705078125
16.2924783999988,192.96246337890625,197.8049112955729,191.73958333333331
16.324819900000875,192.93953450520831,197.77583821614581,191.5804443359375
16.358440800002427,192.95656331380206,197.75640869140625,191.6757609049479
16.389458099998592,192.90053304036456,197.82000732421875,191.70570882161456
16.422517200000584,192.97233072916666,197.79302978515625,191.6617228190104
16.452899399999296,192.93292236328125,197.7891642252604,191.59242757161456
16.486355000000913,192.97353108723956,197.7698771158854,191.6246337890625
16.53395850000379,193.0186564127604,197.80692545572916,191.6485595703125
16.568527900002664,192.9667765299479,197.81752522786456,191.7397257486979
16.5975580000013,192.99666341145831,197.82537841796875,191.65865071614581
16.63208670000313,193.00233968098956,197.79142252604166,191.70672607421875
16.659688699997787,193.09027099609375,197.76416015625,191.6998087565104
16.696302399999695,193.04020182291666,197.83341471354166,191.63346354166666
16.724207899998873,193.0075480143229,197.85611979166666,191.71221923828125
16.755960399998003,192.98773193359375,197.81888834635416,191.5861612955729
16.78791259999707,193.01611328125,197.82513427734375,191.72454833984375
16.838186300003144,193.05562337239581,197.81266276041666,191.73193359375
16.869744199997513,193.07271321614581,197.84307861328125,191.67840576171875
16.901535099998,192.96537272135416,197.8047892252604,191.81520589192706
16.93470569999772,193.04191080729166,197.79278564453125,191.78279622395831
16.96366549999948,193.03271484375,197.80641682942706,191.70709228515625
16.997460300000967,193.02103678385416,197.81107584635416,191.60003662109375
17.027532000000065,193.02455647786456,197.82535807291666,191.72344970703125
17.059587399999145,192.9197998046875,197.900634765625,191.69435628255206
17.094788499998685,192.9609375,197.86370849609375,191.66035970052081
17.125589199997194,192.97845458984375,197.858154296875,191.66371663411456
17.17179049999686,193.0078125,197.8234659830729,191.69986979166666
17.204073799999605,192.97465006510416,197.85561116536456,191.7031046549479
17.236447000002954,193.0352579752604,197.79923502604166,191.80244954427081
17.269772500003455,193.04842122395831,197.79618326822916,191.6316935221354
17.301628699999128,193.0218302408854,197.7817179361979,191.71685791015625
17.334538000002794,193.061767578125,197.80145263671875,191.69710286458331
17.366901100001996,193.03828938802081,197.8154296875,191.69647216796875
17.39834990000236,192.9796142578125,197.85394287109375,191.75970458984375
17.435480699998152,193.08707682291666,197.77105712890625,191.7702433268229
17.47720069999923,193.005859375,197.8327433268229,191.66849772135416
17.51175879999937,193.08121744791666,197.83109537760416,191.70076497395831
17.5399630000029,193.00455729166666,197.84222412109375,191.7508341471354
17.573991899997054,193.07061767578125,197.81459554036456,191.6857706705729
17.60420709999744,192.964111328125,197.81190999348956,191.7481689453125
17.63625019999745,193.0556640625,197.7950236002604,191.67903645833331
17.66976589999831,192.9315185546875,197.82545979817706,191.67291259765625
17.70217280000361,193.0101114908854,197.81227620442706,191.6038614908854
17.735137000003306,192.954833984375,197.81722005208331,191.48687744140625
17.76436239999748,192.97159830729166,197.8200480143229,191.64430745442706
17.814142000002903,193.056884765625,197.77008056640625,191.6056925455729
17.84540289999859,192.8700968424479,197.8662109375,191.689453125
17.87638870000228,192.95782470703125,197.76611328125,191.5563761393229
17.90784249999706,193.02547200520831,197.8298136393229,191.71622721354166
17.942090999997163,193.14388020833331,197.78887939453125,191.7262980143229
17.97300840000389,192.9361572265625,197.81962076822916,191.783447265625
18.005828300003486,192.98490397135416,197.8047892252604,191.76554361979166
18.036956299998565,192.9727579752604,197.8121134440104,191.66628011067706
18.071876399997564,192.97607421875,197.80206298828125,191.67144775390625
18.104124700003013,193.00301106770831,197.8339640299479,191.64239501953125
18.15061330000026,193.02386474609375,197.79298909505206,191.67667643229166
18.17995940000401,193.00537109375,197.82509358723956,191.64337158203125
18.214749099999608,193.021240234375,197.7752482096354,191.5653076171875
18.246815099999367,192.94415283203125,197.79036458333331,191.6524658203125
18.27761350000219,192.96488444010416,197.8209025065104,191.64801025390625
18.309917999999016,192.91457112630206,197.80263264973956,191.68511962890625
18.340250900000683,193.00465901692706,197.7965087890625,191.699951171875
18.3718469000014,192.96514892578125,197.81422932942706,191.7266845703125
18.404200500001025,192.94303385416666,197.81510416666666,191.59370930989581
18.453956199999084,192.9820353190104,197.79890950520831,191.73282877604166
18.48771410000336,192.97737630208331,197.83394368489581,191.70145670572916
18.518721699998423,193.06292724609375,197.8121134440104,191.66158040364581
18.533696999998938,193.06292724609375,197.8121134440104,191.66158040364581
18.549653399997624,192.99542236328125,197.78011067708331,191.64357503255206
18.616180700002587,192.98555501302081,197.7824503580729,191.68170166015625
18.64426850000018,192.98201497395831,197.7607218424479,191.6912841796875
18.677355899999384,192.99723307291666,197.79361979166666,191.6754150390625
18.708571700000903,192.95404052734375,197.75661214192706,191.70184326171875
18.738993500002834,192.96415201822916,197.775634765625,191.5672403971354
18.789648999998462,193.00581868489581,197.77323404947916,191.70717366536456
18.822636900004,193.0186767578125,197.75691731770831,191.57255045572916
18.853090399999928,192.9803263346354,197.7728271484375,191.7000732421875
18.869653699999617,192.9803263346354,197.7728271484375,191.7000732421875
18.888692400003492,192.99361165364581,197.7512003580729,191.652099609375
18.91752909999923,192.97135416666666,197.74263509114581,191.6655069986979
18.94942009999795,192.88771565755206,197.82442220052081,191.64333089192706
19.012660499996855,192.93634033203125,197.75712076822916,191.60062662760416
19.0455976000012,192.93825276692706,197.832763671875,191.5889892578125
19.093753100001777,192.92301432291666,197.7706095377604,191.6464640299479
19.12419940000109,192.94118245442706,197.7668253580729,191.60988362630206
19.158518299998832,192.897216796875,197.81951904296875,191.6186319986979
19.174066999999923,192.897216796875,197.81951904296875,191.6186319986979
19.188757500000065,192.9377237955729,197.75335693359375,191.66133626302081
19.22046180000325,192.91961669921875,197.7796630859375,191.665771484375
19.25218219999806,192.9097696940104,197.7728068033854,191.74757893880206
19.28597090000403,192.88576253255206,197.75783284505206,191.65875244140625
19.31735689999914,193.0529581705729,197.7356974283854,191.547607421875
19.349729699999443,192.94189453125,197.78450520833331,191.5914103190104
19.433235099997546,192.95485432942706,197.8262939453125,191.6769816080729
19.460504499998933,192.92635091145831,197.80389404296875,191.65852864583331
19.495437199999287,192.88881429036456,197.78582763671875,191.6872355143229
19.50880909999978,192.88881429036456,197.78582763671875,191.6872355143229
19.523021200002404,192.9676310221354,197.7100830078125,191.6666259765625
19.559773200002383,193.01198323567706,197.73885091145831,191.66080729166666
19.588718400002108,192.95357259114581,197.7624308268229,191.63777669270831
19.62385340000037,192.95473225911456,197.76652018229166,191.69734700520831
19.654053700003715,193.00484212239581,197.7926025390625,191.52370198567706
19.686458299998776,192.95332845052081,197.7169189453125,191.63191731770831
19.714878400001908,192.95802815755206,197.7708740234375,191.734375
19.764609400001063,192.9937540690104,197.74733479817706,191.67706298828125
19.79594619999989,192.92596435546875,197.7509562174479,191.65938313802081
19.82864790000167,192.9892374674479,197.7589111328125,191.61024983723956
19.861932799998613,192.92264811197916,197.75264485677081,191.654541015625
19.89527839999937,192.90106201171875,197.7913614908854,191.56744384765625
19.925330199999735,193.05712890625,197.69683837890625,191.6388956705729
19.9567537000039,192.91996256510416,197.7474161783854,191.691162109375
19.98970250000275,192.88087972005206,197.74991861979166,191.55436197916666
20.020868200001132,192.9023234049479,197.73347981770831,191.64288330078125
20.06994449999911,192.77984619140625,197.78568522135416,191.61842854817706
20.103818399999,192.96901448567706,197.7485148111979,191.6403605143229
20.136252800002694,192.92366536458331,197.74794514973956,191.71309407552081
20.168543599997065,192.9733683268229,197.72072347005206,191.65938313802081
20.198643000003358,192.86429850260416,197.78472900390625,191.7061767578125
20.230560399999376,192.9446818033854,197.72322591145831,191.5535888671875
20.262136099998315,192.92572021484375,197.78609212239581,191.56707763671875
20.29342899999756,192.83125813802081,197.81068929036456,191.63067626953125
20.32387220000237,192.8468017578125,197.7455851236979,191.6673583984375
20.356297799997265,192.9249267578125,197.75079345703125,191.65348307291666
20.404629199998453,192.9465128580729,197.7083740234375,191.551025390625
20.436536300003354,192.93660481770831,197.7306925455729,191.61700439453125
20.46984849999717,192.9334716796875,197.7944132486979,191.69571940104166
20.50258400000166,192.90738932291666,197.75919596354166,191.676513671875
20.535240500001237,193.0107421875,197.6978759765625,191.62150065104166
20.56973350000044,192.92034912109375,197.80228678385416,191.7118937174479
20.59857159999956,192.89375813802081,197.75651041666666,191.65413411458331
20.630391099999542,192.85552978515625,197.8041788736979,191.58675130208331
20.662774399999762,192.92360432942706,197.7485148111979,191.59438069661456
20.711754500000097,192.9157511393229,197.79801432291666,191.66798909505206
20.741299300003448,192.97493489583331,197.73907470703125,191.7105509440104
20.77313310000318,192.8927001953125,197.75091552734375,191.52888997395831
20.805297300001257,192.96044921875,197.76173909505206,191.6742960611979
20.837463500000013,192.9159952799479,197.81337483723956,191.6107177734375
20.869678700000804,192.9596964518229,197.7375284830729,191.6552530924479
20.902451900001324,192.94952392578125,197.7852579752604,191.57244873046875
20.93589310000243,192.930908203125,197.8004150390625,191.51723225911456
20.968641799998295,192.8466593424479,197.75384521484375,191.583251953125
20.99691829999938,192.9925537109375,197.77750651041666,191.6773681640625
21.04553940000187,192.9013671875,197.82354736328125,191.53590901692706
21.075316000002204,192.872802734375,197.731689453125,191.60367838541666
21.109590100000787,192.9723917643229,197.78778076171875,191.63822428385416
21.141108099996927,192.9467569986979,197.7637736002604,191.69295247395831
21.17395309999847,192.87422688802081,197.777587890625,191.68048095703125
21.202777200000128,192.9520263671875,197.7732950846354,191.72676595052081
21.235963200000697,192.90301513671875,197.78971354166666,191.68947347005206
21.269661199999973,192.95098876953125,197.73885091145831,191.69523111979166
21.302770299997064,192.873046875,197.74110921223956,191.64481608072916
21.337042300001485,192.9638671875,197.75221761067706,191.65576171875
21.37983140000142,192.90407307942706,197.74709065755206,191.6392618815104
21.414129400000093,192.98207600911456,197.70355224609375,191.71378580729166
21.443045699998038,192.91788736979166,197.74635823567706,191.68013509114581
21.476210400003765,192.97172037760416,197.71754964192706,191.5711669921875
21.508464799997455,192.84088134765625,197.76676432291666,191.6427001953125
21.541218500002287,192.99287923177081,197.75821940104166,191.73577880859375
21.573479799997585,192.88997395833331,197.7563273111979,191.6802978515625
21.60351030000311,192.988525390625,197.73982747395831,191.58902994791666
21.63655039999867,192.89912923177081,197.7537841796875,191.66389973958331
21.685685700002068,192.93375651041666,197.77054850260416,191.64479573567706
21.715919700000086,192.9793701171875,197.7640380859375,191.66859944661456
21.750249700002314,192.94681803385416,197.76593017578125,191.71158854166666
21.76854750000348,192.94681803385416,197.76593017578125,191.71158854166666
21.81195380000281,192.92108154296875,197.74503580729166,191.56669108072916
21.846053799999936,192.9576212565104,197.80692545572916,191.6746826171875
21.87743169999885,192.86739095052081,197.77638753255206,191.6673583984375
21.9087589999981,192.9686279296875,197.77042643229166,191.78444417317706
21.94036590000178,192.835693359375,197.7471720377604,191.6613566080729
21.972084100001666,192.97676595052081,197.76348876953125,191.62263997395831
22.020155500002147,192.90008544921875,197.77032470703125,191.61592610677081
22.052984599999036,192.94669596354166,197.78824869791666,191.77044677734375
22.08649890000379,192.9715576171875,197.754638671875,191.7031046549479
22.10196310000174,192.9715576171875,197.754638671875,191.7031046549479
22.116834499996912,192.98014322916666,197.71012369791666,191.6588134765625
22.14969420000125,192.97017415364581,197.7416788736979,191.67303466796875
22.212048200002755,192.88053385416666,197.785888671875,191.5547892252604
22.24592069999926,192.9385782877604,197.726318359375,191.58778889973956
22.277109599999676,192.9556681315104,197.75423177083331,191.69195556640625
22.325093200000993,192.950439453125,197.7558390299479,191.61737060546875
22.356689699998242,192.95743815104166,197.7437540690104,191.79534912109375
22.390675200003898,192.94803873697916,197.77801513671875,191.5672607421875
22.407240799999272,192.94803873697916,197.77801513671875,191.5672607421875
22.422465900002862,192.91634114583331,197.75128173828125,191.63566080729166
22.453248700003314,192.78275553385416,197.7940673828125,191.6251017252604
22.485969399996975,192.97501627604166,197.73872884114581,191.55830891927081
22.516227799998887,192.84891764322916,197.8139444986979,191.67830403645831
22.54995169999893,192.9339599609375,197.76932779947916,191.64217122395831
22.61333949999971,192.95269775390625,197.74281819661456,191.6519571940104
22.659684600002947,192.93011474609375,197.8016357421875,191.758056640625
22.693318999998155,192.92254638671875,197.78267415364581,191.74300130208331
22.723606200001086,192.9213663736979,197.7835693359375,191.60382080078125
22.7414781999978,192.9213663736979,197.7835693359375,191.60382080078125
22.758690800001204,192.87701416015625,197.77412923177081,191.6535441080729
22.789596900001925,192.92989095052081,197.74153645833331,191.6802775065104
22.81933150000259,192.8660888671875,197.8152872721354,191.6767374674479
22.8529853,192.9632364908854,197.73341878255206,191.60707600911456
22.88617499999964,192.9565226236979,197.72987874348956,191.63407389322916
22.916860099998303,192.97713216145831,197.7864786783854,191.56404622395831
22.94963039999857,192.91151936848956,197.78985595703125,191.65004475911456
23.031642900001316,192.90804036458331,197.8140869140625,191.61812337239581
23.04593290000048,192.90804036458331,197.8140869140625,191.61812337239581
23.059722899997723,192.94051106770831,197.7855021158854,191.6614990234375
23.093935099997907,192.85109456380206,197.76590983072916,191.61468505859375
23.124255299997458,192.9623819986979,197.74027506510416,191.67095947265625
23.15691230000084,192.83998616536456,197.76519775390625,191.70485432942706
23.189634100002877,192.83760579427081,197.76979573567706,191.63360595703125
23.21959639999841,192.94521077473956,197.73588053385416,191.63427734375
23.254532999999356,192.94057210286456,197.79012044270831,191.60404459635416
23.30274669999926,192.88423665364581,197.77384440104166,191.64225260416666
23.335417599999346,192.9941202799479,197.73390706380206,191.60003662109375
23.369550499999605,192.95670572916666,197.7651163736979,191.72981770833331
23.397238800003834,192.9635009765625,197.7772013346354,191.63857014973956
23.4298764999985,192.95357259114581,197.78523763020831,191.65948486328125
23.459455999996862,192.9736124674479,197.7796630859375,191.56947835286456
23.49359810000169,192.89204915364581,197.77132161458331,191.63873291015625
23.52459280000039,192.9835205078125,197.77067057291666,191.6419677734375
23.558662299998105,192.98354085286456,197.70060221354166,191.74092610677081
23.590821999998298,192.8851114908854,197.80859375,191.599365234375
23.636797600003774,192.9155069986979,197.79838053385416,191.70778401692706
23.668823500003782,192.9923095703125,197.7734171549479,191.60152180989581
23.70518820000143,192.86004638671875,197.75533040364581,191.65214029947916
23.734243899998546,192.92848714192706,197.78607177734375,191.62831624348956
23.768820199999027,193.00042724609375,197.7586466471354,191.58575439453125
23.79769110000052,192.91864013671875,197.76578776041666,191.67923990885416
23.830187699997623,192.94073486328125,197.7677001953125,191.59796142578125
23.861428900003375,192.92291259765625,197.75093587239581,191.6795450846354
23.892807000003813,192.9776407877604,197.72865804036456,191.57769775390625
23.941807800001698,192.84712727864581,197.76027425130206,191.66068522135416
23.970888099996955,192.90242513020831,197.73162841796875,191.57023111979166
24.004347599999164,192.9794718424479,197.75565592447916,191.6451416015625
24.03680780000286,192.9775390625,197.746337890625,191.67293294270831
24.070514300001378,192.91654459635416,197.7843017578125,191.59991455078125
24.10325500000181,192.851806640625,197.77785237630206,191.72377522786456
24.133829300000798,192.9585978190104,197.769287109375,191.6570841471354
24.168441100002383,192.95452880859375,197.74385579427081,191.5646769205729
24.198573800000304,192.92864990234375,197.76289876302081,191.613525390625
24.231570700001612,192.86381022135416,197.788330078125,191.6313273111979
24.276430400001118,192.85992431640625,197.77486165364581,191.59354654947916
24.308723800000735,193.00677490234375,197.7035929361979,191.71173095703125
24.342001600001822,192.89259847005206,197.79134114583331,191.59415690104166
24.373681899996882,192.95418294270831,197.7518310546875,191.57220458984375
24.4062391999978,192.94734700520831,197.7254435221354,191.70912679036456
24.436575699997775,192.93119303385416,197.77455647786456,191.66017659505206
24.470065100002103,192.96126302083331,197.734375,191.63844807942706
24.504322599997977,192.9233194986979,197.790771484375,191.58599853515625
24.536288700001023,192.922119140625,197.76485188802081,191.61930338541666
24.567180300000473,192.91103108723956,197.78369140625,191.68208821614581
24.61470130000089,192.8998819986979,197.7514444986979,191.67108154296875
24.64448170000105,192.9273681640625,197.7809855143229,191.59138997395831
24.67699210000137,192.94793701171875,197.82220458984375,191.63496907552081
24.709458600002108,192.9022013346354,197.7626953125,191.51910400390625
24.742240200001106,192.87811279296875,197.76139322916666,191.5862833658854
24.772723499998392,192.96891276041666,197.72953287760416,191.6390380859375
24.805285100002948,192.93495686848956,197.77528889973956,191.58315022786456
24.836444200002006,193.01066080729166,197.7170206705729,191.62451171875
24.867680900002597,193.0130411783854,197.76957194010416,191.61659749348956
24.919790100000682,192.960205078125,197.73858642578125,191.64666748046875
24.951873400001205,193.02791341145831,197.73063151041666,191.63783772786456
24.979383099998813,192.9538370768229,197.74879964192706,191.63472493489581
25.014040699999896,192.9446818033854,197.76320393880206,191.64833577473956
25.04657749999751,192.91495768229166,197.79913330078125,191.5680948893229
25.07645400000183,192.8988037109375,197.7691650390625,191.5676066080729
25.109489100002975,193.0408935546875,197.74015299479166,191.5860595703125
25.139760199999728,192.9915568033854,197.77785237630206,191.62318929036456
25.174509099997522,192.89723714192706,197.8000284830729,191.5467529296875
25.205125000000407,192.9710489908854,197.778564453125,191.63446044921875
25.25318200000038,192.92228190104166,197.76774088541666,191.622802734375
25.287146299997403,192.9699503580729,197.72001139322916,191.65761311848956
25.316760499998054,192.92362467447916,197.7744140625,191.69315592447916
25.334378599996853,192.92362467447916,197.7744140625,191.69315592447916
25.353098200001114,192.92716471354166,197.80171712239581,191.58266194661456
25.412767300003907,192.91593424479166,197.78216552734375,191.72198486328125
25.444108299998334,192.96427408854166,197.76411946614581,191.5865478515625
25.477371699998912,192.9311319986979,197.7831827799479,191.6667277018229
25.509910599997966,192.9621378580729,197.7363077799479,191.63818359375
25.556833100003132,193.02042643229166,197.72041829427081,191.66717529296875
25.589196799999627,192.8541259765625,197.81949869791666,191.7167765299479
25.621275500001502,193.01090494791666,197.71075439453125,191.51619466145831
25.63752860000386,193.01090494791666,197.71075439453125,191.51619466145831
25.653120499999204,192.89082845052081,197.77901204427081,191.62666829427081
25.68692100000044,192.8991495768229,197.7613321940104,191.686767578125
25.7177920000031,192.92277018229166,197.75248209635416,191.71700032552081
25.748854700002994,192.9393107096354,197.71697998046875,191.60793050130206
25.81228459999693,192.88564046223956,197.75994873046875,191.7758585611979
25.844461100001354,192.96923828125,197.787353515625,191.5682373046875
25.89116500000091,192.9592081705729,197.76991780598956,191.7144571940104
25.924410999999964,192.91105143229166,197.7657267252604,191.60634358723956
25.95746330000111,192.9693400065104,197.75569661458331,191.66597493489581
25.97177340000053,192.9693400065104,197.75569661458331,191.66597493489581
25.989684000000125,192.8741455078125,197.75655110677081,191.57769775390625
26.02264540000033,193.03021240234375,197.68485514322916,191.623291015625
26.053587200003676,192.9921671549479,197.7297159830729,191.6568400065104
26.087964999998803,192.93277994791666,197.79225667317706,191.61578369140625
26.11681949999911,192.96868896484375,197.73734537760416,191.6700439453125
26.151660399998946,192.80889892578125,197.82008870442706,191.59320068359375
26.233113299997058,192.97416178385416,197.7696329752604,191.72066243489581
26.26003180000407,192.86494954427081,197.78218587239581,191.64154052734375
26.27608920000057,192.86494954427081,197.78218587239581,191.64154052734375
26.293059900002845,192.90604654947916,197.8119913736979,191.6044921875
26.323770800001512,192.93855794270831,197.77469889322916,191.58048502604166
26.35680919999868,193.00321451822916,197.76312255859375,191.5550537109375
26.389987100003054,192.85255940755206,197.82088216145831,191.70576985677081
26.421518299997842,192.8731486002604,197.81770833333331,191.6834716796875
26.45279819999996,192.90948486328125,197.81302897135416,191.66121419270831
26.48539090000122,192.93135579427081,197.77178955078125,191.673583984375
26.534285000001546,192.894775390625,197.792236328125,191.68314615885416
26.567473800001608,192.86769612630206,197.80995686848956,191.54140218098956
26.599592500002473,192.8854777018229,197.7812296549479,191.66483561197916
26.630534000003536,192.90474446614581,197.7752482096354,191.591796875
26.661757300003956,193.0398966471354,197.7356974283854,191.70977783203125
26.692666299997654,192.83414713541666,197.79638671875,191.6534423828125
26.72465689999808,193.0128173828125,197.7481689453125,191.59248860677081
26.75538360000064,192.9638468424479,197.74672444661456,191.60833740234375
26.78928299999825,192.97039794921875,197.750732421875,191.61665852864581
26.819813499998418,192.92360432942706,197.76678466796875,191.6938273111979
26.8696964999981,192.87060546875,197.75994873046875,191.60809326171875
26.902500600001076,192.91790771484375,197.73952229817706,191.6963907877604
26.93372890000319,192.9393107096354,197.7796427408854,191.70609537760416
26.9671371000004,192.98404947916666,197.75626627604166,191.53487141927081
26.99975010000344,192.91192626953125,197.80299886067706,191.62176513671875
27.02994369999942,192.94598388671875,197.74715169270831,191.62697347005206
27.060802899999544,192.8909912109375,197.7492472330729,191.58526611328125
27.09381260000373,192.98089599609375,197.7255655924479,191.64326985677081
27.12673740000173,192.9703369140625,197.71504720052081,191.71120198567706
27.174259999999776,192.92006429036456,197.76558430989581,191.68056233723956
27.20510359999753,192.97576904296875,197.68471272786456,191.64862060546875
27.237085799999477,192.88427734375,197.7669677734375,191.6856689453125
27.26991850000195,192.98575846354166,197.7703653971354,191.60052490234375
27.303254200000083,192.86871337890625,197.7431437174479,191.58797200520831
27.33408590000181,192.8701171875,197.83148193359375,191.64369710286456
27.36839619999955,192.8555704752604,197.75248209635416,191.68916829427081
27.397683199997118,192.96687825520831,197.71541341145831,191.5843505859375
27.431965700001456,192.90814208984375,197.77223714192706,191.587890625
27.461899200003245,192.93282063802081,197.71492513020831,191.65077718098956
27.50733079999918,192.9267374674479,197.75594075520831,191.67657470703125
27.54015900000377,192.964599609375,197.6972452799479,191.61271158854166
27.57309360000363,192.89996337890625,197.69624837239581,191.6616007486979
27.603734099997382,192.95168050130206,197.78560384114581,191.63857014973956
27.636356800001522,192.95658365885416,197.77081298828125,191.70450846354166
27.667622799999663,192.96966552734375,197.71608479817706,191.64656575520831
27.701700899997377,192.92781575520831,197.73095703125,191.63551839192706
27.733169300001464,192.82047526041666,197.78715006510416,191.58119710286456
27.766996400001517,192.92140706380206,197.7635294596354,191.5768839518229
27.796610999997938,192.9877726236979,197.72440592447916,191.5442911783854
27.85046650000004,192.95170084635416,197.7662150065104,191.56781005859375
27.87669679999817,192.8504435221354,197.81050618489581,191.59315999348956
27.909736699999485,192.9483439127604,197.7596435546875,191.56044514973956
27.94198730000062,192.9668986002604,197.73211669921875,191.66176350911456
27.973280300000624,192.91961669921875,197.76446533203125,191.62996419270831
28.00688749999972,192.93422444661456,197.80096435546875,191.70058186848956
28.03756599999906,192.93831380208331,197.73415120442706,191.58546956380206
28.068539300002158,193.00661214192706,197.75543212890625,191.6397501627604
28.10240740000154,192.99969482421875,197.7735392252604,191.68666585286456
28.15224809999927,192.8258056640625,197.79496256510416,191.67938232421875
28.185718499997165,192.92165120442706,197.79327392578125,191.66469319661456
28.212478699999338,192.88507080078125,197.75972493489581,191.6930948893229
28.244508099996892,192.93719482421875,197.80485026041666,191.55489095052081
28.279015699998126,193.017333984375,197.75417073567706,191.66607666015625
28.308688400000392,192.93033854166666,197.78743489583331,191.66237386067706
28.33975669999927,192.94901529947916,197.74066162109375,191.65751139322916
28.372743400002946,192.98970540364581,197.7718505859375,191.63616943359375
28.407400900003267,193.0872802734375,197.72403971354166,191.5337931315104
28.439651100001356,192.95096842447916,197.77040608723956,191.63319905598956
28.48573330000363,192.93988037109375,197.77504475911456,191.6718546549479
28.518485200002033,192.96317545572916,197.7490030924479,191.56119791666666
28.53863360000105,192.96317545572916,197.7490030924479,191.56119791666666
28.554637200002617,192.89430745442706,197.76395670572916,191.69478352864581
28.61204369999905,192.97261555989581,197.78629557291666,191.6202189127604
28.65203009999823,192.976806640625,197.77272542317706,191.59228515625
28.67630410000129,192.95389811197916,197.793701171875,191.6482950846354
28.708757499996864,192.9662882486979,197.76513671875,191.6016845703125
28.739797800000815,192.94036865234375,197.75557454427081,191.574951171875
28.78746449999744,192.9095458984375,197.7424112955729,191.60015869140625
28.82213249999768,192.94730631510416,197.74153645833331,191.66790771484375
28.852778400003444,193.06667073567706,197.760986328125,191.5345458984375
28.87651590000314,193.06667073567706,197.760986328125,191.5345458984375
28.891962699999567,192.86893717447916,197.75526936848956,191.649169921875
28.91878849999921,192.91961669921875,197.74226888020831,191.73004150390625
28.951888399999007,192.94374593098956,197.77528889973956,191.6102091471354
29.01215560000128,192.89931233723956,197.80782063802081,191.59547932942706
29.044981799997913,192.84059651692706,197.79484049479166,191.6856486002604
29.077627600003325,192.91385904947916,197.77972412109375,191.75372314453125
29.123937000003934,192.94380696614581,197.77079264322916,191.67569986979166
29.158607099998335,192.89711507161456,197.78383382161456,191.68754069010416
29.189717699999164,192.95906575520831,197.78407796223956,191.66988118489581
29.209475399999064,192.95906575520831,197.78407796223956,191.66988118489581
29.227494400001888,192.90834554036456,197.77071126302081,191.6408487955729
29.254078999998455,192.86702473958331,197.78531901041666,191.56496175130206
29.28648350000003,192.88043212890625,197.81689453125,191.70570882161456
29.316300400001637,193.05769856770831,197.73012288411456,191.6845499674479
29.353662699999404,192.8782958984375,197.76613362630206,191.74709065755206
29.412088299999596,193.03133138020831,197.73468017578125,191.70064290364581
29.461235200004012,192.8978068033854,197.77400716145831,191.6106974283854
29.494056000003184,192.95326741536456,197.83251953125,191.56453450520831
29.51983520000067,192.95326741536456,197.83251953125,191.56453450520831
29.535570000000007,192.88663736979166,197.77254231770831,191.68975830078125
29.55683919999865,192.9267374674479,197.78786214192706,191.62188720703125
29.58952980000322,192.89603678385416,197.76263427734375,191.57450358072916
29.621426800003974,192.942138671875,197.7357177734375,191.55067952473956
29.654743200000667,193.01601155598956,197.6910196940104,191.62215169270831
29.68488470000011,192.896240234375,197.7525634765625,191.60329182942706
29.71852100000251,192.91168212890625,197.759033203125,191.55861409505206
29.766002900003514,193.0618693033854,197.7188720703125,191.6734619140625
29.834225500002503,192.91835530598956,197.760009765625,191.72719319661456
29.853391500000726,192.91835530598956,197.760009765625,191.72719319661456
29.868540700001176,192.913330078125,197.73734537760416,191.67350260416666
29.89347750000161,192.96199544270831,197.74873860677081,191.60296630859375
29.927161100000376,192.93410237630206,197.76953125,191.67372639973956
29.95753490000061,192.9818115234375,197.72576904296875,191.64788818359375
29.989643900000374,192.92559814453125,197.7642618815104,191.62239583333331
30.022491399999126,192.97538248697916,197.73197428385416,191.58892822265625
30.052951400000893,192.95857747395831,197.79915364583331,191.65913899739581
30.102767700002005,192.947509765625,197.80055745442706,191.6896769205729
30.133758700001636,192.94938151041666,197.76521809895831,191.653564453125
30.168694300002244,192.90814208984375,197.79801432291666,191.58766682942706
30.19679989999713,192.962890625,197.7359619140625,191.67364501953125
30.232272100001865,192.99318440755206,197.78826904296875,191.6636962890625
30.261540300001798,192.99051920572916,197.72932942708331,191.58927408854166
30.29289869999775,192.8816935221354,197.83058675130206,191.59975179036456
30.32651790000091,193.06056722005206,197.7041015625,191.6231486002604
30.356903200001398,192.94191487630206,197.7651163736979,191.6445109049479
30.403742200003762,192.95316569010416,197.7221476236979,191.60791015625
30.436035400001856,192.99928792317706,197.74589029947916,191.71671549479166
30.46850070000073,192.9549357096354,197.70503743489581,191.64520263671875
30.50314090000029,192.92118326822916,197.7034912109375,191.65083821614581
30.53388249999989,192.95723470052081,197.6719767252604,191.59608968098956
30.56736710000405,192.92203776041666,197.7410888671875,191.57130940755206
30.596331499997177,192.95060221354166,197.69816080729166,191.53299967447916
30.62974910000048,192.9979248046875,197.6513671875,191.58400472005206
30.660984299996926,192.97823079427081,197.6470947265625,191.4655558268229
30.693953100002545,193.0093994140625,197.63246663411456,191.5029093424479
30.739576699997997,192.89705403645831,197.7109171549479,191.6015421549479
30.773845700001402,192.93778483072916,197.7176310221354,191.5272013346354
30.806089700003213,192.96272786458331,197.651123046875,191.6195068359375
30.83747179999773,192.84615071614581,197.65462239583331,191.5445353190104
30.869493799997144,192.8517862955729,197.66839599609375,191.59098307291666
30.901931499996863,192.83939615885416,197.6762491861979,191.53261311848956
30.933648600002925,192.85257975260416,197.6302490234375,191.54056803385416
30.967105299998366,192.8665771484375,197.6585693359375,191.48612467447916
30.99723829999857,192.7928466796875,197.60249837239581,191.57377115885416
31.029808799998136,192.79066975911456,197.6110636393229,191.48087565104166
31.077176799997687,192.8202921549479,197.6773478190104,191.43086751302081
31.10880619999807,192.8484903971354,197.62982177734375,191.4554443359375
31.13960919999954,192.8516845703125,197.59755452473956,191.52571614583331
31.17331749999721,192.82649739583331,197.58864339192706,191.51434326171875
31.20610370000213,192.80757649739581,197.60662841796875,191.56831868489581
31.236820899997838,192.77665201822916,197.59242757161456,191.5043741861979
31.269539200002328,192.70731608072916,197.5565185546875,191.45707194010416
31.30250740000338,192.7689005533854,197.55476888020831,191.47271728515625
31.334447100001853,192.69344075520831,197.557861328125,191.50860595703125
31.37966189999861,192.74918619791666,197.57173665364581,191.4039306640625
31.41354909999791,192.71230061848956,197.52081298828125,191.42767333984375
31.44438850000006,192.75154622395831,197.46856689453125,191.40301513671875
31.47743900000205,192.75150553385416,197.51409912109375,191.49220784505206
31.508887199997844,192.80291748046875,197.50518798828125,191.4694620768229
31.54255469999771,192.71549479166666,197.48744710286456,191.43538411458331
31.57219140000234,192.6319376627604,197.54264322916666,191.43607584635416
31.605281399999512,192.67549641927081,197.46805826822916,191.35121663411456
31.636065200000303,192.68603515625,197.47469075520831,191.3862101236979
31.66963830000168,192.57950846354166,197.496826171875,191.43874104817706
31.71842789999937,192.59796142578125,197.50994873046875,191.43804931640625
31.75145429999975,192.61629231770831,197.49039713541666,191.378173828125
31.761994599997706,192.61629231770831,197.49039713541666,191.378173828125
31.811211000000185,192.70574951171875,197.48695882161456,191.4233194986979
31.843854899998405,192.6423136393229,197.50834147135416,191.42854817708331
31.876517800003057,192.66951497395831,197.53090413411456,191.41595458984375
31.906922699999996,192.61478678385416,197.54366048177081,191.43424479166666
31.9413870999997,192.6441446940104,197.5426025390625,191.51529947916666
31.974149800000305,192.5637003580729,197.51582845052081,191.35933430989581
32.01963049999904,192.61360677083331,197.52994791666666,191.33583577473956
32.05327579999721,192.6391398111979,197.47001139322916,191.43267822265625
32.08500030000141,192.6528116861979,197.4545694986979,191.42061360677081
32.097075500001665,192.6528116861979,197.4545694986979,191.42061360677081
32.1193878999984,192.59511311848956,197.48480224609375,191.3716837565104
32.150833599996986,192.59895833333331,197.46185302734375,191.42348225911456
32.21399599999859,192.57448323567706,197.43168131510416,191.2925821940104
32.245973299999605,192.48787434895831,197.3746134440104,191.36055501302081
32.27835950000008,192.45070393880206,197.37347412109375,191.31697591145831
32.30985270000383,192.45680745442706,197.37992350260416,191.36808268229166
32.356718900002306,192.49542236328125,197.40409342447916,191.32051595052081
32.38642950000212,192.4453125,197.369384765625,191.32987467447916
32.4199854000035,192.41774495442706,197.32828776041666,191.2558390299479
32.43526170000405,192.41774495442706,197.32828776041666,191.2558390299479
32.45245170000271,192.38897705078125,197.28985595703125,191.2480265299479
32.48673309999867,192.3470255533854,197.30684407552081,191.41434733072916
32.51963380000234,192.37506103515625,197.3327433268229,191.301025390625
32.550514499998826,192.39798990885416,197.29571533203125,191.2015177408854
32.61301210000238,192.4295450846354,197.30678304036456,191.28436279296875
32.64635629999975,192.3743896484375,197.29066975911456,191.2695109049479
32.692089999996824,192.3774210611979,197.2724405924479,191.23272705078125
32.72739949999959,192.388916015625,197.26318359375,191.3344523111979
32.73957189999783,192.388916015625,197.26318359375,191.3344523111979
32.75875939999969,192.35355631510416,197.23014322916666,191.18255615234375
32.78873719999683,192.2406005859375,197.24601236979166,191.24403889973956
32.82239780000236,192.3475138346354,197.18031819661456,191.202880859375
32.853482200000144,192.23114013671875,197.224853515625,191.26320393880206
32.885233300003165,192.31034342447916,197.2034708658854,191.241943359375
32.919152499998745,192.27602132161456,197.164306640625,191.10854085286456
32.95254920000298,192.24798583984375,197.1401163736979,191.0884806315104
33.03276680000272,192.18544514973956,197.11273193359375,191.18609619140625
33.06208660000266,192.08740234375,197.13838704427081,191.12052408854166
33.07393869999942,192.08740234375,197.13838704427081,191.12052408854166
33.0935118999987,192.07757568359375,197.14886474609375,191.1282958984375
33.127584699999716,192.19691975911456,197.072509765625,191.0766398111979
33.15756110000075,192.0923868815104,197.0700480143229,191.17313639322916
33.19082480000361,192.00048828125,197.05928548177081,191.0792236328125
33.22009010000329,192.09478759765625,197.04986572265625,191.09063720703125
33.25544590000209,192.13128662109375,197.04886881510416,191.0729777018229
33.28595199999836,192.00541178385416,197.0513712565104,191.09047444661456
33.333563400003186,192.0545450846354,197.05568440755206,191.06803385416666
33.36843219999719,192.0950724283854,197.05037434895831,191.0528564453125
33.39985980000347,192.09529622395831,197.00563557942706,191.08837890625
33.42970939999941,192.02738444010416,197.03059895833331,191.02130126953125
33.461078699998325,192.0154825846354,197.06013997395831,190.99662272135416
33.493491399996856,192.0215861002604,197.06844075520831,191.0411376953125
33.52733029999945,192.04536946614581,197.02311197916666,190.99357096354166
33.55868519999785,192.10888671875,197.04850260416666,190.97420247395831
33.58862200000294,192.15946451822916,196.99648030598956,191.03731282552081
33.638377299997956,192.01361083984375,197.03828938802081,191.0519816080729
33.66725260000385,192.08131917317706,197.0062052408854,190.98549397786456
33.702825200001826,192.0506591796875,197.00455729166666,191.04451497395831
33.732362299997476,192.1649169921875,196.96012369791666,190.9852091471354
33.76860350000061,192.0657958984375,196.98929850260416,191.08563232421875
33.79640120000113,192.1197509765625,196.97676595052081,190.96217854817706
33.83090919999813,192.05497233072916,197.0235392252604,191.01680501302081
33.8627942000021,192.03778076171875,197.03006998697916,191.02154541015625
33.8938868999976,192.09627278645831,196.98978678385416,190.9639892578125
33.92413990000205,192.04872639973956,196.98419189453125,190.9944864908854
33.97402580000198,192.07869466145831,196.97212727864581,190.91573079427081
34.004943599997205,191.94561767578125,196.9432373046875,190.93229166666666
34.03833950000262,192.06337483723956,196.94295247395831,190.94997151692706
34.06780060000165,192.01066080729166,196.88765462239581,190.97188313802081
34.10351210000226,191.91925048828125,196.90706380208331,190.91920979817706
34.132833700001356,191.8419189453125,196.85638427734375,190.86720784505206
34.169796700000006,191.84248860677081,196.83915201822916,190.78165690104166
34.19852669999818,191.7899169921875,196.78582763671875,190.9002685546875
34.231135000001814,191.8624064127604,196.7111612955729,190.81119791666666
34.26159529999859,191.7497355143229,196.70353190104166,190.7132364908854
34.307401500002015,191.58746337890625,196.72794596354166,190.65861002604166
34.34061730000394,191.7388712565104,196.6109415690104,190.60111490885416
34.37072590000025,191.58424886067706,196.5478515625,190.67226155598956
34.4050161999985,191.50154622395831,196.49273681640625,190.61956787109375
34.43750169999839,191.46221923828125,196.4608154296875,190.44535319010416
34.468601300002774,191.3487345377604,196.43715413411456,190.39864095052081
34.502607599999465,191.37489827473956,196.28424072265625,190.43629964192706
34.534322699997574,191.29866536458331,196.29951985677081,190.37481689453125
34.569501500001934,191.24003092447916,196.17580159505206,190.28548177083331
34.617502799999784,191.04901123046875,196.11507161458331,190.36234537760416
34.64526669999759,191.05924479166666,196.0502726236979,190.15118408203125
34.6777957000013,191.056640625,195.96632893880206,190.169677734375
34.70910469999944,190.92842610677081,195.97102864583331,190.17948404947916
34.74155099999916,190.73832194010416,195.91461181640625,190.12605794270831
34.77176319999853,190.79427083333331,195.89888509114581,190.02103678385416
34.80529589999787,190.78053792317706,195.8468017578125,190.02838134765625
34.8352945000006,190.81624348958331,195.8520304361979,189.99407958984375
34.868642100002035,190.740966796875,195.82588704427081,190.0407511393229
34.90406290000101,190.63946533203125,195.74464925130206,189.95684814453125
34.95188870000129,190.59318033854166,195.73976643880206,189.83131917317706
34.97995300000184,190.61385091145831,195.63692220052081,189.82027180989581
35.013368799998716,190.5218505859375,195.58174641927081,189.78877766927081
35.04601360000379,190.47292073567706,195.5689493815104,189.66288248697916
35.07728430000134,190.46962483723956,195.55818684895831,189.72731526692706
35.109742699998606,190.45967610677081,195.54777018229166,189.66495768229166
35.140630200003216,190.49454752604166,195.563720703125,189.77504475911456
35.17289509999682,190.5211181640625,195.54762776692706,189.81256103515625
35.205658500002755,190.54646809895831,195.58939615885416,189.81473795572916
35.25537250000343,190.54093424479166,195.65224202473956,189.7201944986979
35.2878045000034,190.62270100911456,195.68304443359375,189.76326497395831
35.32075050000276,190.61181640625,195.65958658854166,189.78334554036456
35.34489790000225,190.61181640625,195.65958658854166,189.78334554036456
35.35956450000231,190.63004557291666,195.70662434895831,189.76725260416666
35.41361719999986,190.67657470703125,195.7765909830729,189.81925455729166
35.44658960000379,190.72072347005206,195.80963134765625,189.86433919270831
35.47762320000038,190.8255615234375,195.81510416666666,189.94525146484375
35.509835400000156,190.74517822265625,195.8783976236979,189.91290283203125
35.54001180000341,190.7938232421875,195.854248046875,190.01806640625
35.589575899997726,190.7636515299479,195.91560872395831,189.95416259765625
35.61952149999706,190.82863362630206,195.90395100911456,189.9677734375
35.65213789999689,190.86446126302081,195.95245361328125,190.0285441080729
35.66729440000199,190.86446126302081,195.95245361328125,190.0285441080729
35.685500100000354,190.82427978515625,196.00612386067706,190.06949869791666
35.71790340000007,190.92626953125,196.01472981770831,190.05999755859375
35.75210379999771,190.87953694661456,196.02764892578125,190.18070475260416
35.811893099999,191.04095458984375,195.9732462565104,190.20096842447916
35.84357170000294,191.02618408203125,196.05594889322916,190.1592814127604
35.87711169999966,190.88055419921875,196.10514322916666,190.14615885416666
35.92613820000406,191.09954833984375,196.11405436197916,190.19112141927081
35.95802659999754,191.07686360677081,196.12847900390625,190.20894368489581
35.974687100002484,191.07686360677081,196.12847900390625,190.20894368489581
35.991071999997075,191.14998372395831,196.17476399739581,190.18060302734375
36.019713200003025,191.114013671875,196.23661295572916,190.29266357421875
36.05366550000326,191.16853841145831,196.2381591796875,190.35097249348956
36.0853414000012,191.28873697916666,196.2535400390625,190.36474609375
36.117934000001696,191.2057902018229,196.3465372721354,190.41902669270831
36.1514537999974,191.28375244140625,196.30570475260416,190.39693196614581
36.23181769999792,191.2900187174479,196.2868448893229,190.4123331705729
36.259014499999466,191.3694864908854,196.29740397135416,190.44313557942706
36.29283579999901,191.29437255859375,196.31901041666666,190.38250732421875
36.30981040000188,191.29437255859375,196.31901041666666,190.38250732421875
36.32516819999728,191.2421671549479,196.2596232096354,190.3932902018229
36.3575462000008,191.23187255859375,196.25459798177081,190.3714599609375
36.388396599999396,191.2571818033854,196.20705159505206,190.33807373046875
36.42353549999825,191.1513468424479,196.2110595703125,190.39078776041666
36.454295399998955,191.17268880208331,196.15376790364581,190.30501302083331
36.4865221,191.0845743815104,196.12459309895831,190.34183756510416
36.517738599999575,191.0674845377604,196.1585489908854,190.23333740234375
36.567480600002455,191.0706787109375,196.1410929361979,190.26869710286456
36.59680269999808,191.08253987630206,196.15350341796875,190.25069173177081
36.62870899999689,191.080810546875,196.1776123046875,190.26936848958331
36.661733100001584,191.12196858723956,196.23974609375,190.390869140625
36.69392379999772,191.1591796875,196.19632975260416,190.38307698567706
36.726422799998545,191.07533772786456,196.2427775065104,190.40504964192706
36.75731749999977,191.27510579427081,196.23360188802081,190.33837890625
36.78965060000337,191.1293741861979,196.31630452473956,190.33620198567706
36.82357719999709,191.19378662109375,196.2645263671875,190.35017903645831
36.86842780000006,191.16811116536456,196.3033243815104,190.3417765299479
36.90422579999722,191.21024576822916,196.27838134765625,190.3993937174479
36.93308660000184,191.26228841145831,196.29557291666666,190.34745279947916
36.96838360000402,191.2034708658854,196.2808634440104,190.39528401692706
36.99614129999827,191.2265625,196.32560221354166,190.39996337890625
37.031944200003636,191.2271728515625,196.29341634114581,190.4005126953125
37.06029610000405,191.3489786783854,196.3608194986979,190.3637491861979
37.09380300000339,191.32987467447916,196.3280029296875,190.35074869791666
37.12570579999738,191.34452311197916,196.3480021158854,190.4215087890625
37.1566770999998,191.37809244791666,196.31197102864581,190.42598470052081
37.205518100003246,191.32537841796875,196.31728108723956,190.44508870442706
37.23652810000203,191.28059895833331,196.3016153971354,190.40740966796875
37.26959689999785,191.24831136067706,196.3016153971354,190.39054361979166
37.30351640000299,191.20827229817706,196.32525634765625,190.34991455078125
37.33389480000187,191.2261962890625,196.313720703125,190.36830647786456
37.369867699999304,191.27286783854166,196.2764892578125,190.42215983072916
37.397965600001044,191.33622233072916,196.24275716145831,190.427734375
37.42960779999703,191.31892903645831,196.2720743815104,190.32387288411456
37.46214029999828,191.14546712239581,196.34462483723956,190.4466349283854
37.492620400000305,191.25394694010416,196.27315266927081,190.42653401692706
37.540546000003815,191.24003092447916,196.29644775390625,190.45389811197916
37.574095700001635,191.2462158203125,196.25628662109375,190.36029052734375
37.604969599997276,191.11283365885416,196.2502237955729,190.39577229817706
37.63662140000088,191.084228515625,196.26531982421875,190.34228515625
37.66984349999984,191.1077677408854,196.20267740885416,190.28651936848956
37.70217679999769,191.07771809895831,196.17923990885416,190.25909423828125
37.73313179999968,191.06119791666666,196.1563720703125,190.33585611979166
37.76874910000333,191.015380859375,196.16109212239581,190.24782307942706
37.79760820000229,191.0203857421875,196.19696044921875,190.301513671875
37.84587470000406,191.08194986979166,196.1248779296875,190.26969401041666
37.877699999997276,191.0098876953125,196.11433919270831,190.33412679036456
37.90978989999712,191.0359903971354,196.114990234375,190.15517171223956
37.939511600001424,191.03719075520831,196.0650634765625,190.19779459635416
37.97484529999929,190.94826253255206,196.09224446614581,190.19952392578125
38.0051026000001,191.00746663411456,196.01820882161456,190.1340128580729
38.037736099999165,190.97711181640625,196.01863606770831,190.1331583658854
38.07001809999929,190.94877115885416,195.94466145833331,190.04671223958331
38.105777900003886,190.8436075846354,195.97322591145831,190.089599609375
38.13741239999945,190.88478597005206,195.9537353515625,190.0882568359375
38.18603409999923,190.86279296875,195.93214925130206,190.1087443033854
38.21940220000397,190.8537394205729,196.01045735677081,190.04888916015625
38.24498799999856,190.86726888020831,195.96647135416666,190.12113444010416
38.27505650000239,190.89809163411456,196.00893147786456,190.17767333984375
38.309554200001,190.85260009765625,196.033935546875,190.15352376302081
38.33979759999784,190.93461100260416,196.01955159505206,190.1224365234375
38.37319199999911,190.88747151692706,196.064697265625,190.189697265625
38.40411380000296,190.94291178385416,196.0469767252604,190.21510823567706
38.437671300001966,190.99609375,196.02065022786456,190.03369140625
38.48602920000121,190.88785807291666,196.04032389322916,190.23994954427081
38.51705149999907,190.88124593098956,196.10868326822916,190.20332845052081
38.550843500001065,190.8663330078125,196.06386311848956,190.17462158203125
38.57029440000042,190.8663330078125,196.06386311848956,190.17462158203125
38.61288780000177,190.90193684895831,196.00960286458331,190.131591796875
38.64838250000321,190.82063802083331,196.05326334635416,190.06587727864581
38.67877150000277,190.88873291015625,196.0045166015625,190.17476399739581
38.71087019999686,190.85441080729166,196.02754720052081,190.083740234375
38.740453700003854,190.84427897135416,196.04939778645831,190.12211100260416
38.77330339999753,190.91774495442706,196.03261311848956,190.1832275390625
38.81936649999989,190.88478597005206,196.0457763671875,190.14986165364581
38.852696100002504,190.94144694010416,196.03070068359375,190.21630859375
38.88740939999843,190.96144612630206,196.1064249674479,190.18745930989581
38.906122499996854,190.96144612630206,196.1064249674479,190.18745930989581
38.9249215000018,190.9565226236979,196.12835693359375,190.1718546549479
38.950862400000915,191.03460693359375,196.12725830078125,190.1796875
39.014311899998575,190.95674641927081,196.2235107421875,190.21931966145831
39.04543189999822,191.03963216145831,196.19976806640625,190.31300862630206
39.07839619999868,191.09865315755206,196.22328694661456,190.31075032552081
39.10870750000322,191.11256917317706,196.2625528971354,190.27376302083331
39.15670980000141,191.07082112630206,196.32515462239581,190.33428955078125
39.18864790000225,191.12801106770831,196.3210245768229,190.3172403971354
39.19978850000189,191.12801106770831,196.3210245768229,190.3172403971354
39.22394670000358,191.20731608072916,196.2656046549479,190.38468424479166
39.25360109999747,191.20304361979166,196.33028157552081,190.38273111979166
39.28621150000254,191.25288899739581,196.319091796875,190.4422403971354
39.317358100001,191.31978352864581,196.36848958333331,190.4562784830729
39.35438740000245,191.37870279947916,196.40836588541666,190.5614013671875
39.412807300002896,191.3133544921875,196.44173177083331,190.4766845703125
39.46099040000263,191.30047607421875,196.4282023111979,190.48124186197916
39.49284479999915,191.29866536458331,196.36482747395831,190.4387003580729
39.52613939999719,191.19913736979166,196.38655598958331,190.4911905924479
39.55328990000271,191.19913736979166,196.38655598958331,190.4911905924479
39.56787780000013,191.22249348958331,196.339599609375,190.44380696614581
39.5896292000034,191.18483479817706,196.306884765625,190.39558919270831
39.623129400002654,191.1717529296875,196.31681315104166,190.46673583984375
39.651799799998116,191.17732747395831,196.24770100911456,190.3792724609375
39.685253000003286,191.19301350911456,196.25826009114581,190.32806396484375
39.719601999997394,191.1918741861979,196.30995686848956,190.34779866536456
39.750554700003704,191.13637288411456,196.25404866536456,190.3506876627604
39.833842000000004,191.12190755208331,196.34488932291666,190.3294474283854
39.855166699999245,191.12190755208331,196.34488932291666,190.3294474283854
39.86977409999963,191.1435546875,196.32118733723956,190.4096476236979
39.89344150000397,191.1928507486979,196.30379231770831,190.5025634765625
39.92490170000383,191.20574951171875,196.32820638020831,190.44160970052081
39.95665349999763,191.1893107096354,196.29178873697916,190.44390869140625
39.987897999999404,191.19582112630206,196.34002685546875,190.44010416666666
40.02222939999774,191.28265380859375,196.307861328125,190.43507893880206
40.05278530000214,191.27286783854166,196.3585205078125,190.4576416015625
40.10293249999813,191.26898193359375,196.4179484049479,190.532470703125
40.13322209999751,191.33961995442706,196.45255533854166,190.5326944986979
40.16626520000136,191.38130696614581,196.4576212565104,190.59560139973956
40.19726139999693,191.46284993489581,196.4866739908854,190.55045572916666
40.229559899999,191.3630167643229,196.54988606770831,190.62274169921875
40.26001460000407,191.48697916666666,196.5418701171875,190.55716959635416
40.29279929999757,191.51607259114581,196.58827718098956,190.54071044921875
40.32476109999698,191.51263427734375,196.5796915690104,190.6949259440104
40.35586930000136,191.54801432291666,196.55047607421875,190.67655436197916
40.38889560000098,191.42140706380206,196.57098388671875,190.6866251627604
40.43838880000112,191.46400960286456,196.57806396484375,190.73280843098956
40.470296600004076,191.53826904296875,196.57403564453125,190.59346516927081
40.50295909999841,191.56494140625,196.59197998046875,190.60780843098956
40.533660000000964,191.56884765625,196.60357666015625,190.5785929361979
40.56865339999786,191.52162679036456,196.57950846354166,190.6719767252604
40.59816310000315,191.54239908854166,196.62190755208331,190.67826334635416
40.62848959999974,191.5303751627604,196.61566162109375,190.73024495442706
40.65990800000145,191.4333292643229,196.62469482421875,190.61861165364581
40.692745000000286,191.5062052408854,196.60030110677081,190.61710611979166
40.74386070000037,191.52579752604166,196.6547648111979,190.68387858072916
40.77516209999885,191.58233642578125,196.62457275390625,190.77372233072916
40.80416430000332,191.5829874674479,196.60626220703125,190.77388509114581
40.8367034000039,191.61124674479166,196.6573282877604,190.81705729166666
40.869639099997585,191.72538248697916,196.67950439453125,190.74220784505206
40.90284200000315,191.65460205078125,196.691162109375,190.8021240234375
40.934008000003814,191.654052734375,196.785888671875,190.8052978515625
40.96530039999925,191.67793782552081,196.7664591471354,190.814697265625
40.996991400003026,191.76009114583331,196.76259358723956,190.87135823567706
41.03089650000038,191.7706298828125,196.79510498046875,190.86905924479166
41.076730699998734,191.7540079752604,196.84267171223956,190.8412882486979
41.10865449999983,191.76513671875,196.90163167317706,190.85658772786456
41.139951299999666,191.89703369140625,196.90189615885416,190.94478352864581
41.17289780000283,191.87019856770831,196.940185546875,190.91212972005206
41.20600920000288,191.89534505208331,196.99055989583331,190.98085530598956
41.23705250000057,191.94525146484375,196.99310302734375,190.99153645833331
41.27048389999982,191.98309326171875,196.99147542317706,191.01214599609375
41.3023503000004,192.0010986328125,197.0980021158854,191.14630126953125
41.33534460000374,192.0718994140625,197.05607096354166,191.04020182291666
41.36943099999917,192.0820109049479,197.05057779947916,191.09112548828125
41.41275989999849,192.14857991536456,197.0894775390625,191.08683268229166
41.446535900002345,192.10758463541666,197.09908040364581,191.079345703125
41.478701599997294,192.1088663736979,197.13724772135416,191.10516357421875
41.508532699997886,192.12770589192706,197.14176432291666,191.13771565755206
41.5396946999972,192.127685546875,197.1708780924479,191.15608723958331
41.57312880000245,192.20147705078125,197.1238810221354,191.1004638671875
41.60463770000206,192.1422119140625,197.11922200520831,191.14583333333331
41.63701690000016,192.18914794921875,197.13187662760416,191.08685302734375
41.66962059999787,192.09859212239581,197.070068359375,191.08595784505206
41.715811699999904,192.20292154947916,197.0673624674479,191.08101399739581
41.75079779999942,192.12825520833331,197.13248697916666,191.1929728190104
41.785019800001464,192.16585286458331,197.14139811197916,191.0783487955729
41.814104800003406,192.0191446940104,197.1364542643229,191.11964925130206
41.84542119999969,192.0677490234375,197.1170450846354,191.07716878255206
41.87643240000034,192.1160685221354,197.12296549479166,191.0818888346354
41.90851929999917,192.0637003580729,197.09720865885416,191.15203857421875
41.93951620000007,192.10546875,197.10353597005206,191.24562581380206
41.9740993000014,192.16505940755206,197.07120768229166,191.14923095703125
42.004502499999944,192.12109375,197.04095458984375,191.1002197265625
42.05548629999976,192.08235677083331,197.02884928385416,191.09322102864581
42.087806399998954,192.05574544270831,197.07330322265625,191.03179931640625
42.11875090000103,192.0704345703125,197.0291544596354,191.05010986328125
42.14174849999836,192.0704345703125,197.0291544596354,191.05010986328125
42.15616769999906,192.0927734375,197.0179443359375,190.97102864583331
42.21203139999852,191.99955240885416,197.02506510416666,191.07942708333331
42.245824300000095,191.9730224609375,196.95863850911456,190.98177083333331
42.27604479999718,191.93988037109375,196.92950439453125,191.01448567708331
42.30752500000381,191.8937784830729,196.89239501953125,191.03472900390625
42.35617920000368,191.91644287109375,196.9078165690104,190.9830322265625
42.38961939999717,191.93060302734375,196.87038167317706,190.86916097005206
42.421719799996936,191.8397216796875,196.80891927083331,190.84122721354166
42.434393499999715,191.8397216796875,196.80891927083331,190.84122721354166
42.453912500001024,191.802001953125,196.7796427408854,190.79142252604166
42.487130499997875,191.77956136067706,196.80342610677081,190.85546875
42.5185358000017,191.7782999674479,196.75211588541666,190.80548095703125
42.55154919999768,191.71319580078125,196.7835693359375,190.76066080729166
42.6120013999971,191.66800944010416,196.71388753255206,190.72198486328125
42.64510750000045,191.71431477864581,196.67254638671875,190.72998046875
42.693377800002054,191.7100830078125,196.66707356770831,190.69677734375
42.725167900003726,191.6954345703125,196.62565104166666,190.68009440104166
42.75690040000336,191.60292561848956,196.65553792317706,190.6452433268229
42.76852289999806,191.60292561848956,196.65553792317706,190.6452433268229
42.790351399999054,191.6458536783854,196.6046142578125,190.73860677083331
42.81939660000353,191.5986124674479,196.6027628580729,190.68876139322916
42.853443400003016,191.58282470703125,196.57631429036456,190.6912841796875
42.885075099999085,191.5816446940104,196.57183837890625,190.68705240885416
42.917183899997326,191.5720011393229,196.50101725260416,190.69777425130206
42.95046430000366,191.49971516927081,196.5489298502604,190.6339111328125
43.031852200001595,191.45210774739581,196.46272786458331,190.5839640299479
43.06430099999852,191.37030029296875,196.4482421875,190.56734212239581
43.090550599998096,191.37030029296875,196.4482421875,190.56734212239581
43.10392970000248,191.39164225260416,196.39998372395831,190.53334554036456
43.12522220000392,191.310546875,196.33646647135416,190.43424479166666
43.15633820000221,191.2481486002604,196.23738606770831,190.3714396158854
43.18869689999701,191.2438761393229,196.17962646484375,190.2861124674479
43.22047729999758,191.13773600260416,196.15541585286456,190.35489908854166
43.253426399998716,191.10738118489581,196.10880533854166,190.24688720703125
43.28626230000373,191.055908203125,196.10087076822916,190.2062784830729
43.33184970000002,191.03877766927081,196.0367228190104,190.25640869140625
43.3685964000033,190.93634033203125,196.03755696614581,190.24603271484375
43.3985199000017,190.90043131510416,196.00826009114581,190.15749104817706
43.42875269999786,190.89984130859375,195.99800618489581,190.0348917643229
43.462103099998785,190.96925862630206,195.99247233072916,190.1044718424479
43.49193199999718,190.99574788411456,195.92179361979166,190.06878662109375
43.52453280000191,190.87066650390625,195.97564697265625,190.0680948893229
43.55741300000227,190.96547444661456,195.929443359375,190.12884521484375
43.589608000002045,190.89235432942706,195.94142659505206,190.14302571614581
43.621828299998015,190.78192138671875,195.96683756510416,190.0948486328125
43.669915300000866,190.90189615885416,195.9288126627604,190.09218343098956
43.702678699999524,190.81500244140625,195.97406005859375,190.00465901692706
43.73188300000038,190.9018351236979,195.90559895833331,189.995361328125
43.766205799998716,190.90399169921875,195.89375813802081,190.11159261067706
43.798406599999,190.87481689453125,195.90498860677081,189.99214680989581
43.82879800000228,190.779541015625,195.96388753255206,190.15740966796875
43.86377150000044,190.91890462239581,195.89400227864581,190.02565511067706
43.89359379999951,190.88736979166666,195.91595458984375,189.98065185546875
43.92626929999824,190.8926798502604,195.876953125,190.04384358723956
43.971437300002435,190.8163859049479,195.8162638346354,190.01700846354166
44.00489319999906,190.79451497395831,195.7823486328125,189.97670491536456
44.03794409999682,190.76814778645831,195.78434244791666,189.9554239908854
44.06963479999831,190.73744710286456,195.74591064453125,189.9747314453125
44.103212499998335,190.7177530924479,195.74800618489581,189.83416748046875
44.13278369999898,190.6819864908854,195.76967366536456,189.97139485677081
44.16719480000029,190.77443440755206,195.70821126302081,189.93941243489581
44.19857960000081,190.7370402018229,195.7144571940104,189.9109903971354
44.229753400002664,190.68192545572916,195.7529296875,189.88175455729166
44.26014469999791,190.7021484375,195.67057291666666,189.84297688802081
44.30784419999691,190.63539632161456,195.69889322916666,189.7779541015625
44.3394391000038,190.58489990234375,195.73360188802081,189.80228678385416
44.37201600000117,190.68666585286456,195.7059122721354,189.74495442708331
44.40429420000146,190.55181884765625,195.7457071940104,189.77372233072916
44.43657350000285,190.61383056640625,195.68617757161456,189.7965087890625
44.46977899999911,190.5740966796875,195.69354248046875,189.7061767578125
44.503010799999174,190.6470743815104,195.62516276041666,189.73944091796875
44.53377460000047,190.52211507161456,195.605224609375,189.74355061848956
44.566593100003956,190.4986572265625,195.66713460286456,189.84869384765625
44.59690370000317,190.54052734375,195.67289225260416,189.80228678385416
44.64477299999999,190.51666259765625,195.57084147135416,189.74674479166666
44.67687180000212,190.58929443359375,195.6060587565104,189.74676513671875
44.70868650000193,190.54398600260416,195.60135904947916,189.672607421875
44.74097350000375,190.4876708984375,195.62113444010416,189.83624267578125
44.7727675999995,190.59468587239581,195.532470703125,189.62955729166666
44.80396550000296,190.59578450520831,195.58062744140625,189.78511555989581
44.835348599997815,190.48758951822916,195.6356201171875,189.7245890299479
44.86964160000207,190.5079345703125,195.61248779296875,189.70369466145831
44.90337649999856,190.45760091145831,195.55474853515625,189.6786905924479
44.95130880000215,190.4496866861979,195.5545450846354,189.72625732421875
44.98362060000363,190.5738525390625,195.50736490885416,189.77065022786456
45.01295260000188,190.46028645833331,195.5337931315104,189.70794677734375
45.04645739999978,190.54583740234375,195.5015869140625,189.72829182942706
45.07713820000208,190.43678792317706,195.54679361979166,189.67765299479166
45.11015230000339,190.3616739908854,195.56520589192706,189.60652669270831
45.141598900001554,190.5545654296875,195.50406901041666,189.73895263671875
45.173022499999206,190.48811848958331,195.53676350911456,189.6903076171875
45.20587220000016,190.52006022135416,195.50172932942706,189.73917643229166
45.237698900004034,190.5712687174479,195.56270345052081,189.6549072265625
45.28568670000095,190.4891357421875,195.5241495768229,189.8506876627604
45.317675500002224,190.50673421223956,195.53961181640625,189.73441569010416
45.350688899998204,190.54774983723956,195.52349853515625,189.73748779296875
45.372904500000004,190.54774983723956,195.52349853515625,189.73748779296875
45.41385879999871,190.54081217447916,195.53566487630206,189.69120279947916
45.44412810000358,190.57423909505206,195.5590616861979,189.8029581705729
45.477495300001465,190.5026652018229,195.5863037109375,189.77520751953125
45.50840150000295,190.597412109375,195.47395833333331,189.77640787760416
45.54135479999968,190.51275634765625,195.54266357421875,189.73305257161456
45.5887606000033,190.53238932291666,195.6156005859375,189.78080240885416
45.61965339999733,190.5273234049479,195.6005655924479,189.77384440104166
45.6543496000013,190.61928304036456,195.60260009765625,189.80867513020831
45.66304630000377,190.61928304036456,195.60260009765625,189.80867513020831
45.68673780000245,190.60939534505206,195.58056640625,189.7808634440104
45.71743620000052,190.61818440755206,195.59464518229166,189.78426106770831
45.74975819999963,190.56789143880206,195.57328287760416,189.69085693359375
45.81258810000145,190.61012776692706,195.56461588541666,189.74951171875
45.84493400000065,190.56660970052081,195.62870279947916,189.7188517252604
45.87657559999934,190.52775065104166,195.5804239908854,189.75380452473956
45.92544749999797,190.44071451822916,195.625732421875,189.72530110677081
45.95655889999762,190.60597737630206,195.56966145833331,189.85736083984375
45.989403100000345,190.51652018229166,195.59814453125,189.7393798828125
46.000830099997984,190.51652018229166,195.59814453125,189.7393798828125
46.019400099998165,190.59635416666666,195.5980021158854,189.7798868815104
46.052298900001915,190.56941731770831,195.58492024739581,189.7880859375
46.08517060000304,190.57928466796875,195.5899658203125,189.71559651692706
46.11928230000194,190.52813720703125,195.623046875,189.77687581380206
46.15214160000323,190.57576497395831,195.64200846354166,189.73592122395831
46.21263439999893,190.54359944661456,195.59619140625,189.8265177408854
46.26228770000307,190.53702799479166,195.66764322916666,189.7409464518229
46.293323099998815,190.55607096354166,195.60298665364581,189.8278605143229
46.303590900002746,190.55607096354166,195.60298665364581,189.8278605143229
46.32586820000142,190.55806477864581,195.6328125,189.7222900390625
46.35758540000097,190.5220743815104,195.58013916015625,189.73415120442706
46.38685439999972,190.5884806315104,195.54593912760416,189.83058675130206
46.41961430000083,190.54915364583331,195.57391357421875,189.7147216796875
46.45353150000301,190.50140380859375,195.56390380859375,189.70143636067706
46.48604989999876,190.53263346354166,195.52278645833331,189.7071329752604
46.51881839999987,190.5457560221354,195.50118001302081,189.67702229817706
46.56547429999773,190.5152384440104,195.47798665364581,189.71577962239581
46.629780800001754,190.3956095377604,195.52557373046875,189.7293497721354
46.64286739999807,190.3956095377604,195.52557373046875,189.7293497721354
46.66128900000331,190.44645182291666,195.48402913411456,189.62320963541666
46.69277449999936,190.42767333984375,195.43450927734375,189.64056396484375
46.7240696000008,190.42299397786456,195.3663126627604,189.63417561848956
46.75617449999845,190.3897501627604,195.40102132161456,189.59832763671875
46.788796400003775,190.34647623697916,195.39811197916666,189.5457560221354
46.81948150000244,190.40433756510416,195.37284342447916,189.61077880859375
46.856348200002685,190.41731770833331,195.36905924479166,189.55293782552081
46.9032806000032,190.40679931640625,195.3592529296875,189.5628662109375
46.93498340000224,190.36527506510416,195.4311319986979,189.60658772786456
46.96880909999891,190.35477701822916,195.36063639322916,189.61360677083331
46.99766459999955,190.38336181640625,195.34295654296875,189.5684814453125
47.027904800001124,190.3935343424479,195.33929443359375,189.63039143880206
47.064263400003256,190.3258056640625,195.33905029296875,189.524169921875
47.09344769999734,190.37164306640625,195.35481770833331,189.55354817708331
47.12463530000241,190.40181477864581,195.34798177083331,189.5676066080729
47.15659289999894,190.3506876627604,195.32061767578125,189.6219278971354
47.204106299999694,190.31170654296875,195.32710774739581,189.59254964192706
47.23840889999701,190.2550048828125,195.37921142578125,189.4877726236979
47.26870300000155,190.213623046875,195.3359171549479,189.56925455729166
47.3024454999977,190.36126708984375,195.28334554036456,189.45926920572916
47.334562600000936,190.3953857421875,195.3701171875,189.5345255533854
47.36864919999789,190.30849202473956,195.36922200520831,189.56099446614581
47.39841980000347,190.38118489583331,195.31038411458331,189.54264322916666
47.42856049999682,190.37086995442706,195.28481038411456,189.5656534830729
47.46252960000129,190.30849202473956,195.25946044921875,189.50569661458331
47.49332210000284,190.30718994140625,195.28774007161456,189.55904134114581
47.540626499998325,190.35888671875,195.37247721354166,189.62603759765625
47.573226699998486,190.35408528645831,195.39815266927081,189.48917643229166
47.60499050000362,190.4373779296875,195.4149169921875,189.6160685221354
47.637801600001694,190.521240234375,195.47477213541666,189.65523274739581
47.66972939999687,190.60915120442706,195.5724894205729,189.7875773111979
47.704037000003154,190.7212931315104,195.59869384765625,189.82741292317706
47.7336198999983,190.71246337890625,195.69803873697916,189.91792805989581
47.767774899999495,190.74076334635416,195.73494466145831,189.9621378580729
47.796852400002535,190.7436319986979,195.79923502604166,189.94295247395831
47.82961790000263,190.8175048828125,195.84346516927081,190.0113321940104
47.87638000000152,190.9043986002604,195.9412841796875,189.9971720377604
47.91097209999862,190.89778645833331,196.01287841796875,190.1359659830729
47.9425854000001,191.03031412760416,196.04237874348956,190.18719482421875
47.97321570000349,190.96852620442706,196.09088134765625,190.1795654296875
48.00377899999876,190.97454833984375,196.1697794596354,190.22585042317706
48.03895360000024,191.0875040690104,196.19374593098956,190.1911417643229
48.06944880000083,191.1502482096354,196.18497721354166,190.3299357096354
48.101918000000296,191.26595052083331,196.22025553385416,190.33329264322916
48.133298400003696,191.27398681640625,196.3353068033854,190.3935343424479
48.186519800001406,191.23358154296875,196.35233561197916,190.47013346354166
48.216987400002836,191.3212890625,196.37027994791666,190.49849446614581
48.24332329999743,191.3555704752604,196.3885498046875,190.57958984375
48.27866299999732,191.4302775065104,196.42323811848956,190.5473429361979
48.30859380000038,191.38002522786456,196.4521484375,190.5625
48.34154999999737,191.34293619791666,196.48089599609375,190.45538330078125
48.372589999999036,191.35599772135416,196.49434407552081,190.60367838541666
48.403981000003114,191.4550577799479,196.50811767578125,190.51910400390625
48.43677829999797,191.47676595052081,196.45906575520831,190.65606689453125
48.46864810000261,191.37282307942706,196.49810791015625,190.54705810546875
48.51717330000247,191.40419514973956,196.45522054036456,190.50801595052081
48.55011769999692,191.25174967447916,196.42012532552081,190.53285725911456
48.58837720000156,191.25982666015625,196.4033203125,190.4566650390625
48.61312989999715,191.26045735677081,196.3647257486979,190.40863037109375
48.64434600000095,191.13346354166666,196.3975626627604,190.48250325520831
48.67513950000284,191.1923828125,196.23602294921875,190.30074055989581
48.70857619999879,191.08284505208331,196.22481282552081,190.28885904947916
48.742796700003964,191.10294596354166,196.18794759114581,190.13787841796875
48.773244500000146,191.0099894205729,196.13260904947916,190.18776448567706
48.82089529999939,190.8544921875,196.1005655924479,190.1572265625
48.852496899999096,190.86222330729166,196.02809651692706,190.08056640625
48.88778630000161,190.79056803385416,195.96236165364581,190.1474609375
48.91006449999986,190.79056803385416,195.96236165364581,190.1474609375
48.92368459999852,190.80108642578125,195.89674886067706,190.06937662760416
48.950482599997486,190.7501220703125,195.85579427083331,189.93473307291666
49.01207920000161,190.69024658203125,195.8235880533854,189.93595377604166
49.0446854000038,190.66400146484375,195.82208251953125,189.8782755533854
49.07670560000406,190.58626302083331,195.80023193359375,189.94873046875
49.1086828999978,190.57672119140625,195.78877766927081,189.84822591145831
49.15686480000295,190.5870361328125,195.7944132486979,189.8672892252604
49.18845929999952,190.5281778971354,195.8437296549479,189.8260294596354
49.21971830000257,190.68534342447916,195.79292805989581,189.75882975260416
49.22715210000024,190.68534342447916,195.79292805989581,189.75882975260416
49.25396120000369,190.71891276041666,195.7303466796875,189.8382364908854
49.28637880000315,190.59847005208331,195.8199462890625,189.83192952473956
49.31859049999912,190.5967814127604,195.76458740234375,189.87355550130206
49.34961990000011,190.65498860677081,195.73193359375,189.87331136067706
49.41385789999913,190.71818033854166,195.8511962890625,189.83524576822916
49.44674759999907,190.79132080078125,195.8364054361979,189.97052001953125
49.49381859999994,190.80122884114581,195.8637491861979,189.9476318359375
49.52510140000231,190.8631591796875,195.90523274739581,189.84779866536456
49.5364871999991,190.8631591796875,195.90523274739581,189.84779866536456
49.55720960000326,190.8797607421875,195.97489420572916,189.9753214518229
49.588557000002766,190.93349202473956,196.00478108723956,189.9744669596354
49.62046099999861,191.06538899739581,196.01320393880206,190.06463623046875
49.65362940000341,191.10432942708331,196.11824544270831,190.20416259765625
49.68695950000256,191.08917236328125,196.16585286458331,190.1544189453125
49.719924800003355,191.1115519205729,196.17781575520831,190.15152994791666
49.753152400000545,191.13637288411456,196.18690999348956,190.17962646484375
49.82784800000081,191.20526123046875,196.18599446614581,190.19942220052081
49.86260659999971,191.12050374348956,196.23681640625,190.29262288411456
49.87191239999811,191.12050374348956,196.23681640625,190.29262288411456
49.89396110000234,191.21439615885416,196.19488525390625,190.213134765625
49.92496769999707,191.2139892578125,196.2668253580729,190.3461710611979
49.957179400000314,191.33319091796875,196.25579833984375,190.33878580729166
49.98863870000059,191.26515706380206,196.28727213541666,190.330810546875
50.02109780000319,191.26344807942706,196.37835693359375,190.3278605143229
50.052785400002904,191.35990397135416,196.40482584635416,190.2979532877604
50.08535480000137,191.29693603515625,196.3842569986979,190.27303059895831
50.132179799998994,191.2894083658854,196.365478515625,190.40214029947916
50.168747700001404,191.3469034830729,196.3865966796875,190.38616943359375
50.203871500001696,191.36576334635416,196.37137858072916,190.259521484375
50.22844210000039,191.28466796875,196.37353515625,190.41107177734375
50.26228419999825,191.48451741536456,196.30900065104166,190.32303873697916
50.29250350000075,191.3545939127604,196.43001302083331,190.3394775390625
50.32338829999935,191.36989339192706,196.4267374674479,190.373046875
50.35616509999818,191.45180257161456,196.38637288411456,190.3348185221354
50.38870830000087,191.46879069010416,196.4141845703125,190.44325764973956
50.43739359999745,191.3387247721354,196.39418538411456,190.47566731770831
50.47076699999889,191.565673828125,196.39141845703125,190.4140421549479
50.50177509999776,191.40966796875,196.45109049479166,190.39967854817706
50.533296900001005,191.3052978515625,196.46046956380206,190.46173095703125
50.5657194000014,191.50506591796875,196.47025553385416,190.43666585286456
50.598581999998714,191.41849772135416,196.43988037109375,190.45182291666666
50.6294693000018,191.4319864908854,196.4366251627604,190.50002034505206
50.6598570999995,191.44948323567706,196.45247395833331,190.43684895833331
50.692930199998955,191.44342041015625,196.44571940104166,190.39912923177081
50.72618440000224,191.40840657552081,196.4362589518229,190.362548828125
50.77157950000401,191.3858642578125,196.46171061197916,190.44368489583331
50.80563350000011,191.39825439453125,196.4192911783854,190.40116373697916
50.83765719999792,191.32942708333331,196.45452880859375,190.46630859375
50.867898600001354,191.4672648111979,196.44510904947916,190.32560221354166
50.90235720000055,191.46358235677081,196.41444905598956,190.41035970052081
50.932629499999166,191.3471476236979,196.5132853190104,190.4019571940104
50.96761659999902,191.4760538736979,196.4072062174479,190.43778483072916
51.00350939999771,191.42877197265625,196.5457763671875,190.4749552408854
51.03082110000105,191.46834309895831,196.5687052408854,190.55354817708331
51.062186199997086,191.53188069661456,196.59464518229166,190.52799479166666
51.10982810000132,191.63883463541666,196.56072998046875,190.44160970052081
51.14103350000369,191.56547037760416,196.53436279296875,190.58233642578125
51.17308529999718,191.5289103190104,196.55423990885416,190.46059163411456
51.204808399998,191.53973388671875,196.52227783203125,190.56038411458331
51.23880320000171,191.56622314453125,196.5062052408854,190.50565592447916
51.2678373000017,191.6144816080729,196.5286661783854,190.46905517578125
51.30196969999815,191.61893717447916,196.59615071614581,190.501708984375
51.33367050000379,191.61474609375,196.5850830078125,190.5932413736979
51.366747699998086,191.58734130859375,196.59004720052081,190.56561279296875
51.41670680000243,191.53753662109375,196.62223307291666,190.55131022135416
51.44574229999853,191.5855712890625,196.654052734375,190.63466389973956
51.47761509999691,191.66115315755206,196.60028076171875,190.54182942708331
51.50972699999693,191.5265909830729,196.64864095052081,190.64404296875
51.54133069999807,191.52716064453125,196.5812784830729,190.45808919270831
51.571297399998,191.47928873697916,196.61208089192706,190.5124308268229
51.6048329999976,191.56966145833331,196.55507405598956,190.5460001627604
51.63601290000224,191.58988444010416,196.54888916015625,190.575927734375
51.66751579999982,191.62495930989581,196.60577392578125,190.440673828125
51.70329309999943,191.69413248697916,196.58056640625,190.5775146484375
51.750476200002595,191.66849772135416,196.62263997395831,190.68343098958331
51.783303800002614,191.61751302083331,196.68947347005206,190.60502115885416
51.81636599999911,191.71195475260416,196.62404378255206,190.54750569661456
51.84580450000067,191.74379475911456,196.6204630533854,190.5895792643229
51.877285599999595,191.67445882161456,196.634033203125,190.5938720703125
51.906808400002774,191.71175130208331,196.59291585286456,190.54402669270831
51.93959970000287,191.72401936848956,196.5866495768229,190.3947550455729
51.97436089999974,191.56178792317706,196.62906901041666,190.65665690104166
52.00469449999946,191.63409423828125,196.56874593098956,190.5460001627604
52.053296999998565,191.60970052083331,196.63104248046875,190.5224609375
52.087073900002,191.59364827473956,196.62774658203125,190.52663167317706
52.11886609999783,191.6356201171875,196.63411458333331,190.52787272135416
52.13460389999818,191.6356201171875,196.63411458333331,190.52787272135416
52.15187039999728,191.77655029296875,196.5763956705729,190.555419921875
52.18378730000404,191.66756184895831,196.6263427734375,190.58123779296875
52.24587749999773,191.65083821614581,196.6340128580729,190.52593994140625
52.27611210000032,191.5873819986979,196.64154052734375,190.5810546875
52.30966669999907,191.60097249348956,196.6109619140625,190.5481974283854
52.341942999999446,191.67122395833331,196.59682210286456,190.5751749674479
52.38745210000343,191.61421712239581,196.604248046875,190.56280517578125
52.419939200000954,191.5676066080729,196.58699544270831,190.55511474609375
52.453727599997364,191.60015869140625,196.56439208984375,190.6274210611979
52.467589300002146,191.60015869140625,196.56439208984375,190.6274210611979
52.48737229999824,191.5902099609375,196.62288411458331,190.505859375
52.51738150000165,191.5619913736979,196.6468505859375,190.49943033854166
52.55193249999866,191.60316975911456,196.59130859375,190.499755859375
52.613156600004004,191.5289306640625,196.56632486979166,190.53361002604166
52.6467593999987,191.57352701822916,196.5833536783854,190.447021484375
52.679431500000646,191.58837890625,196.55108642578125,190.57631429036456
52.724056400002155,191.6392618815104,196.60341389973956,190.544677734375
52.75800270000036,191.57889811197916,196.60860188802081,190.55584716796875
52.77599509999709,191.57889811197916,196.60860188802081,190.55584716796875
52.787657100001525,191.6728515625,196.61346435546875,190.51149495442706
52.81965150000178,191.74051920572916,196.61590576171875,190.47890218098956
52.85410840000259,191.72939046223956,196.65728759765625,190.55851236979166
52.88599940000131,191.70855712890625,196.6981201171875,190.61909993489581
52.917365499997686,191.765625,196.63623046875,190.56298828125
52.94893350000348,191.65199788411456,196.66280110677081,190.55729166666666
53.02894419999939,191.60695393880206,196.72904459635416,190.5329386393229
53.06137139999919,191.58968098958331,196.68495686848956,190.57796223958331
53.09168050000153,191.57470703125,196.68263753255206,190.67740885416666
53.10966950000147,191.57470703125,196.68263753255206,190.67740885416666
53.1262218999982,191.68306477864581,196.58732096354166,190.57731119791666
53.157565200002864,191.6707763671875,196.64406331380206,190.55305989583331
53.18948809999711,191.69386800130206,196.583984375,190.4965616861979
53.221241300001566,191.60384114583331,196.62019856770831,190.5221964518229
53.254493000000366,191.6285400390625,196.58148193359375,190.5856730143229
53.28534370000125,191.56386311848956,196.57802327473956,190.5092569986979
53.317409600000246,191.51717122395831,196.60978190104166,190.58587646484375
53.36469660000148,191.53902180989581,196.6297607421875,190.5351359049479
53.43015210000158,191.50099690755206,196.53116861979166,190.48659261067706
53.44584220000252,191.50099690755206,196.53116861979166,190.48659261067706
53.461751800001366,191.48783365885416,196.550048828125,190.5156046549479
53.49402779999946,191.4201456705729,196.56536865234375,190.45245361328125
53.524596800001746,191.50616455078125,196.48649088541666,190.45098876953125
53.55874649999896,191.4075927734375,196.47005208333331,190.35089111328125
53.59091449999687,191.3560791015625,196.3743896484375,190.5236612955729
53.62167710000358,191.32332356770831,196.3388468424479,190.4287109375
53.66935350000131,191.3035888671875,196.37630208333331,190.29325358072916
53.70508439999685,191.22147623697916,196.3704630533854,190.2376708984375
53.732613899999706,191.22066243489581,196.33585611979166,190.32096354166666
53.76414600000135,191.18312581380206,196.2960001627604,190.22062174479166
53.79965390000143,191.08856201171875,196.3504435221354,190.25927734375
53.82867239999905,191.131591796875,196.24525960286456,190.31256103515625
53.862084599997615,191.12967936197916,196.21248372395831,190.24210611979166
53.893527500003984,191.0422159830729,196.23539225260416,190.22623697916666
53.92391160000261,190.99220784505206,196.18668619791666,190.25347900390625
53.95607600000221,190.92936197916666,196.1473388671875,190.17413330078125
54.00462420000258,190.94875081380206,196.13517252604166,190.18733723958331
54.036665799998445,190.8160400390625,196.07503255208331,190.089599609375
54.07040920000145,190.79964192708331,196.02294921875,190.033447265625
54.10325230000308,190.8404541015625,195.94266764322916,190.05350748697916
54.13229809999757,190.7176310221354,195.96439615885416,190.0450439453125
54.165513500003726,190.68282063802081,195.91446940104166,189.95625813802081
54.1997859999974,190.71712239583331,195.86769612630206,189.88968912760416
54.22885159999714,190.6102091471354,195.8364054361979,189.8571573893229
54.26169410000148,190.67462158203125,195.86651611328125,189.92543538411456
54.29249539999728,190.60707600911456,195.85487874348956,189.90718587239581
54.3401578999983,190.69350179036456,195.84132893880206,189.8350626627604
54.37398679999751,190.75553385416666,195.78560384114581,189.92830403645831
54.40422850000323,190.71978759765625,195.84120686848956,189.87003580729166
54.439521699998295,190.67256673177081,195.9064737955729,189.9506632486979
54.468450599997595,190.65785725911456,195.8528849283854,189.902099609375
54.50301729999774,190.70145670572916,195.91056315104166,189.8447265625
54.53415469999891,190.72176106770831,195.87371826171875,189.88525390625
54.56649610000022,190.71413167317706,195.86714680989581,189.9057413736979
54.60079730000143,190.80047607421875,195.90030924479166,189.92643229166666
54.644302900000184,190.69291178385416,195.9072062174479,190.047607421875
54.67861439999979,190.75518798828125,195.9382120768229,189.82816569010416
54.70840599999792,190.71026611328125,195.96466064453125,189.94130452473956
54.73976609999954,190.7779541015625,195.86415608723956,189.87113444010416
54.772832599999674,190.7069091796875,195.86775716145831,189.8971964518229
54.8031037000037,190.7330322265625,195.83219401041666,189.89654541015625
54.83694120000291,190.72304280598956,195.8062540690104,189.9097900390625
54.86859849999746,190.6716105143229,195.73500569661456,189.84859212239581
54.90356260000408,190.65155029296875,195.7208048502604,189.8447062174479
54.93221040000208,190.6324462890625,195.701171875,189.72953287760416
54.97967429999699,190.57735188802081,195.64654541015625,189.7687784830729
55.01335110000218,190.5462646484375,195.65728759765625,189.75187174479166
55.04402000000118,190.5479736328125,195.60406494140625,189.7340087890625
55.07716520000395,190.54512532552081,195.60487874348956,189.7037150065104
55.10764290000225,190.58937581380206,195.60146077473956,189.64005533854166
55.139389000003575,190.52569580078125,195.59926350911456,189.70119222005206
55.17312300000049,190.53792317708331,195.60225423177081,189.77667236328125
55.20389260000229,190.54703776041666,195.63566080729166,189.63960774739581
55.238614300003974,190.6579386393229,195.5500284830729,189.645263671875
55.28847379999934,190.60909016927081,195.58001708984375,189.70235188802081
55.31839259999833,190.67122395833331,195.6197509765625,189.73177083333331
55.35377970000263,190.71221923828125,195.63675944010416,189.78759765625
55.368710399998236,190.71221923828125,195.63675944010416,189.78759765625
55.41272890000255,190.6947021484375,195.713134765625,189.79547119140625
55.4463281999997,190.655029296875,195.7242228190104,190.02703857421875
55.47637409999879,190.71417236328125,195.78572591145831,189.82033284505206
55.50959870000224,190.75911458333331,195.81758626302081,189.86248779296875
55.539365999997244,190.84138997395831,195.81282552083331,189.92826334635416
55.57390000000305,190.85762532552081,195.84490966796875,189.94356282552081
55.620283299998846,190.82082112630206,195.892822265625,189.93426513671875
55.653575700001966,190.83937581380206,195.86698404947916,189.90230305989581
55.68584930000361,190.91654459635416,195.8793741861979,189.92464192708331
55.702553199997055,190.91654459635416,195.8793741861979,189.92464192708331
55.71939459999703,190.8394571940104,195.95501708984375,189.8947550455729
55.75140960000135,190.91328938802081,195.97318522135416,190.01190185546875
55.812074100002064,191.018310546875,196.06134033203125,190.05501302083331
55.84626220000064,191.0125528971354,196.0574747721354,190.08467610677081
55.87523189999774,191.01076253255206,196.02274576822916,190.15543619791666
55.90851510000357,190.99114990234375,196.1087646484375,190.11116536458331
55.95621689999825,191.0484415690104,196.10670979817706,190.1431884765625
55.98841430000175,191.00390625,196.11238606770831,190.08662923177081
56.00792609999917,191.00390625,196.11238606770831,190.08662923177081
56.02166340000258,191.0269775390625,196.16459147135416,190.16585286458331
56.05366550000326,190.9935099283854,196.14127604166666,190.0755615234375
56.085573600001226,191.0184326171875,196.077880859375,190.19728597005206
56.117458499997156,190.9571329752604,196.03521728515625,190.13667805989581
56.14879420000216,190.96968587239581,196.05977376302081,190.18459065755206
56.213469800000894,190.90120442708331,196.05434163411456,190.07899983723956
56.26273609999771,190.94132486979166,195.99039713541666,190.0162353515625
56.29487530000188,190.8975626627604,196.030517578125,189.99934895833331
56.32448429999931,190.8123575846354,196.05411783854166,190.01334635416666
56.343042200001946,190.8123575846354,196.05411783854166,190.01334635416666
56.356741100004,190.85697428385416,195.98000081380206,189.968505859375
56.3884481999994,190.78873697916666,195.99613444010416,189.95113118489581
56.42140069999732,190.80360921223956,195.94523111979166,189.9599609375
56.45200119999936,190.7685546875,195.9612833658854,189.9542032877604
56.48766020000039,190.78375244140625,195.8943888346354,189.89739990234375
56.51874320000206,190.8046875,195.8782755533854,189.92299397786456
56.550601499999175,190.76165771484375,195.901611328125,189.91920979817706
56.62946460000239,190.675537109375,195.81766764322916,189.82307942708331
56.66165449999971,190.64705403645831,195.759033203125,189.84090169270831
56.67937460000394,190.64705403645831,195.759033203125,189.84090169270831
56.69360279999819,190.6077677408854,195.7968546549479,189.71828206380206
56.72610120000172,190.55804443359375,195.7876993815104,189.7802734375
56.75836839999829,190.58292643229166,195.69708251953125,189.67862955729166
56.78867110000283,190.55729166666666,195.66591389973956,189.626708984375
56.82079150000209,190.58721923828125,195.63446044921875,189.66800944010416
56.851677700004075,190.52217610677081,195.58955891927081,189.71138509114581
56.90292909999698,190.41571044921875,195.60847981770831,189.6913859049479
56.93246409999847,190.51735432942706,195.53706868489581,189.5645751953125
56.96574420000252,190.40604654947916,195.540283203125,189.4720255533854
57.00170619999699,190.38397216796875,195.459228515625,189.5127970377604
57.026705800002674,190.34735107421875,195.4856974283854,189.55153401692706
57.0610022999972,190.23891194661456,195.42012532552081,189.43597412109375
57.09263269999792,190.26373291015625,195.34183756510416,189.4193115234375
57.125827600000775,190.27197265625,195.28369140625,189.4075724283854
57.15769100000034,190.23978678385416,195.29459635416666,189.43874104817706
57.190494800001034,190.1426798502604,195.27091471354166,189.4068603515625
57.237050499999896,190.07316080729166,195.25211588541666,189.37723795572916
57.26870140000392,190.12190755208331,195.23616536458331,189.3978068033854
57.302153800003,190.1215616861979,195.16278076171875,189.32253011067706
57.33379850000347,190.12379964192706,195.14506022135416,189.42431640625
57.36596920000011,190.16878255208331,195.1428019205729,189.2789306640625
57.3989642000015,190.0191650390625,195.14229329427081,189.2099405924479
57.43048689999705,189.9760538736979,195.1676025390625,189.3827921549479
57.4593875999999,190.08856201171875,195.11356608072916,189.34395345052081
57.49443430000247,190.1026407877604,195.08998616536456,189.24468994140625
57.52488650000305,189.98771158854166,195.17610677083331,189.29705810546875
57.57327760000044,190.00714111328125,195.150146484375,189.2518310546875
57.60527020000154,189.97501627604166,195.1573282877604,189.3468017578125
57.638390100000834,190.05126953125,195.11966959635416,189.34259033203125
57.66980119999789,190.01784261067706,195.13214111328125,189.31325276692706
57.702499799997895,189.9996337890625,195.13297526041666,189.31744384765625
57.731877400001395,190.07354736328125,195.14532470703125,189.2814737955729
57.766236199997365,190.12959798177081,195.08658854166666,189.24232991536456
57.79978850000043,190.04994710286456,195.0922648111979,189.27034505208331
57.828331500000786,190.09065755208331,195.16534423828125,189.29117838541666
57.876304999997956,190.06424967447916,195.14644368489581,189.37015787760416
57.90849739999976,190.06571451822916,195.15285237630206,189.3864542643229
57.94021040000371,190.16605631510416,195.18074544270831,189.41202799479166
57.97300140000152,190.0925089518229,195.23061116536456,189.4417521158854
58.005788100002974,190.13869222005206,195.23392740885416,189.31496175130206
58.035750399998506,190.13224283854166,195.2461954752604,189.35272216796875
58.068805499999144,190.1302286783854,195.19989013671875,189.3912150065104
58.101135600001726,190.12795003255206,195.24918619791666,189.37137858072916
58.132950100000016,190.13873291015625,195.20320638020831,189.36458333333331
58.16562800000247,190.15157063802081,195.24833170572916,189.33546956380206
58.21329330000299,190.13995361328125,195.2144571940104,189.38916015625
58.24622850000014,190.19403076171875,195.26564534505206,189.46480305989581
58.2770915000001,190.14044189453125,195.2469482421875,189.32668050130206
58.30782249999902,190.1766357421875,195.22930908203125,189.34320068359375
58.34263739999733,190.18404134114581,195.25809733072916,189.36836751302081
58.37422730000253,190.1808878580729,195.24525960286456,189.37691243489581
58.40533110000251,190.06146240234375,195.27675374348956,189.32570393880206
58.438561000002665,190.0843302408854,195.1757609049479,189.36006673177081
58.46868530000211,190.12904866536456,195.15102132161456,189.42679850260416
58.517605499997444,190.18450927734375,195.16691080729166,189.39945475260416
58.550469499998144,190.04939778645831,195.122802734375,189.3335978190104
58.58480899999995,190.08453369140625,195.09710693359375,189.31986490885416
58.61335500000132,190.06787109375,195.19122314453125,189.31685384114581
58.64549580000312,190.0272013346354,195.13704427083331,189.44478352864581
58.67655640000157,190.08003743489581,195.18941243489581,189.27809651692706
58.71000269999786,190.12908935546875,195.19189453125,189.33699544270831
58.74061549999897,190.12019856770831,195.15728759765625,189.29022216796875
58.77300220000325,190.10611979166666,195.15570068359375,189.24200439453125
58.80516489999718,189.98805745442706,195.16609700520831,189.249267578125
58.85411960000056,190.04386393229166,195.16731770833331,189.36623128255206
58.88512040000205,190.06532796223956,195.19775390625,189.37786865234375
58.918250499998976,190.05912272135416,195.18475341796875,189.28078206380206
58.92838460000348,190.05912272135416,195.18475341796875,189.28078206380206
58.94960210000136,190.15883382161456,195.17018636067706,189.42860921223956
59.015177599998424,190.24641927083331,195.264892578125,189.53432210286456
59.0464101999969,190.23136393229166,195.29486083984375,189.46197509765625
59.07703449999826,190.2464396158854,195.32320149739581,189.45902506510416
59.11015500000212,190.364013671875,195.22391764322916,189.44081624348956
59.14209619999747,190.19144694010416,195.26664225260416,189.49959309895831
59.1888328999994,190.1464640299479,195.22076416015625,189.39815266927081
59.22068849999778,190.16957600911456,195.16339111328125,189.301513671875
59.23222430000169,190.16957600911456,195.16339111328125,189.301513671875
59.253235700001824,190.14650472005206,195.1561075846354,189.36427815755206
59.28607000000193,190.09781901041666,195.21354166666666,189.4072265625
59.31802459999744,190.20133463541666,195.1854248046875,189.38232421875
59.34967450000113,190.14827473958331,195.2283732096354,189.42169189453125
59.4127817999979,190.27785237630206,195.26652018229166,189.54288736979166
59.44489269999758,190.24462890625,195.34224446614581,189.4412841796875
59.49319159999868,190.27083333333331,195.31815592447916,189.54170735677081
59.52542070000345,190.2723388671875,195.31878662109375,189.4545694986979
59.557578200001444,190.28702799479166,195.28045654296875,189.45865885416666
59.56921030000376,190.28702799479166,195.28045654296875,189.45865885416666
59.59034350000002,190.28432210286456,195.25433349609375,189.38934326171875
59.619572399999015,190.25417073567706,195.20503743489581,189.3772989908854
59.65446900000097,190.21244303385416,195.17730712890625,189.33302815755206
59.68555519999791,190.1918741861979,195.2218017578125,189.42732747395831
59.71489319999819,190.18471272786456,195.2435302734375,189.39322916666666
59.74840309999854,190.24674479166666,195.24422200520831,189.4095458984375
59.82870520000142,190.17635091145831,195.2482706705729,189.40313720703125
59.86149110000406,190.1634521484375,195.1807657877604,189.27065022786456
59.87335940000048,190.1634521484375,195.1807657877604,189.27065022786456
59.89323660000082,190.18727620442706,195.14933268229166,189.34014892578125
59.92632540000341,190.07767740885416,195.12025960286456,189.31231689453125
59.9564395999987,190.12284342447916,195.09590657552081,189.2200724283854
59.98955369999749,190.09112548828125,195.0644327799479,189.3436075846354
60.021121999998286,190.08986409505206,195.05110677083331,189.25594075520831
