timestamp,r,g,b
0.2452223000000231,35.23381294964029,67.20363709032773,68.32334132693845
0.2922766999981832,35.12386587771203,66.92544378698224,68.6163708086785
0.30996919999597594,34.94024220766329,66.72642445900337,68.87432995830851
0.3315660999942338,35.17181049734618,66.3754668763515,68.36897975230981
0.36116799999581417,34.835186268773164,66.26662765749951,67.97659449970743
0.3760324999966542,34.618763244076284,66.09766904257368,67.20612598728569
0.4074618999948143,33.81040462427746,66.1709055876686,66.81387283236994
0.4403755999956047,35.03809707986849,66.29317346741442,68.31115838329143
0.47369439999602037,35.390580669566866,65.59882731227539,67.2299981085682
0.5054955999949016,34.51118631321677,65.46738108667043,66.76273735664599
0.536107499996433,35.282612799697944,66.14895223711535,67.09722484425146
0.5695491000005859,34.75983514424878,65.71356313225927,66.86811539902585
0.6011952999979258,34.63966323666978,65.2420954162769,67.04920486435921
0.6320286999980453,35.4933234421365,65.41153560830861,67.24888724035608
0.6643990999946254,34.4634601043997,65.93624161073825,66.29716629381059
0.6965895999965142,34.20187090739008,65.97156220767071,66.6710944808232
0.7438467999963905,34.36324546644232,66.02318190315947,67.0929145634698
0.7764038999957847,34.741528614457835,66.47383283132531,67.91886295180723
0.8100925999970059,35.01011994002998,66.48294602698651,67.6733508245877
0.842337399997632,35.13235016071091,66.99149177538287,68.15125732652675
0.8720422999977018,34.97693173293323,66.19523630907727,67.9878094523631
0.903770999997505,35.8689229618549,67.36873597606582,68.24046372475692
0.9363730999975814,35.343611521418026,66.70790251107829,68.09139586410636
0.9670292000009795,36.09715335169881,66.48741965105602,67.71845730027547
1.0003901999953086,36.451085947651755,67.45034341934287,68.56432151475775
1.0337029000002076,36.0157582499073,67.65721171672229,68.4321468298109
1.0824250999939977,36.10309467130562,67.12525178538729,69.75260941219557
1.1122539999996661,36.27656048609832,67.2224268090591,68.3354814951206
1.1468211999963387,36.6253671071953,66.96861233480176,68.30965491923641
1.176460099995893,36.33728907843501,67.40682366030039,70.0569256443538
1.2094144000002416,36.785766423357664,67.89543795620438,69.58740875912409
1.2424226000002818,36.53456137151195,67.14079883275579,69.83147911727157
1.2726187000007485,36.598572213069744,68.037159070108,69.95917993776314
1.304795899995952,36.89082249496245,67.87342004030042,69.77102033339439
1.335930000001099,36.36057692307692,68.02292899408283,70.5626849112426
1.3860107000000426,35.90162142466752,67.73474221169612,69.34323191838222
1.4165011000004597,36.400108675964496,67.49936605687375,69.00724506429995
1.4500205000003916,36.16009449391241,67.54879156823552,69.03052880247138
1.4820173999978579,35.843657270029674,67.51094213649851,69.611646884273
1.5122141999963787,35.68074511250461,67.36112135743268,70.01770564367392
1.5454867000007653,35.59080036798528,67.48040478380864,69.49788408463661
1.5755251000009594,36.02221406278686,66.45217550945475,69.76243803928769
1.6077554000003147,35.50552689756817,67.36551215917466,69.38504053058217
1.6413459999967017,35.49788174617793,66.7913059495303,69.87364155461411
1.6721648999955505,35.52276497695853,66.62285714285714,69.60995391705069
1.7219342999960645,35.61274329783327,66.96364304076386,69.63532868160117
1.7541156000006595,35.644098810612995,67.19945105215005,69.89258920402563
1.785363499999221,35.5969020837175,66.89618292458049,69.3903743315508
1.8123330999951577,35.87909873603224,67.59131709104231,69.2265982780729
1.8480817999952706,35.8483781278962,67.59277108433734,69.74550509731233
1.882769299998472,35.56725794530673,67.0279009608278,69.70657797487065
1.9111673999941559,35.783141617952104,67.44107109183481,70.16726381293607
1.9457908999975189,35.856627421192556,67.4318268135207,70.48784656285605
1.9789555999959703,35.62642924086223,66.9377694470478,70.54770384254921
2.0097611999954097,36.04849624060151,67.77443609022556,70.68571428571428
2.057496800000081,35.82622403560831,67.3746290801187,69.87870919881306
2.0891116999991937,35.86444486051302,67.72027710166635,69.7167197154091
2.121254300000146,36.72147399925178,67.57725402169847,70.10269360269359
2.149537799996324,36.40755281361002,68.09553187511685,68.47784632641616
2.1646833999984665,35.906849830636055,67.68554761008657,68.59296198720361
2.1855702999964706,36.822535211267606,68.62779342723005,69.10741784037559
2.249607999998261,35.485997012696046,67.02315160567588,68.38162808065721
2.2822465999997803,35.0999441652708,67.40498790247534,69.3251442397171
2.3120300999944448,35.95782904689864,67.76512859304084,68.47409228441755
2.360923599997477,35.66710280373832,67.17850467289719,69.61252336448598
2.392299399994954,35.617729567982046,67.21974939218254,68.37161024873761
2.4259068999963347,35.74573090636142,67.0651154062676,68.50272096078064
2.4568376999959582,35.82137518684604,66.86005231689089,68.35706278026906
2.4849797999995644,35.59051885031728,67.27622247107129,67.97704367301232
2.517379599994456,35.510465774090136,67.6967754101452,68.52819158966622
2.5457701999985147,35.8544909056816,67.23120195012189,68.35889743108945
2.577892499997688,35.48103642508449,67.43935411190387,68.45794217048442
2.608142400000361,35.843533595358416,67.0782332023208,68.73479318734793
2.651283899998816,34.98894510024358,66.96346261944913,67.96083942289675
2.6975405999983195,34.88543836394622,66.84908161333081,68.02480590797197
2.7283423999979277,35.01107504296353,67.40977658965056,68.40003818980333
2.763465999996697,35.56149631588891,67.63536746646514,67.73191006990365
2.7922701999996207,35.493651696039414,67.6424104604889,68.00682205798749
2.8220237999994424,35.811696777798474,67.36040230955486,68.08157943751164
2.850186699994083,35.470456663560114,66.87716682199441,68.0
2.880050799998571,35.73168446692898,67.11111111111111,68.58028855162075
2.8964017999969656,35.34758155230596,67.50487439070116,68.26565429321334
2.926995199995872,35.75335070737156,67.53108711839167,68.02755026061057
2.9523008999967715,35.78029169783096,66.84405385190725,67.99644727000748
3.000979999997071,35.30530889854525,66.70753825807671,67.63744568297753
3.0643924999967567,35.44125475285171,66.76501901140684,67.6880228136882
3.0957873000006657,35.13907914764079,67.2066210045662,68.20490867579909
3.1233523999981117,35.44493392070485,67.89944455085232,68.18348975292089
3.138229699994554,35.59027378901015,67.76086540302508,68.65900823281639
3.1609451999975136,35.629090221297524,67.69131832797429,68.6052581804426
3.192024299998593,35.54093343534812,68.06560826319816,68.36935730680949
3.226269200000388,36.1937073540561,67.31292645943897,68.79624715693707
3.257304799997655,35.962403174003406,67.4060079350085,68.259588135273
3.2910952999955043,36.02795208214489,67.85035177790455,68.80205362236167
3.336880899994867,35.714258518941556,67.74376546735199,68.27108319055777
3.3695250999953714,35.919566457501425,67.26963301007795,67.83437915953603
3.4011929999978747,35.65821094793058,67.48521838641999,68.12874308601945
3.433514699994703,35.460247008876884,67.76456966422231,68.70822076418372
3.464494100000593,35.791586260131226,67.85661906599769,68.55326128907758
3.4982429000010598,35.11674550614948,66.34210028382213,67.99754020813623
3.5298390999960247,35.215872413138406,66.42263147902031,68.21853047275489
3.5626453000004403,34.872117400419285,66.15608919382504,68.29731275014294
3.5925071999954525,35.73775761013424,66.1245982227264,68.11155227831348
3.6256437999982154,35.32633768198147,66.12894687086406,68.0436755530346
3.6732480999999098,35.19341248563769,66.67924166985829,67.96725392569897
3.7090765999964788,35.57317073170732,66.38185975609757,67.92721036585367
3.737982300001022,35.40821812596006,66.70487711213518,68.42857142857143
3.768347699995502,35.54311678267595,66.49864655839134,68.75406032482599
3.801421999996819,34.96277106121666,66.20015352139704,68.26520821339474
3.832005600001139,35.60924040720438,67.18108848864526,68.95164447924824
3.8642282000000705,35.25837320574163,66.79368421052632,68.47866028708134
3.8972763999991002,35.260563380281695,67.11686334221545,68.07556147696994
3.9310177999941516,35.35533869115959,66.17202449292002,68.12437810945273
3.979218199994648,35.81659304782024,66.68043019012867,68.58959093527943
4.007773499994073,35.76534919416731,66.56369915579432,68.71392939370683
4.040477800001099,35.51231621157151,66.67672331487493,68.90108840939469
4.072316099998716,34.88264717198923,66.52654867256638,68.59542131589073
4.108591600001091,35.075172149961745,66.77601377199694,67.94452945677124
4.137493599999289,34.68861244019139,66.74526315789474,68.18315789473684
4.168492299999343,35.092269326683294,66.66967197391138,68.30922693266834
4.202076699999452,34.92127045235804,66.81655437921077,68.46833493743985
4.232853900000919,34.88908145580589,66.89196995956095,68.46293086847679
4.264914499995939,35.62886796079185,66.92119930809149,68.33461464539688
4.312271599999804,35.7308288148722,67.51103795507359,69.1003098373354
4.3446639999965555,35.66278403666221,67.29539812869965,68.0653045636815
4.377855699996871,34.95061728395061,66.84767331433997,68.42697056030389
4.411015400000906,34.62839529955693,67.07108456944712,68.37776921595069
4.441991199993936,34.76419047619048,66.52990476190476,67.83161904761904
4.473397199995816,34.94803209782194,67.13928162017578,67.980894153611
4.506872899997688,35.23115860517436,66.96400449943758,68.10873640794901
4.537447299997439,35.10828625235405,66.19642184557439,68.08681732580038
4.5696020999967,34.95388719512195,66.15605945121952,68.22694359756098
4.614783599994553,35.043297409718285,66.34600113442995,68.04972584609567
4.6482048999969265,34.884258382269365,66.22674749005493,67.96249289638189
4.681169299998146,35.012003872216845,67.79496611810262,68.54714424007744
4.712301299994579,35.317178955308314,67.33679049594569,68.46520837261927
4.746014899996226,35.715649569449646,67.13440658929241,68.37944590041184
4.776948200000334,35.53538175046555,67.19944134078212,67.77039106145251
4.810955699998885,35.71815107102593,67.64862833521232,68.59977452085681
4.84325639999588,35.59200303202577,67.52757248436612,68.35285199924199
4.875596099998802,35.237130961392886,67.03709311127933,68.61203633610901
4.909603399995831,35.23701605288007,67.53238904627005,68.5070821529745
4.952527299996291,35.287466968667424,67.68289920724801,68.5292563231408
4.9831916999974055,35.175288989956414,67.65359105552398,68.54879666477164
5.015925399995467,35.54173829990449,67.59503342884432,68.45138490926456
5.048791000001074,35.329024900209085,67.35582588861433,68.24291959703478
5.082509399995615,35.17789193302892,67.47488584474885,68.76141552511415
5.112025299997185,35.400942507068805,67.62639019792648,68.31046182846372
5.143143900000723,35.046361390841724,67.62967889036672,68.27645829374882
5.177533999994921,35.33863721452639,66.85174092100337,67.87308124298016
5.209948600000644,35.55301886792453,67.35566037735849,68.42471698113208
5.242047699997784,35.22679245283019,67.29830188679244,68.35641509433962
5.291108899997198,35.66660355925786,67.46951912154486,68.75047330556608
5.323221300001023,35.26500285768718,67.42808153934084,68.63821680320062
5.352425899996888,35.414671227670084,66.73907259597111,68.13340935005701
5.367721499998879,35.66137970571374,67.5440473915536,67.96044334034015
5.399913000001106,35.18192111719192,66.57878845065106,68.0041517267409
5.450428199997987,35.677716037555086,66.97949798812033,68.56581720636137
5.4814059999989695,35.48252558408959,67.13110639119522,68.4502799768295
5.512333799997577,35.04797833236603,67.08879860708068,67.9920680982782
5.5441137999951025,35.52322404371585,67.77654176424669,68.1631537861046
5.594848099994124,35.91831587116802,67.25145518044236,67.77609623593325
5.624466299996129,35.52450125895797,67.18613209374395,68.3153205500678
5.657956799994281,35.29851909586906,67.141075604053,67.59080280592362
5.674619499994151,35.349824698091155,66.87573042462017,67.76626412154266
5.692396699996607,34.96137422360248,66.89091614906832,68.1950698757764
5.722367700000177,34.88696834336765,67.05904059040591,67.47912215964266
5.752381399994192,35.02221796590691,66.61386707527294,67.46849262593372
5.78514549999818,35.0628918867566,66.43701311039331,67.4567737032111
5.85018499999569,35.09391204148262,66.3197618590359,67.91665066256962
5.881002399997669,35.46864813039309,66.74170661553211,65.86500479386385
5.928803199996764,34.32038461538462,66.69923076923077,67.75326923076923
5.960107099999732,34.95137701804368,66.23266856600189,65.89952516619182
5.993290599995817,34.97227036395147,66.44348160985943,65.98189870980165
6.011247399997956,35.516558812333464,66.88846593071945,65.71317091739627
6.042381499995827,35.122837370242216,66.78892733564014,65.680891964629
6.073510800000804,34.662648296976656,66.41523153463451,65.94603903559127
6.0913748999955715,34.65938449848024,66.37993920972644,66.28362462006079
6.124600299997837,34.25522697306461,65.46524769259747,65.37012620079112
6.153077199996915,34.11094196003806,65.98896289248334,67.94481446241674
6.184173299996473,34.483193277310924,65.896294881589,67.23338426279602
6.266846799997438,34.073761044948135,66.14598540145985,67.74414137533616
6.2965213999996195,34.292065925642014,65.8118052893829,67.75047911077041
6.331332199995813,34.34656900539707,66.11256746337702,67.7675404780262
6.346343499993964,34.05150048402711,65.69409486931268,67.84782187802517
6.362291299999924,34.27063083666857,65.33905088622069,67.13588717362302
6.393624299998919,34.13952153110048,65.17741626794259,67.48478468899522
6.428946599997289,34.46774193548387,64.83102025506376,66.54351087771943
6.458334999995714,34.39865118021731,64.72948669913825,66.48613713001124
6.490194399993925,34.3731884057971,65.6323417238749,65.30511060259344
6.522253999995883,34.99715693707354,65.66319181197878,65.4251326762699
6.571308300000965,34.49516627996907,65.4400618716164,67.9570765661253
6.601438499994401,34.66859903381643,65.56618357487922,67.93719806763285
6.632227800000692,34.093989280245026,65.62538284839204,67.5656584992343
6.667181299999356,34.93349847560976,65.53410823170732,67.63243140243902
6.6950928999940515,34.68454562994405,66.08913756511673,67.90796835809377
6.727441499999259,34.87798357838457,65.62134810005729,67.89726942906245
6.760957499995129,34.77010607521697,65.81504339440694,67.80096432015429
6.792221199997584,35.21264807030951,66.03018723729461,67.60049675200611
6.82426470000064,34.56148091310186,65.7492806445425,67.62631881833877
6.857421499997145,35.06638607231682,65.35488808111728,67.67476563994643
6.907191499994951,35.016870273414774,65.81268179173938,68.05274384331976
6.935309399996186,35.2968509984639,65.79320276497695,67.96198156682027
6.972441099998832,35.60753837186711,67.02040023314552,68.5741208470954
7.000795100000687,34.95268691588785,66.5625,68.67426012461058
7.031941900000675,35.450173812282735,66.03688682889147,68.52471996910003
7.065551299994695,35.10046189376443,66.09892224788298,68.12201693610469
7.097470900000189,35.38317936874519,65.89222478829869,67.77559661277905
7.127817399996275,35.72633824670287,65.99340574088441,68.07253685027153
7.161219599998731,35.202327837051406,66.41901066925315,68.60775945683802
7.211185399995884,35.11800884105324,66.09225446857582,68.2560061502979
7.244632800000545,35.025754372477415,65.94656928694984,68.0828368249087
7.2775173999980325,35.20318261207064,66.24141276926062,68.63846303124393
7.310121700000309,35.43742802303263,65.81785028790787,67.75547024952016
7.336711299998569,35.22986963190184,65.97948619631902,67.52415644171779
7.370290099999693,34.92101226993865,66.15394938650307,67.78374233128835
7.401353299996117,35.02479496471486,65.93877551020408,67.69139805454893
7.431978000000527,34.91730621642364,66.14524174980814,67.91577129700691
7.464898999998695,34.719328372448004,65.1799274947529,67.89830185079182
7.498490199999651,34.80521972749952,66.19382076376894,67.21435425062367
7.543765099995653,35.264499805371734,66.62884390813545,68.14616582327754
7.578263399998832,34.77704021866459,66.78133541585318,68.22081218274111
7.61240479999833,34.5859133126935,67.14589783281734,66.18401702786377
7.642801800000598,34.72028648857917,66.62040263259776,66.33855981416957
7.676821000000928,35.049882629107984,66.38478090766823,66.46381064162755
7.709169599998859,34.73200230370512,65.93933576502208,67.3756959109234
7.736819099998684,34.54489639293937,66.26880276285495,67.03664620107445
7.76745029999438,34.457884615384614,65.9373076923077,67.26230769230769
7.802556999995431,35.307034220532316,66.34923954372623,67.66825095057034
7.849853499996243,35.414168417032656,66.23773152568265,67.72369677296162
7.881368899994413,35.110812883435585,66.06307515337423,67.86752300613497
7.9121349999986705,35.43101132220303,66.19727499520245,68.43830358856265
7.9446639999951,35.39665127020785,66.2609699769053,68.39318706697459
7.977483199996641,35.039003668661906,66.51998455300252,68.52867348909056
8.010283699994034,35.19472772753512,66.57436982874735,68.37675582066576
8.042278799999622,35.24571868385607,66.35712911294978,68.49855685972676
8.074569799995515,35.292851652574946,66.39315910837817,68.40046118370485
8.109715999999025,35.12037037037037,66.3443287037037,68.57368827160494
8.137120399995183,35.66924265842349,66.41460587326121,68.33191653786707
8.188092899996263,34.97739030465607,66.25847863575397,67.72945008622342
8.217976799998723,34.87245696400626,67.1244131455399,68.77895148669796
8.25016379999579,35.13901778808972,66.49941995359629,68.13863109048724
8.282051399997727,34.57912976511359,66.41355410088563,67.80592991913747
8.311938899998495,35.37769156159069,66.96294859359844,68.64151309408341
8.345614699996077,35.3289243337872,66.90079751021202,68.61330480451274
8.375581899999816,35.11500974658869,66.79941520467835,68.99844054580896
8.410963999995147,35.00386697602475,66.42034029389018,68.17710750193349
8.444630799996958,35.660968660968656,66.58594491927825,67.91263057929724
8.475139399997715,35.547856049004594,66.56489280245023,68.33192955589587
8.521020499996666,35.35899404876176,67.35419466308312,68.06258398924938
8.552093099999183,35.94086226631057,66.97691720717283,68.4395268981305
8.586772599999676,35.7035118019574,67.09038572251006,68.33985799270773
8.61700109999947,35.94967594357606,67.06328631338162,68.20129622569577
8.649478699997417,35.08132588167277,66.94719599152052,68.10541530159954
8.681138599997212,35.086441002103655,66.83572384777204,68.17517689806847
8.71243919999688,35.65394990366089,66.82023121387283,68.45684007707129
8.746301099999982,35.098704268292686,67.06669207317073,67.70236280487805
8.776394199994684,35.81473803241613,66.8818318884282,68.04033169996231
8.825046199999633,35.96877351392024,66.78762227238525,68.18717080511662
8.857717899998534,35.66622086358426,67.24589224302636,68.95796713794421
8.891351899997971,35.780845392231534,67.58891850723533,68.52894135567404
8.922808199997235,35.84931245225363,67.74006875477464,68.46562261268143
8.951338899998518,35.69484377995016,68.17232125742764,68.56967605903776
8.968876499995531,35.60935717002663,67.34252567516167,68.29117535184481
8.98543239999708,35.86619312727971,67.24496064503744,68.65444423113841
9.047770899996976,35.95603762718372,67.38990209253215,68.5624880015358
9.081201699998928,35.58172801831013,67.91073812702652,68.43028800305169
9.112892999997712,35.783256880733944,68.04300458715596,68.30753058103976
9.160455599994748,35.996429913566324,67.19597895527997,68.1270199173243
9.192669899995963,35.777142857142856,67.77257142857142,68.55466666666666
9.224797599999874,35.449999999999996,67.25209125475284,68.40209125475285
9.243867799996224,35.449999999999996,67.25209125475284,68.40209125475285
9.274039699994319,35.66037379648858,67.43005474797054,68.4568623749292
9.302386600000318,35.56547733847638,67.69951783992286,68.83837994214079
9.322775900000124,35.663776493256265,67.67495183044316,68.87167630057803
9.352383499994176,35.56411730879816,67.5083381253594,68.63676442399846
9.384943299999577,35.142559636501325,67.02025747822795,68.03067020068156
9.46440900000016,36.323975294778215,67.64944787572526,68.39734231705035
9.495629199998803,36.08236179014667,66.65362918390372,68.28770214366303
9.531087899995327,35.47880720180045,66.80551387846963,68.31676669167292
9.562278099998366,35.640226628895185,67.59527856468365,68.26817752596789
9.58053989999462,35.772249342846415,67.61490799849794,68.09068719489298
9.611412099999143,35.989299793504784,67.42350290970528,68.3221325323822
9.64239760000055,35.95494649896752,67.21118828608974,68.4030411113197
9.67122499999823,35.9649981181784,66.92510350018819,68.43018441851713
9.701653799995256,35.765383163457905,66.88788221970555,68.3439033597584
9.731337599994731,35.77790304396843,66.6108605787298,68.13021420518602
9.752449699997669,35.31092752534735,67.15846789335336,68.1124671423207
9.802281399999629,35.277632071937056,66.97920569501686,67.716935181716
9.86538969999674,35.46928557673792,67.31157327171192,69.03369921047565
9.885221500000625,35.30667172100076,66.7166413949962,68.23464746019712
9.913107199994556,35.48410295230886,66.81813020439061,68.38474640423921
9.92943479999667,35.73065735892961,66.83944153577661,69.24083769633508
9.962066899999627,35.930953774136924,67.84084259801054,68.21747610688512
9.992935299997043,36.150167289903564,68.38909663452077,68.38929344617202
10.026902799996606,36.06216006216006,67.52428127428128,68.15773115773116
10.056969099998241,35.43423353409754,67.40139887312998,67.75850009714397
10.091242800001055,34.979150726855394,67.01970160673298,67.70026778882938
10.135302499998943,35.417982287254524,67.39930689256835,66.50770119368502
10.167949700000463,35.3005912645432,67.27541483883273,66.2399389662407
10.200207599998976,35.6815042210284,66.96085955487337,66.35590943975441
10.233667399996193,35.26552380952381,67.01314285714285,66.28228571428572
10.262841099996876,35.2641545524101,67.21250956388675,66.49942616679418
10.296502299999702,35.519009216589865,67.10829493087557,68.04742703533026
10.330154199997196,35.043996157540825,66.7014409221902,68.04610951008645
10.360747899998387,35.326232968720014,67.15908654768758,66.42909230473997
10.392142999997304,35.45161290322581,67.28360215053763,66.44412442396313
10.442246899998281,34.8750241826272,66.30141226542851,68.26697620429483
10.472102399995492,34.606991116261106,66.36423329470838,67.74797219003476
10.510832199994184,35.02347235693502,66.4541222114452,65.98719689621727
10.541104399999313,35.12804642166344,66.52920696324952,66.21431334622824
10.570389599997725,35.567804691970245,66.33320617966814,65.9362960137326
10.602274199998647,35.61585365853659,66.1579649390244,67.4657012195122
10.634400499999174,35.58055290753098,66.2141086749285,67.44137273593898
10.666394699997909,35.062858234619796,66.17004203286206,67.69124952235384
10.698102800000925,34.72107279693487,66.20057471264369,67.39540229885057
10.727286499997717,34.443483275663205,66.47731641676279,67.48558246828144
10.776689899998019,34.929227237949505,66.60520275439939,66.0585309869931
10.811094799995772,34.23784194528876,65.81686930091185,67.12556990881458
10.842033799999626,34.63064795231686,66.31417035185541,67.77062103441645
10.87534169999708,34.429402637703646,66.35783553141971,67.93754848719938
10.90921789999993,34.080230326295585,65.79385796545105,67.37274472168906
10.936993799994525,34.48840774094654,65.9534393561985,65.8516957271508
10.969454099998984,34.24513915364087,66.03888677087305,66.8839115516584
11.002691499998036,34.328034121752616,66.77898410236526,67.84218689414502
11.0339640999955,34.31597425394968,66.19368051492101,67.53735127755023
11.080354799996712,34.3043893129771,65.43511450381679,67.45553435114503
11.112154999995255,34.471224410969484,66.32715334105832,67.28717651602935
11.145289799998864,34.84579620302208,66.5350639287098,68.37311119721039
11.17714889999479,34.622351797862,66.41885325558795,67.74460641399418
11.210251699994842,34.765530671859786,66.37195715676728,68.1427458617332
11.242424999996729,35.1937050709151,66.63007577229455,67.63823586555276
11.275584999995772,34.69434324065196,65.72732502396931,66.98772770853307
11.310345499994582,34.63120567375886,65.89994249568717,66.82633697527314
11.33756379999977,34.69006294106428,65.76101468624833,67.24966622162884
11.371407899998303,35.05515128303332,65.8621217924167,67.89256989659134
11.417635300000256,34.65247410817031,65.8379363252781,67.7096279248178
11.448161599997547,34.80481695568401,65.92273603082852,67.79460500963391
11.480273000001034,34.47539728125599,65.87593337162551,67.57802029484971
11.512342699999863,34.29361296472831,65.91401334604384,67.03012392755005
11.545383500000753,34.113321963236686,65.96702671972712,66.93196892173583
11.576906599999347,34.56179775280899,65.84136354980004,66.66311178823082
11.611131400000886,34.37593265735604,66.1153625406543,67.01951406160322
11.643028599995887,34.25062801932367,65.99980676328502,67.44618357487923
11.673477299998922,34.14774913428242,66.07156598691805,67.25798383993845
11.7115771999961,34.05614304941357,65.79080945971928,67.3606998654105
11.753078900001128,33.612146838362484,65.89890447818566,67.0565058620027
11.784576799997012,33.8196752995748,65.7491302667182,67.1608040201005
11.815586799995799,33.91681142636556,65.0235475776877,67.26404169079328
11.848622999998042,33.73388176774441,65.84522670748039,66.26210063133729
11.879549599994789,33.31616238988893,65.88969743393336,66.3420145538108
11.912998299994797,33.468562584639194,65.98684465080287,67.01799187463726
11.945500999994692,33.99459980713597,66.19324975891996,67.4383799421408
11.978755500000261,34.23187022900763,65.45114503816794,66.44103053435114
12.012681399995927,34.72741136103698,65.27659168890584,66.67594357605795
12.056738999999652,34.07727797001154,65.50634371395617,67.07977700884275
12.091192199994111,34.61789088104877,66.43493348756506,66.95064584538268
12.12206839999999,34.641961011387764,66.39741362671299,67.36556649295503
12.14224579999427,34.61778892533282,66.41462473470963,67.86918772911442
12.15947989999404,34.75791108522617,66.42768394486508,68.01591923898272
12.18596379999508,34.94600431965443,66.46966424504222,68.14569016296879
12.24893080000038,34.36273749515316,65.9647150058162,67.53334625823962
12.281848699996772,34.57780784844384,65.68509568915522,67.56214962304271
12.313259999995353,35.02192376061624,67.1305550069129,67.90203436697611
12.34441969999898,35.137951219512196,66.66848780487805,67.80175609756098
12.3924246999959,35.58902733118971,68.29742765273312,68.4415192926045
12.426624299994728,35.94782087165134,68.00559776089564,67.98160735705717
12.456623799997033,36.183306709265175,68.02396166134184,68.45846645367412
12.482418999999936,36.37597285970865,68.07443624027141,68.60945918978248
12.512463999999454,36.447122087233616,67.64090818562039,68.49472216689902
12.527599099994404,36.175529788084766,68.38324670131948,68.36325469812076
12.55256389999704,36.2032602133226,68.35721473133427,68.60193197826524
12.584706900001038,36.270297029702974,67.54851485148515,67.71267326732674
12.650035599996045,36.23041289023162,68.18066465256797,68.75669687814703
12.698131499993906,35.90878175635127,68.12302460492099,68.4002800560112
12.728848999999173,36.02433715868619,67.7441630391769,68.04273842500989
12.761897999997018,36.23677932405567,67.72127236580518,68.44095427435389
12.792319000000134,36.178727634194836,68.00675944333996,68.70457256461233
12.81867919999786,36.150484476962625,67.8101641289302,68.28317184101246
12.832241799995245,36.36780700019775,67.65058334981215,68.36088590073166
12.858607399997709,36.133254716981135,67.37067610062894,67.70695754716982
12.89112419999583,35.95644426846169,67.49435755295981,68.02157988517125
12.922113499997067,35.310065256080684,67.03401226023334,67.64702392722958
12.950990499994077,35.4138067061144,66.64970414201183,67.72445759368836
12.985682399994403,35.35109717868338,66.80564263322884,67.14792319749216
13.066004299995257,36.34803360061092,66.93088965253914,66.89251622756778
13.097992299997713,35.46635820320031,66.43474069789859,67.4908424908425
13.125088799999503,35.5520873228648,66.70834929145921,66.82995021064725
13.151406599994516,35.59180171591992,66.35881792183031,66.58951382268828
13.165143399994122,35.16749427043545,66.80156608097785,66.83384262796028
13.193177900000592,35.67893933613125,66.82487600152614,67.16119801602443
13.22487519999413,34.85284599276604,66.58499904816296,67.01694269940987
13.258536800000002,35.616037735849055,66.30283018867924,67.54150943396226
13.291550299996743,34.85523809523809,66.10971428571429,67.15809523809524
13.323003999998036,34.67436186186186,65.95495495495496,66.8445945945946
13.36785499999678,34.57743570489957,66.12370940491834,67.82091233339591
13.401330599997891,34.64819684447784,66.2854996243426,67.52366641622841
13.432182500000636,34.625164814466004,65.8137125635713,67.55113957430778
13.46605009999621,34.464772727272724,66.25151515151515,67.9590909090909
13.495629699995334,35.2312030075188,66.4703007518797,66.08439849624061
13.527627099996607,34.32439070470433,66.04874362365389,67.6778764405819
13.560924099998374,34.079305135951664,66.23716012084593,67.63066465256797
13.592722099994717,33.78740007613247,65.6431290445375,67.26208602969167
13.626229699999385,34.15319068358265,65.81594395000947,67.32796818784321
13.672414099994057,34.77568686488521,66.25065863756116,65.88558524651863
13.709642399997392,34.608179419525065,65.98737278552582,65.85808518658123
13.73782279999432,34.866902457185404,65.65450483991064,67.0765078183172
13.769723299999896,33.941297824456115,65.66410352588147,67.27438109527382
13.802321700000903,34.12431822456273,65.66936242241866,67.6101184878691
13.832090399999288,33.654349061967025,65.91851430737161,67.63691491377676
13.866051799996058,33.93369544858588,65.30286570518824,67.15939314478366
13.89679939999769,34.124342599549216,66.00169045830204,67.559166040571
13.928032899995742,34.01123381568926,66.18412033511044,65.8497715156131
13.961611399994581,34.41479650057056,65.84271586154432,67.14511220996577
14.011324200000672,34.241610738255034,66.41457334611697,66.18465963566635
14.043102099996759,34.441727168513566,66.4258693160107,66.05445166220863
14.077508299997135,34.462256957682044,66.37152115897827,65.94338543652306
14.111091300001135,34.48348921549914,66.06012597824012,66.1990837946173
14.135501500000828,33.66160937199923,66.42462070289994,67.72844248127521
14.170320499993977,33.7790585975024,66.23823246878001,67.63170028818443
14.20095659999788,34.32865807429871,66.184420015163,65.76990144048521
14.23141939999914,34.454511064876115,65.8044259504445,67.13126536788349
14.26503579999553,34.06246429251571,65.982479527709,67.213102266235
14.312224199995399,33.6905574516496,65.50303375047402,67.44141069397041
14.345402099999774,33.34873154108292,65.55035971223022,67.46365013252556
14.377326099995116,33.57421431276032,65.56266565694813,67.23097311624385
14.409673699999985,33.88561721404304,65.37429218573047,67.4650811627029
14.440963199995167,33.8280483201208,65.53397508493771,67.66213665534164
14.471974799998861,33.24500285551114,65.58423757852655,67.28783552255854
14.507644899997103,34.22861468584406,65.9381150643452,67.74224072672219
14.538036699996155,34.08841121495327,65.29345794392523,67.20467289719626
14.567852699998184,33.86811731315043,66.04257332071901,67.49176915799433
14.601405499997782,34.38948761580639,66.72962752883343,67.84325959538666
14.650143200000457,34.583631906468035,66.10333773335847,67.93060531774466
14.681205000000773,34.05130632336236,66.60867095797046,68.00757288905717
14.712224499999138,34.11144806671721,66.34420015163002,67.96247156937073
14.747325399999681,34.28270676691729,66.0546992481203,67.52763157894738
14.775813299995207,34.34831036435718,66.27676043043232,67.10553143288654
14.810107999997854,34.58915458482395,66.1385803050273,67.47957070231595
14.84230430000025,33.95489569629769,65.78068032324751,67.82484495395602
14.876528199994937,33.6598613972654,65.83180370855965,67.6327027533246
14.909511099998781,33.67211574596016,65.2183389703119,67.63735437805336
14.953553399995144,33.973792587046056,66.06140022463497,67.60819917633846
14.98523629999545,34.14261713645698,65.93821168564496,67.54433451558708
15.017877999998746,34.19469852529401,65.95202538734367,67.65727086055628
15.048644199996488,34.273908132530124,66.1726280120482,67.76863704819277
15.081252099997073,33.958379992534525,65.4290780141844,67.45595371407242
15.11169759999757,34.18092227593901,65.75027891409445,67.50353291186315
15.146108599998115,34.41101536155863,66.10041213937804,67.61090295991008
15.177307899997686,34.21166791323859,66.1235976065819,67.49887808526552
15.208642099998542,34.26861752016507,65.54023635340461,67.74282498593134
15.241444399995089,34.254675987152844,65.81881730587568,68.30644247118836
15.290103399995132,34.080727686185334,65.9556566230813,68.0845177184006
15.322223899995151,34.06988133358448,65.63213411188548,67.27462799020532
15.352057500000228,34.354722010662606,66.1930693069307,68.17440974866717
15.385364599998866,34.296931579950446,66.16657137411853,68.29578806937297
15.41365859999496,34.257955821789594,66.39872706851367,67.8655934107076
15.449270699995395,34.887205387205384,66.53067714178825,67.85390946502058
15.48104020000028,34.66648002986189,66.0970511384845,67.44438223217618
15.512912499994854,34.41671350946224,65.58665917181938,67.50421585160203
15.544668199996522,34.30205223880597,65.23768656716418,67.0544776119403
15.577319099997112,34.388206845238095,66.27287946428571,67.52232142857143
15.625662899998133,34.354630823052844,66.29497330141778,67.53636531025593
15.65787740000087,34.49374182701289,66.49243414907528,67.40836913880067
15.690037000000302,34.35301837270342,66.08230221222348,67.63892013498312
15.7220440999954,34.36836179395759,66.1170951398011,67.68624507412272
15.750074999996286,34.711534866330155,66.08973639932698,68.03739016638623
15.780041300000448,34.711760327502795,65.90677335318199,67.36360253070339
15.795340699994995,34.89460059171598,66.35447485207101,67.23169378698225
15.850393399996392,34.42707944796718,66.582804923536,67.82096232748975
15.88234299999749,34.227281105990784,65.95870967741935,67.14322580645161
15.929273299996566,34.77769475060713,66.58471884924342,67.92919858023538
15.961324099997,34.5562429696288,66.78215223097114,68.07142857142857
15.992252799995185,34.63010873640795,66.81664791901012,68.09036370453694
16.027262799994787,34.825705212030634,66.95778068372874,68.08406501027461
16.059859799999685,34.91899962672639,66.86524822695036,68.12504665920119
16.086647999996785,34.998324334388386,66.87488363433253,67.9715136846025
16.11664490000112,34.70706124742461,66.30885933695448,68.05188237497659
16.14777199999662,34.842587399513924,66.04486819966348,67.93120209384932
16.175333399994997,34.838691588785046,66.33046728971962,67.92429906542056
16.19698499999504,35.64465584778959,66.54877821301996,68.17907106883044
16.267267799994443,35.121915012061606,66.90276489144553,67.5583596214511
16.296445299994957,34.990350714418256,67.06698830951939,67.93412506958619
16.328259699999762,34.696219035202084,66.59471037437139,67.34438442913019
16.34273530000064,34.41680767061478,65.93269411543524,67.66892272983644
16.362761199998204,34.99661526889808,65.84561865362919,67.89864610755923
16.39481529999466,35.027443609022555,66.00864661654136,67.8906015037594
16.42552149999392,35.34321401938851,66.68568232662192,67.82941834451901
16.45938329999626,34.965858208955225,66.59514925373135,67.66641791044776
16.490081399999326,34.719610723466765,66.34190231362467,67.07895703268454
16.52215929999511,34.330920564216775,66.19079435783222,67.82813659985152
16.569194299998344,35.04783258594918,66.82025411061285,67.86584454409567
16.59976579999784,34.679227770558754,66.5906812697234,67.71783924262112
16.66570109999884,34.7250936329588,66.55543071161048,67.4874531835206
16.69576059999963,34.56939768050879,66.37635615413393,67.33501683501683
16.726522699995257,35.07287977632805,66.53289841565704,68.08536812674744
16.758043399997405,34.74118963266828,66.41991422711169,67.76002237553608
16.78440739999496,34.23249767873723,66.01727019498607,67.22915506035282
16.802220799996576,34.740583456425405,66.19331610044314,67.67743722304284
16.83219409999583,34.88044901777362,66.2598690364827,67.78914873713751
16.856322299994645,34.57969657239183,66.11968533433227,67.49203970781045
16.90591989999666,34.414405986903645,66.02338634237604,67.7910196445276
16.93767669999943,34.137751303052866,66.36001489203277,67.5
16.971122599999944,34.180693983019566,66.03396087117017,67.09099298634182
17.002153499997803,34.2533161385409,65.78500368459838,66.87564480471629
17.032178399997065,35.1689327621531,66.6056993853604,67.63605885639784
17.06555429999571,35.18026070763501,66.51620111731843,67.71378026070764
17.097654799996235,34.643940812886306,66.85971155647125,67.85971155647125
17.12871989999985,34.69531978370315,66.35912735409286,67.4971098265896
17.1625017999977,34.576541127974515,66.6057710324152,67.51414652426456
17.192339299996092,34.77538118259576,66.33581256972852,67.02380066939382
17.24112939999759,34.62864032647004,65.75310703023557,66.99258022630309
17.27289759999985,34.25484295655445,66.33195410946023,67.02275719390634
17.308037599999807,35.10509312048651,67.07183580387685,66.25161535537818
17.337382400000934,35.05469341408024,66.43205904617714,67.76230128690386
17.37001849999797,35.067848294263385,67.02382313703067,66.2691061558986
17.40091769999708,34.59142857142857,66.17428571428572,68.0344761904762
17.433246199994755,35.014231499051235,66.40132827324479,66.24250474383301
17.467266399995424,35.29956198819273,66.58674538183203,68.34145876975815
17.497700599997188,34.82554814108675,67.62230695900857,66.5307912297426
17.545987499994226,34.977914346072595,66.60994814672556,67.94526598809296
17.57614189999731,34.55727969348659,65.95766283524904,67.87145593869732
17.610318399994867,34.22970903522205,66.1489280245023,67.36198315467075
17.641412500001024,34.54473582722715,66.09583494022368,67.54126494408021
17.67312359999778,34.11469395636223,66.6790886271481,67.51631589109867
17.707753999995475,34.535338057843326,66.65025857115495,67.94445508523272
17.735852899997553,34.49527945619335,66.22488670694864,67.47356495468279
17.7695739999981,34.148964218455745,65.73389830508475,67.2632768361582
17.800186299995403,33.94678658422335,65.90668915120854,66.8491661982387
17.83226289999584,34.74495758718191,66.63298774740811,65.83091423185674
17.882403899995552,34.10020837279787,66.04432657700322,67.3943928774389
17.912239899997076,34.361361926260344,66.2492475545523,67.53987960872837
17.944742399995448,34.287248069316256,66.18270860802411,66.86400452062536
17.976736500000698,33.998697916666664,65.74348958333333,66.72991071428571
18.011244900000747,34.208753568030446,66.48030447193149,67.71798287345385
18.041377199995623,33.72187981510015,66.23324345146379,67.21667950693374
18.075304499994672,33.813687475765796,66.09364094610314,67.76192322605661
18.109164699999383,34.2389467478876,66.5541363725683,67.45686775397917
18.135757999996713,34.61753694581281,66.89339901477832,68.46817733990149
18.185426699994423,34.714398734177216,67.79371044303798,68.73022151898734
18.216543899994576,34.842495987158905,67.0846709470305,68.63583467094703
18.24855679999746,34.92141297876563,67.33220877158166,68.32605675729312
18.281285799996112,35.131918270184485,67.42511406466971,68.69986113866297
18.314419599999383,35.407739876321564,67.6002393776182,68.85717135447835
18.346674799999164,35.26860968885388,67.18393068137061,68.60102402520677
18.377475499997672,35.524752475247524,66.89574839836925,68.40186371578334
18.412596599999233,35.373543928923986,67.60789733464955,68.80157946692991
18.441176299995277,35.46288639495964,67.88009450679267,68.14057885410514
18.474609999997483,35.24126791843327,68.07752877044216,68.33353523117303
18.522058599999582,35.83343416011292,67.88001613228474,69.08146803791087
18.554486900000484,35.75922601236785,67.92858567723918,66.61819269898265
18.58577829999558,36.001982946658735,67.77949633154869,68.77652191156058
18.610357300000032,35.90744743564551,67.5621929652191,68.26095500098252
18.649782699998468,36.121883656509695,68.14918876137713,67.93450732093392
18.68092269999761,36.65679264555669,68.90888661899898,69.4829417773238
18.712810400000308,36.665107767385116,68.63786091907279,69.19845465636438
18.74550029999955,36.63000597728631,68.28033472803347,68.68858338314405
18.77831850000075,36.36007130124777,68.00772430184195,67.35967518320459
18.811464399994293,35.560830860534125,67.83620178041542,68.24629080118694
18.857691099998192,36.09000195656427,66.85325767951477,68.35100763060066
18.891417200000433,36.04665391969407,67.38183556405353,66.18833652007648
18.922371900000144,35.74860335195531,66.99653246002697,67.445771527644
18.942150399998354,35.93847049689441,67.11277173913044,67.58171583850931
18.974784699996235,36.36867088607595,68.38271360759494,67.08306962025317
19.002434399997583,36.185585585585585,68.71631631631632,67.34254254254255
19.047974399996747,36.16957801766438,67.99077526987243,68.37546614327772
19.081398499998613,35.56203811746402,67.38448074679113,67.89653831194087
19.113301699995645,35.65131837859111,67.33569460842187,69.11629279811098
19.162437599996338,35.52802754926344,66.61985842739621,67.77348383393917
19.192144000000553,35.85183744895975,67.59109469181412,66.39237798950029
19.2254643999986,36.26757188498402,68.40195686900958,68.59225239616613
19.25872239999444,36.011489619028424,68.5535174360008,68.69683531546059
19.27436260000104,35.958622095393395,68.97350183448839,69.14349775784753
19.30751429999509,35.950182260024306,68.87505062778453,69.4597002835156
19.334946700000728,36.1250766400981,69.15450643776825,69.5469037400368
19.35212699999829,36.13238248292487,68.67858577742065,68.87304138208115
19.386128599995573,36.290394337714865,68.5134479271992,69.04266936299292
19.448003999998036,36.31633693656944,68.982867632062,67.6155415052009
19.496918099997856,35.64772497472194,69.02204246713852,69.21354903943377
19.530283299995062,35.69776046738072,67.35696202531646,67.55287244401168
19.56119999999646,35.67912593444508,67.1759631972398,67.41403105232892
19.578090700000757,35.6025,66.95461538461538,68.11884615384615
19.595284999995783,35.81482919254658,67.43847049689441,66.7026397515528
19.628776199999265,35.00980957876514,66.66108867089825,68.07270628967109
19.656351099998574,34.743026366068015,66.54203286205579,67.7147497134123
19.691151099999843,34.85411447292349,67.133551744074,68.06417421468491
19.722436500000185,34.918013856812934,66.79753656658968,68.21016166281754
19.753697000000102,34.5909702209414,65.65609990393853,67.98136407300673
19.801351899994188,34.444486983154675,66.30245022970904,67.55053598774886
19.86567439999635,34.37445435566521,66.4239893717973,67.89144050104383
19.896260099994834,34.84613925251375,66.50844242079302,67.95029406184784
19.920275299999048,34.90867838910947,66.46473813575345,67.93703913783324
19.948044500000833,34.92351382052253,66.18742900416508,67.95853843241196
19.97704839999642,34.70929127873836,66.21375641269239,67.6842105263158
19.9945160999996,34.238632021398544,66.68360718379824,68.04260603744746
20.02863729999808,34.85583872194751,66.57721567135793,68.09433244579688
20.056078900001012,34.526988365439635,66.21266450505436,65.83253862292581
20.092025699996157,34.97825668654993,67.01500865884164,66.61285356936695
20.13806929999555,34.65652090156039,66.46291658639954,68.18069736081681
20.169802599994,34.693389863172094,66.79340913470803,68.16284447870495
20.20119889999478,35.01053639846744,66.5088122605364,68.21877394636016
20.232126099996094,34.76445643793369,66.51676946800308,67.83076329992289
20.265325399996073,34.94412442396313,66.87807219662058,68.04128264208909
20.2978981999986,34.76747311827957,66.99519969278033,67.75748847926268
20.329167299998517,34.92395510835914,66.66002321981425,67.77728328173374
20.36229459999595,35.04748118123914,66.85987261146497,68.00366724570546
20.392214799998328,35.4774378585086,66.6548757170172,68.17571701720841
20.427633100000094,35.21791674659505,66.19777479378477,67.77364281603684
20.47414320000098,35.25539707016191,67.12760215882807,68.44294525828836
20.50771689999965,34.62098668754894,66.75587314017228,68.44322631166797
20.537567799998214,34.739905919247356,66.54508036064288,68.78322226577812
20.569815799994103,35.25029797377831,67.13806118394915,68.86829558998808
20.598608699998294,35.72974020938348,67.19716944552151,66.43078712679333
20.632373599997663,35.31129529683886,67.18465690053971,66.43099460292983
20.66535339999973,34.79972988616631,67.06907196604283,66.31989195446653
20.697582499997225,34.89327910129769,66.47336819678482,67.57040480340888
20.73029989999486,34.919868700521334,66.66441397953272,67.6823711141147
20.779838599999493,34.93096194301014,65.79804934021801,67.99062918340027
20.812221299995144,34.81184134891742,66.00421536692853,67.91492623107875
20.842453400000522,34.97928653624856,65.7982355197545,68.07077100115075
20.87596669999766,34.502902476780186,65.54605263157895,67.99496904024768
20.90899549999449,34.792285438765674,66.05303760848602,67.9486981677917
20.943723899996257,35.231511874879324,66.22166441397954,68.2569994207376
20.970928700000513,34.88803385917661,66.45190457868411,68.18911119661409
21.002243499999167,35.210273181993074,66.20103886110043,68.26086956521739
21.03417449999688,35.20681031165833,66.02597152751059,68.06329357445172
21.06481039999926,35.035940803382665,66.29867384201422,68.1301172400538
21.11288770000101,34.801613212982524,65.87324755137315,67.8920683695026
21.145553800000926,34.81746941896024,65.98165137614679,67.91628440366972
21.17604299999948,34.526787416587226,65.82993326978074,67.63107721639656
21.20919189999404,34.53837342497136,65.69511263841162,67.7548682703322
21.241219600000477,34.17603211009175,65.77637614678899,67.34766819571865
21.2754913999961,34.62711213517665,66.23675115207374,67.6392089093702
21.308313699999417,34.55553431466259,66.3764098642707,67.37793920856433
21.336009300001024,35.34750817779488,66.14296709640176,67.71445064460265
21.368719099998998,34.487466255302735,66.44427304280755,68.10779020439645
21.41725579999911,34.58727725617935,65.77256179344703,68.16650699367695
21.446801499994763,34.6573493059517,65.86898649933447,67.33808708880015
21.481281799999124,34.76971428571429,65.93085714285715,68.0664761904762
21.51288389999536,35.01396160558464,66.40062051580377,68.46112080667055
21.545933099994727,34.676372874731285,66.57729138166894,68.41215555989838
21.576350600000296,35.43538998835855,66.32013969732246,68.27648428405122
21.610575300001074,34.989174560216505,66.54107867774985,68.76995940460081
21.642177199995785,35.39517839922855,66.43664416586307,68.77203471552556
21.67249019999872,35.463461911223106,66.8340763713898,68.96588486140725
21.709811399996397,35.89697433933359,66.87361164304863,68.4685944082727
21.752239999994345,35.55,67.05419847328244,68.3074427480916
21.78542860000016,36.086381919172574,67.4985634935836,69.01149205133116
21.818237799998315,35.915927497107596,67.6575395295025,68.94060933281912
21.849909199998365,36.50956388676358,67.3638102524866,68.89441469013006
21.881128699998953,35.9219288174512,66.87045541523153,68.64485265977804
21.912559899996268,35.94860977948226,67.41514860977948,68.60498561840843
21.946356799999194,36.457578646329836,67.44747378455672,68.99466158245949
21.976718599995365,36.32175748273215,67.70414428242518,69.3031465848043
22.00797379999858,36.22046493902439,67.05411585365854,68.62252286585367
22.043931399995927,36.37597414940126,67.28948869036306,68.68237977570804
22.089553400001023,35.99980831895726,67.32451600536707,68.96530573126317
22.12238100000104,35.95787054768288,67.26235158942933,68.50019149751053
22.152327499999956,35.83358866334738,67.12792033703562,67.92684795097664
22.165376999997534,35.7873320537428,66.7130518234165,68.38330134357007
22.184473799999978,35.92642268633838,67.45928338762215,68.56600881394904
22.248906399996486,35.63783987915408,67.00264350453172,68.16880664652568
22.282089299995278,36.28992072480181,67.18346545866365,68.48622121555303
22.312207999995735,36.011138380215215,67.22541060977912,68.54898999433641
22.344424700000673,36.59462019321841,67.5946201932184,68.64557681379048
22.39343939999526,36.50085600152178,67.58074947688796,69.08636104241964
22.42874679999659,36.269500854052,67.83146707155058,68.52571645473525
22.45773129999725,36.144684100019084,67.69727047146402,68.56785646115671
22.491262199997436,36.35865623210536,67.55907615957243,68.49513265890437
22.51857999999629,36.149532710280376,67.32576769025367,68.7312607285905
22.54819029999635,35.93362495245341,67.45968048687715,68.9256371243819
22.5779337999993,36.15185115579778,67.42247697801164,68.92520202969366
22.594080799994117,36.01223644578313,67.51506024096386,68.6620858433735
22.651295099996787,36.14882408278457,67.18607714016933,68.78777046095955
22.679874800000107,36.35150943396226,67.26113207547169,68.46037735849056
22.72839639999438,36.358006042296076,67.13179758308156,68.6737160120846
22.762056899999152,35.865059783640156,66.95976466122603,68.62174985765799
22.79240849999769,35.837899543378995,67.31868340943683,68.91457382039573
22.823413499994786,35.838839029979,67.36757685697918,68.91540958564063
22.8621381999983,35.48959309956872,66.77292330770673,67.86424151509469
22.8844145999974,36.61386138613861,67.46366523444797,67.49897253876331
22.912301999997,36.21032863849765,66.82197183098592,68.1637558685446
22.929540799996175,36.2049840734495,66.92448941352819,68.46524264568109
22.962063499995566,36.214285714285715,66.75857519788919,68.59875612514135
22.9934060999949,36.15192050449073,67.7110643990063,68.82533919357921
23.064537300000666,35.723392036753445,67.51914241960183,69.02124808575805
23.095707699998457,36.51020797557718,67.04922724670864,69.29612669337912
23.13020339999639,35.9858993902439,67.28715701219512,69.12214176829268
23.1608258999986,35.97412973178619,67.23112041088073,69.04356096633062
23.189133499996387,35.84688812523864,66.7516227567774,69.04314623902253
23.21948010000051,35.67289007429987,66.97561440274339,69.07220422937704
23.24797729999409,35.62854964741757,66.80712788259957,68.79302458547741
23.262568499994813,35.876114589262,67.420223866439,68.97211155378486
23.291120599998976,36.1195219123506,67.24473534433693,69.0774046670461
23.32394569999451,36.06189481678375,67.28688057717865,68.8513385228783
23.367484599999443,35.65014299332697,67.44976167778836,68.9906577693041
23.4023842999959,35.8840800762631,67.56053384175405,69.1163012392755
23.43199800000002,36.056000000000004,67.6087619047619,68.91047619047619
23.46421289999853,36.26076967260195,67.96323951751867,68.39249473482673
23.49729749999824,35.868083476928966,67.87229561554662,68.70802220945816
23.52947139999742,35.99174505663275,67.3349971203686,68.71530044154348
23.56126740000036,35.82608695652174,67.1858407079646,69.32743362831859
23.59555089999776,35.3930424754949,67.62060349798193,69.28598885258505
23.627301000000443,35.798049340218014,67.24344999043794,68.96519410977243
23.657298499994795,36.467036116950126,67.3418689088477,69.24441047200459
23.70590169999923,35.952651515151516,66.98333333333333,68.94810606060607
23.736587399995187,36.03902714932127,66.94664404223228,69.08672699849171
23.770454400000744,36.09264150943396,67.15509433962264,69.23811320754717
23.801386399994954,36.253841775754125,66.5663062037564,68.9489660405995
23.83200279999437,36.36006858449229,66.8483520670604,68.35130501047819
23.864367199996195,36.19388909845341,67.20860052810261,68.08336476801207
23.8973307999986,36.40347891851012,66.5464170920779,68.02836074872377
23.929786000000604,35.72816091954023,66.33773946360154,68.37107279693487
23.96108579999418,36.3019735581529,67.02050201187967,69.18681739796897
24.008944900000643,35.68005329272935,67.27407689379521,68.64788732394366
24.04228229999717,35.855194929902055,67.08430958325332,68.77299788745918
24.0747035999957,35.249614791987675,66.70724191063174,68.31182588597844
24.107665600000473,36.12540873244855,66.10963646855164,68.64012310059627
24.137501999997767,36.27295428351902,67.28870533999232,68.75316941990012
24.168029699998442,36.24255809487229,67.96831188784329,69.3781448050701
24.19966209999984,35.64041229093738,67.76409957215091,69.00641773628938
24.232211099995766,36.097358781569305,67.16560632350105,68.93772893772893
24.26626089999627,36.206883217324055,66.7324052590874,69.01276102088167
24.296891499994672,36.611755607115235,67.80742459396753,69.07985305491107
24.34349719999591,36.426270373921376,67.51812080536912,68.68341323106424
24.375667799999064,35.757528957528955,68.0480694980695,68.73436293436293
24.410452399999485,36.36794067313178,67.01312036508841,68.56816885339418
24.44214279999869,35.980846581114726,67.36678797165294,68.52154759624592
24.47299689999636,35.836161387631975,66.70720211161388,68.04468325791855
24.507647399994312,35.609709480122326,66.6532874617737,68.44915902140673
24.536038300000655,34.857933931640254,66.5652090891732,68.45254916937178
24.569829000000027,34.78787291747385,66.19914761720264,68.26152654010073
24.599792299995897,35.33722488038278,66.5954066985646,68.11636363636364
24.65101929999946,35.578590785907856,67.21254355400697,68.75106465350368
24.681022999997367,36.081767099399336,66.9866304979655,68.73919782987792
24.71445169999788,35.71826323987539,66.91335669781931,68.57223520249221
24.7453469999964,35.489490073958734,67.22810432074736,68.7549630206306
24.775358899998537,35.733061541448265,67.17064647641234,68.06620073772083
24.80965009999636,35.611078830137515,67.60352508231648,68.3374007360062
24.841744599994854,35.41589506172839,66.26832561728395,67.9741512345679
24.874484299994947,35.55287356321839,66.14885057471264,68.2360153256705
24.907543999994232,35.325608121049605,66.21107067611568,68.05018195747941
24.935744999995222,36.12986763859582,66.36984461922118,68.74026472280836
24.985489699996833,35.951582157834544,66.35970263057568,67.88982081585971
25.018121399996744,35.45425085779642,66.3522683949676,67.69843690430804
25.047829700000875,35.841345240357214,66.81664449933498,67.86813604408133
25.08100729999569,35.49099271751629,66.89057110003833,68.07684936757379
25.11266279999836,35.42252165543792,66.87564966313764,68.14340712223292
25.14615159999812,35.37386604902528,66.22080679405519,67.88978961590426
25.178361300000688,35.83314176245211,66.19693486590039,67.94961685823755
25.208561699997517,35.63347983948022,67.02866424613032,68.03669023504682
25.241052599994873,35.75530897264205,67.24583891333461,67.7511000573943
25.2751935999986,35.49894088195648,67.26747544771808,68.30348546119777
25.321270399996138,35.44730813287514,66.96563573883162,68.28732340588012
25.352672699998948,35.6962766962767,67.25231525231526,67.51937251937251
25.384439599998586,35.59935040122277,67.00592281238059,68.440962934658
25.409326299995882,35.62959436297848,67.30432298609789,68.07198628832603
25.44889559999865,35.52976983070192,67.1185086551265,68.12212288377403
25.48207949999778,35.912968299711814,66.60845341018252,68.31488952929875
25.5121308999951,35.97363393198319,66.55961024073366,68.44058081773022
25.546627299998363,35.759737755495564,66.69803316621673,68.52603162360201
25.580112399999052,36.63442717328727,66.78353483016696,68.77048551141814
25.625348900000972,35.61943476577623,67.51432442895857,68.40611691831204
25.65815830000065,36.42916666666667,67.54431818181818,68.57367424242425
25.69122239999706,36.274662611670784,67.36171830450485,68.7547994677818
25.722330199998396,35.71331700885289,67.0495385194952,67.97683179506498
25.741858699999284,35.90539262062441,66.94153263954588,68.17956480605487
25.759597199998097,36.71323805942083,67.2416321925536,68.33715682587439
25.788158099996508,36.27272727272727,67.56092040739344,68.5318747642399
25.848884799997904,36.27929650162493,67.9099598547123,68.94532594150259
25.87997579999501,36.36263107721639,67.68560533841753,68.72697807435652
25.913372099996195,36.191509796388786,68.27237802535537,68.80676142912024
25.962194499996258,36.339022051773725,68.13940556088207,68.59980824544583
25.992040799996175,36.56329357445171,67.90534821085033,68.7275875336668
26.027727299995604,36.37566947207345,67.63523335883703,68.82804131599082
26.04725089999556,36.25859122840326,67.36719194987658,68.20998670970191
26.07531779999408,36.224485910129474,67.57768469154608,68.52341964965727
26.09180439999909,36.43716679360244,67.4503046458492,68.52760853008378
26.12204479999491,36.10990888382688,67.38591495823843,68.40907365223994
26.153409999998985,36.7273421102843,67.70101125739363,68.84735737454685
26.18599969999923,36.8189622281572,67.57058374666158,68.90881342998856
26.26404509999702,36.53083826618293,67.75940423906818,68.93297689516899
26.296688399997947,36.32442237922475,67.89077716249761,68.81172426962002
26.32982389999961,36.50758284965362,67.22448979591837,68.1934094738813
26.362081999999646,36.37428788454235,67.86821116597038,68.8877706038739
26.382264899999427,36.288770053475936,68.25496562261269,68.65737203972498
26.411279699997976,36.6100076394194,68.23682200152788,68.38598166539343
26.428859299994656,36.39072595971113,67.93481565944508,68.61934625617636
26.459583799995016,36.01963400686237,67.88448341593595,68.7464735036218
26.491191599998274,36.43223721725908,67.73807260977001,69.07983273141988
26.522020099997462,36.488787533257316,67.50361079437477,68.75370581527936
26.553542599998764,36.62658470995006,67.41529004994237,68.63157894736842
26.602241299995512,36.49021113243762,67.23531669865643,69.02648752399233
26.66404469999543,36.99228598306679,67.32812793979303,68.6107243650047
26.691309299996647,36.82484917043741,67.24792609351434,68.62575414781297
26.717673499995726,36.47511312217195,67.25942684766214,68.88876319758673
26.732255799994164,36.54637817497648,67.36613358419567,68.78080903104421
26.761645699996734,36.35092697692017,67.67139614074915,68.45648883844117
26.793108799996844,36.27683295540439,67.07142857142857,68.8150037792895
26.828010799996264,35.9103317535545,66.95582938388625,68.3660663507109
26.857618199996068,35.817955589586525,67.41577335375192,69.07656967840735
26.891356000000087,36.22722095671982,67.48880030372058,68.7213363705391
26.936032199999318,35.479946778179055,67.72438699866946,68.55901919787114
26.969712599995546,35.83984228313932,66.96226060833646,68.29834772812617
27.00202729999728,35.855354139413194,66.85647542515417,67.84900018688096
27.032297099998686,35.74554325389379,66.81797710639896,68.65115406267593
27.06584689999727,35.206583427922816,67.24328414680288,68.25766174801363
27.097290199999406,35.722818918409644,67.6664782362917,68.599962313925
27.129367199995613,36.14003356330412,66.9228044005221,68.71489837777364
27.161432099994272,35.76065635609204,66.7344398340249,68.62033195020747
27.19346499999665,35.536373916321146,67.28514888805127,68.07463249151904
27.24208589999762,35.72838116676046,67.18983305196024,67.8054773963609
27.27237359999708,35.40707298720842,66.89635063957863,68.16553799849511
27.307854699996824,35.27640449438202,66.68670411985019,68.22003745318352
27.337150200000906,35.47871137905049,66.7398266767144,68.53598342125095
27.36886599999707,35.2848496311708,66.82806884811802,68.76432759599017
27.40137319999485,35.69891861126921,67.14532346803263,68.48719408081958
27.431253599999764,35.434609552691434,67.37736921910538,68.49166034874905
27.464808599994285,35.449357520786094,67.32105064247922,68.32860922146637
27.497426699999778,35.615152657369016,67.20071617037317,68.53128533735394
27.527580599999055,35.68628550074739,66.83520179372198,67.95142002989537
27.578530699996918,34.57965017867218,66.52623659958624,67.87003949595636
27.611948799996753,35.119448119448116,66.63352863352863,67.81345681345681
27.64177219999692,35.21943396226415,67.14264150943396,68.0866037735849
27.67658809999557,34.97632468996618,66.92690717775272,68.16027809094325
27.71011699999508,35.25565350709084,67.20333461096206,68.3560751245688
27.737330899995868,35.11554015020219,67.62430194492586,68.70267668014635
27.768902199997683,35.56461538461539,67.39153846153846,69.24115384615385
27.802318699999887,35.73564318529862,67.55570444104136,68.94544410413476
27.832261600000493,35.493879112471305,67.25592960979341,68.6562739097169
27.88110980000056,36.000757575757575,67.27784090909091,68.69962121212122
27.91380560000107,35.04415927533497,67.10549160218909,68.1856954142291
27.94565209999564,35.98291079812206,67.03643192488263,68.15699530516432
27.975716299995838,35.84194977843427,66.52603397341211,67.62204579025111
28.009646499995142,35.95721017907635,66.85730442978323,68.64486333647503
28.041067399994063,35.015134317063946,66.78528187665532,68.59477866061295
28.075277899995854,35.837074448185554,66.8823419378975,68.00374111485222
28.108619499995257,35.726132534631226,66.72201422688133,67.98259078996631
28.139957200000936,35.568454613653415,66.85577644411103,67.36965491372844
28.169902399997227,35.73557508597631,67.07011845624761,68.71818876576232
28.21814159999485,35.588212334113976,67.32982045277127,68.69476971116315
28.25111929999548,35.3765541740675,67.62798500098678,67.79771067692916
28.281475099996896,35.84908265930164,67.72972972972973,68.3726573288617
28.313625399998273,35.7618675522563,68.24789998046494,68.22328579800742
28.343908399998327,35.53125,67.52672955974843,68.64052672955975
28.374622499999532,35.34285714285714,67.5600386100386,68.2399613899614
28.409704099998635,35.23959744532611,67.47009870330946,68.19953551383782
28.442361199995503,35.58125240107568,67.23050326546293,67.972531694199
28.473480699998618,35.529692572083256,66.89765132709567,67.74527401183884
28.509300199999416,35.8654177021602,67.11890651883006,66.0810552475626
28.5518396999978,35.545316647705725,66.95259764884338,68.06958665149791
28.585086899998714,35.47747747747748,66.94237987987988,67.49662162162161
28.61643180000101,35.27443181818182,66.92291666666667,67.5594696969697
28.648157499999797,35.364254675987155,67.01511430190818,67.60835065180427
28.681054199994833,35.27953348382242,66.35609480812641,67.5122272385252
28.71211619999667,34.76283524904215,66.71992337164751,68.43946360153257
28.745111299998825,34.76594522122199,66.8590308370044,68.32828959969355
28.776006499996583,35.777440758293835,66.91222748815166,68.00511848341232
28.80825940000068,34.8235742895289,67.22429906542057,67.53595269883655
28.855961499997647,35.99494760479042,67.2870508982036,65.99550898203593
28.892344199994113,35.9455821008722,67.20041714069018,68.17993932499051
28.921660399995744,35.51285930408472,67.45953101361573,67.72692889561272
28.95225339999888,36.066390041493776,67.11957751791776,67.66503206337231
28.973293199996988,35.977107974055706,67.41224723388021,68.08603586417398
29.002262899994093,34.86143187066974,67.70823710546574,68.23864511162432
29.04963349999889,35.46075471698113,66.95528301886792,67.56849056603774
29.080346399998234,35.289805916713775,67.01865460712267,67.61748633879782
29.111974499995995,35.63395937140667,67.86987351475662,68.65159064775777
29.145429099997273,34.994241842610364,67.4848368522073,68.57044145873321
29.192287799996848,35.5879472693032,66.90677966101696,67.75461393596987
29.22562719999405,35.42338709677419,67.40284178187405,68.24750384024577
29.258148499997333,35.55988593155893,67.72338403041825,67.96730038022814
29.276053699999466,35.15632801997311,67.40829652391012,68.01594008066064
29.292436999996426,35.92688995215311,67.54813397129186,68.34583732057416
29.322611799994775,35.97279425656528,67.37823540525223,67.57264311354619
29.352059699995152,35.8074522413467,67.10383960658218,67.83071685265746
29.38511959999596,36.03338306602014,67.69246549794853,67.171577769489
29.45017189999635,36.2144201807229,67.57115963855422,67.69201807228916
29.495640499997535,35.9661918328585,67.45925925925926,68.01614434947768
29.531189099994663,36.139973836666044,66.95664361801532,67.13380676509064
29.562524299995857,35.80731572141142,66.90578237576206,66.84167744319231
29.592914799999562,35.78152686145146,67.11705937794534,67.42431668237512
29.61232259999815,35.8390436746988,67.4070030120482,67.38177710843374
29.628238899997086,35.853534401508014,67.3837888784166,67.33176248821867
29.66203559999849,35.736733157696655,66.87523522770041,67.17896123447497
29.69284509999852,35.40966584859354,67.36001510288843,67.58334906550877
29.72286719999829,35.90424725066363,67.1683731513083,67.74251042851725
29.753464299996267,35.30546075085324,67.2743648084945,67.89514599924156
29.78488980000111,35.489429973574936,66.73235183087958,67.39373348433371
29.86690439999802,35.82347400150716,67.21119065561417,67.43707611152976
29.895770499999344,35.45365115399168,67.11653424139236,67.40351872871737
29.91853059999994,35.45434089630602,66.4299643727733,67.2437652353272
29.948080800000753,35.69274773943532,66.08986897951651,66.97305775973427
29.964044199994532,35.27979274611399,66.05921539600295,66.91543301258326
29.994119599999976,35.44503111446351,66.80199886856497,67.65642089383368
30.024489199997333,35.28955725761255,66.38202876891462,66.98860452082944
30.062391699997534,35.303295475702846,66.48761869298082,66.5894619251536
30.091011799995613,35.287469744926454,66.6596536957736,66.52038726494135
30.122587300000305,35.53968253968254,67.2422035480859,67.18506069094303
30.16905989999941,35.18034967692893,66.80995819080198,67.63568985176738
30.201075699995272,35.167777566177875,66.66254046848219,67.68139402018663
30.232084099996428,35.27340324118207,66.75653002859866,67.51267874165872
30.266207299995585,35.48532731376975,67.04778028592926,67.2785929270128
30.299264199995378,35.25540238450075,66.57544709388972,66.8712742175857
30.32999259999633,35.156027037176116,66.45888096132181,67.11678558017273
30.362181399999827,35.16541494555013,67.0799849793466,67.02027788208787
30.393134799996915,35.1534795042898,66.63832221163013,67.4053384175405
30.426919499994256,34.658646616541354,65.9936090225564,66.3328947368421
30.473446600000898,35.364491362763914,66.65220729366602,67.4725527831094
30.50982429999567,35.35667438271605,66.34683641975309,67.82002314814814
30.53573619999952,35.125482625482626,66.18996138996138,67.83436293436293
30.56866739999532,34.98429014740108,66.25543056633049,67.75620636152055
30.602622699996573,35.359814886232165,66.11338218279984,67.45603548013884
30.6335151999956,34.875847375556845,66.12744528374976,67.76312221576603
30.665066900000966,34.92006178798996,66.09789534659201,67.6491600695115
30.69588119999389,34.862288135593225,66.45685670261942,67.17045454545455
30.731243199996243,35.21828504306969,67.13057948316367,67.99902114330462
30.761994299995422,35.197685820749165,67.23004510688371,67.92763286919003
30.80937619999895,35.31423001949317,67.02943469785575,68.29707602339181
30.844332900000154,35.49835621736608,66.81879713788435,67.84181009475923
30.874802099999215,35.42384362299207,66.94310044513257,67.76814399071029
30.90781099999731,34.97286821705426,67.41201550387596,67.92965116279069
30.93484129999706,35.65395042602634,67.19093725793958,67.93183578621225
30.970177799994417,35.672880690737834,67.76883830455259,68.7146781789639
31.0013512000005,35.649529042386185,67.80317896389326,68.83182888540031
31.03435129999707,35.538839724680436,67.79174041297935,68.62871189773846
31.064523199995165,34.63638151425762,66.40511307767945,67.97050147492625
31.112516199995298,34.72419825072886,66.7955296404276,67.51370262390671
31.145635499997297,35.14887422360248,66.5021350931677,67.2876552795031
31.175794399998267,35.01538761199844,66.65407089988314,67.70549279314375
31.2101468999972,35.220685625243476,66.501363459291,67.63245033112582
31.241169599998102,34.741315014720314,66.67713444553485,67.99627085377821
31.275151699999697,34.978089222266085,66.85412554283458,68.59376233714963
31.30844149999757,35.06387966399687,66.47665559679625,67.80035163117796
31.337535200000275,35.56185264803596,66.60426030877467,67.74789915966386
31.368424499996763,35.63675548589342,66.21434169278997,68.25078369905955
31.400037999999768,35.27926519444987,66.87258159077584,68.24799687316786
31.45006039999862,35.67639667504349,66.91648946452734,67.67407693794704
31.481401500001084,35.41797709182683,67.05668802174335,67.97748010095127
31.512288999998418,35.397889388313466,66.44948211842876,68.03888997459448
31.544103199994424,34.829071597167584,67.08556254917387,67.7779307631786
31.57738049999898,34.51067193675889,66.8600790513834,67.70217391304348
31.608459199997014,34.72642073778664,66.9964107676969,67.9988035892323
31.640026499997475,34.827988915281075,66.59956452889945,67.57719714964371
31.675364499998977,34.84077591432612,67.15578904829258,68.50292988482522
31.707679799998004,34.85198628755798,67.29824561403508,68.37063924178261
31.73592479999934,35.00803212851406,67.37871485943775,68.0632530120482
31.785050699996646,35.27225236085996,67.67631103074142,68.22443238898936
31.819127899994783,34.92887281494877,67.6182439220414,68.2087602973679
31.850175699997635,34.543661971830986,67.7553319919517,67.9158953722334
31.88112739999633,34.49331171463316,67.94466963923794,68.15058775841102
31.911261599998397,35.533117277699006,67.44966578894065,68.58213489973669
31.944389199998113,35.211569579288025,67.50687702265373,68.48786407766991
31.979034699994372,34.83615477629988,68.07779121322048,68.37303506650544
32.01099479999539,34.67317267476598,66.73730332603067,67.76857199761004
32.042278299995814,35.115187376725835,66.74773175542406,67.5577909270217
32.092044400000304,34.90420133955754,67.81956565861579,68.52323929368784
32.123292299998866,35.04789933022123,67.7046884513903,68.66795210066978
32.15328079999745,34.720603015075376,67.1654271356784,67.83396984924623
32.1803643999956,34.73299899699097,67.12196589769307,67.76870611835506
32.212453000000096,34.822497008376544,67.49840446749103,67.96669325887514
32.24777139999787,34.897995634054375,67.49136733478865,67.64635840444532
32.28152959999716,34.772113640942976,67.50171267378602,68.36570622607294
32.31309879999753,34.79796366540228,67.22399680574965,67.76841684967059
32.344809199996234,34.67089611419508,67.08406026962729,67.57652656621728
32.378538899996784,34.43645418326693,66.68286852589641,67.84980079681276
32.42678619999788,34.17934347477982,67.08006405124098,67.85828662930344
32.45730779999576,34.6149459193707,67.1054080629302,67.95417895771878
32.49054079999769,34.65199449793673,66.86618196109255,67.76321477696993
32.51235209999868,34.42957042957043,67.41498501498502,67.98381618381619
32.5292535999979,34.686975629244905,67.09948062325209,68.309029165002
32.559106699998665,35.25235141084651,67.52671602961777,67.88813287972783
32.584267199999886,34.91893514811849,68.02682145716572,68.50740592473979
32.64971329999389,35.096296296296295,67.42882882882883,67.97617617617618
32.681187299996964,35.00121261115602,67.80962004850444,68.75505254648343
32.729602699997486,35.83461382935705,68.28184391427416,69.47088556409219
32.76139719999628,35.557242757242754,67.85794205794205,68.64255744255745
32.79300019999937,36.10832497492477,67.89307923771314,69.19378134403209
32.82760330000019,36.21494762288477,68.28847703464947,69.33279613215149
32.850983199998154,36.21494762288477,68.28847703464947,69.33279613215149
32.88199850000092,36.145122440786835,68.3438378161381,69.28161380971498
32.8998752999978,36.22696177062374,68.27826961770623,69.2148893360161
32.92756029999873,36.11624621594349,68.63107971745711,69.13440968718466
32.9535407000003,36.47109421884377,68.41068213642728,68.9115823164633
32.984871199994814,36.29908766362554,68.12395874652915,68.8635462118207
33.06474719999824,36.11965641230523,68.23671594087095,69.0914902117459
33.09579159999703,35.94490082147866,68.19515127229012,69.10799438990182
33.12937049999891,36.730013886133705,68.05871850823249,69.13013291013688
33.16127069999493,36.00019972039145,67.40603155582185,69.0611144397843
33.19197649999842,35.99530148786218,66.97513703993735,68.30912294440094
33.22497939999448,35.210972962305114,67.29307282415631,68.7825143082692
33.25122320000082,35.84427360536172,67.25566725803273,68.46382810959985
33.2803813999999,35.86637239165329,67.56681380417335,69.15308988764045
33.295607799998834,35.742589703588145,66.97386895475819,68.10666926677067
33.32170770000084,35.84503491078355,66.66020170674942,67.3811093871218
33.35238869999739,35.80885780885781,66.65617715617715,67.5472027972028
33.400143099999696,35.81346643178704,66.41906439616363,67.72675670385594
33.46664139999484,35.27161453273752,66.75325432290656,67.47775403147465
33.492003399995156,35.27161453273752,66.75325432290656,67.47775403147465
33.508849799996824,35.18535068972217,66.64523023120265,67.38313580726637
33.54109349999635,35.10817683881064,66.94561815336463,67.66784037558686
33.56762170000002,34.98402182385035,65.99629773967264,68.05144193296961
33.59449619999941,34.947327802431026,66.56434497395331,67.17152228439127
33.62704269999813,34.8713870029098,66.47352085354025,67.4023278370514
33.65581910000037,34.44125122189638,66.35131964809383,68.25415444770283
33.707182499994815,35.54571592869465,66.19091431857389,67.59114433582519
33.73736999999528,34.75244618395303,66.42583170254403,68.17162426614482
33.77121359999728,34.792339101691624,66.0795255687342,68.08010888586428
33.80221569999412,35.150917874396136,66.68115942028986,67.50280193236715
33.83329299999605,34.999032133178474,66.38308168795973,68.1867982965544
33.8666974000007,35.6689082278481,67.59988132911393,68.64932753164557
33.89575469999545,35.47867298578199,66.82898894154818,68.89415481832543
33.93140349999885,35.637635467980296,67.05733990147783,68.632118226601
33.96315269999468,35.85126083530339,67.1570133963751,69.06245074862096
33.99204359999567,36.031520882584715,67.04452324665091,68.89834515366431
34.04122229999484,35.83431836091411,67.07151300236407,68.45390070921987
34.07416379999631,35.97714736012609,66.8291962174941,68.79452324665091
34.10842469999625,35.528762805358554,66.82348305752562,68.58096926713948
34.13600179999776,35.808122424955855,66.81714734157347,68.67059054345694
34.17036509999889,34.92545136866628,66.830712483013,67.84003106192972
34.20247959999688,35.257528957528955,66.56042471042471,67.51505791505791
34.2330398999984,35.72447013487476,66.7131021194605,67.2335260115607
34.26704929999687,35.872328134026574,66.79029462738302,67.68669362603505
34.29953739999473,35.225251353441614,66.82811291569993,67.31535189481825
34.34478539999691,35.39158262218774,66.58824670287044,67.75911559348332
34.37919699999475,35.00915465523958,66.90124659135178,67.75321386832879
34.41305799999827,35.66161616161616,66.46950271950271,68.18045843045843
34.4421857999987,35.849409448818896,67.22814960629921,68.68405511811024
34.47284639999998,35.09644176550651,66.92669648065332,67.5140968306436
34.50518870000087,35.81284584980237,66.3802371541502,68.44822134387351
34.53742709999642,35.24690630524455,66.46022392457277,67.84050284816342
34.570165799996175,34.89942812068626,66.52573456911853,67.52257937290476
34.60133779999887,35.588659392049884,66.833982852689,67.60502727981294
34.63397289999557,35.49114958179342,66.39311418012059,67.54658626726318
34.682312799996,34.97489211455473,66.47606904668497,67.75245194193802
34.71206329999404,35.13209028459274,66.47144259077527,67.58999018645731
34.74645779999992,34.81543294718241,66.77105831533478,67.55664637738072
34.77573139999731,35.55053507728894,65.68906064209276,68.71521997621879
34.808916899994074,35.298018442220915,66.34824406513636,67.66745144202473
34.841129000000365,35.29719188767551,66.26891575663026,67.74980499219969
34.87455329999648,35.13212740857255,66.20349980338183,67.58611875737319
34.906147099994996,35.33769322235434,66.14130003963535,68.14863258026159
34.93729370000074,35.05557753164557,65.78461234177215,68.33900316455696
34.96932679999736,35.19598888006354,66.91818903891978,68.05401111993645
35.015612399998645,35.5792089047903,66.55595309083681,68.36772013516199
35.049187299999176,35.78654153354633,66.77076677316293,68.78574281150159
35.08214179999777,35.81398601398601,66.94725274725275,68.99080919080919
35.1120632999955,35.7974632574995,66.70907992752164,68.7449164485605
35.146791699997266,35.862137465236394,66.87067938021454,68.0647596344855
35.17515419999836,35.51580831179161,66.99900576655398,68.20023861602704
35.20933510000032,35.71665024630542,66.50305418719212,68.05812807881775
35.24117169999954,36.08018488745981,66.89328778135048,68.84264469453376
35.274645799996506,35.43001822969415,66.84221186955641,69.14340692728378
35.319969699994544,35.277018883085574,67.00522298111692,68.47267979108075
35.35405709999759,35.14695268644747,66.56174819566961,68.04871692060946
35.38471690000006,35.44412897992294,67.0450212938552,68.59582234840803
35.41210289999435,35.62614587485054,66.41650059784776,67.98345954563571
35.44959659999586,35.42276096974554,66.63854938890002,68.30174313764776
35.481360899997526,35.29817605075337,66.81026962727994,67.84813639968279
35.51234509999631,34.49162345432788,66.91264459513363,67.8631830873554
35.544947800000955,35.13086714399364,66.30429594272077,68.01670644391409
35.57570069999929,34.98268312101911,66.68093152866243,67.86902866242039
35.610949800000526,34.57978196233895,66.41922695738354,67.87333994053517
35.65771149999637,34.5554891412632,66.85156405658498,67.77644949193066
35.68983649999427,35.78996245801225,67.5155107686228,67.90614503062636
35.72134859999642,35.810317460317464,67.27837301587302,68.2531746031746
35.7501443000001,35.27511438233539,66.83827332405014,68.19872687487567
35.779294299994945,36.08108108108108,66.65476425330439,68.14105346222135
35.79448720000073,36.02795275590551,67.21003937007873,68.13366141732283
35.85101229999418,36.442419387142,67.80192269176848,69.349489284999
35.881256399996346,36.62715179968701,66.8423317683881,67.8595461658842
35.91304759999912,36.202747791952895,66.56211972522081,68.20549558390579
35.96128150000004,35.68844418285266,66.31018246027075,67.92740827938003
35.99229849999392,35.828839390386875,66.44744040640876,68.19011332551779
36.02458420000039,35.887354085603114,66.9091439688716,68.01420233463035
36.05717419999564,35.47817614964926,66.5956742010912,67.92420109119251
36.08258080000087,34.76361143752448,66.83274578926752,67.64982373678026
36.096627899998566,34.80097847358122,66.55890410958904,67.81780821917809
36.12195470000006,35.04152046783626,66.74074074074073,67.78148148148148
36.152896799998416,35.256640625,66.4015625,68.1384765625
36.183479200000875,35.24756903928432,66.7438739789965,68.14605211979774
36.25111889999971,35.492803684513525,66.46363461907502,67.36039147956247
36.29757979999704,35.41950375072129,66.38180419311406,67.48432390844393
36.32981849999487,35.10290135396518,66.22901353965183,67.43965183752418
36.361217400000896,34.932057416267945,66.21224880382775,67.21933014354067
36.388090000000375,34.86220774243005,66.13606745879648,67.2591031046378
36.417056300000695,34.75747059957586,66.21746674378254,67.4457297088876
36.44819109999662,35.10029041626331,66.27647628267184,67.3537270087125
36.47654049999983,34.98737373737374,66.26301476301477,67.72027972027972
36.49232309999934,35.212244109694865,66.74198532251835,67.30571649285439
36.52137909999874,35.355771096023275,66.59670223084385,67.37109602327837
36.55194399999891,34.93301064859632,66.48112294288481,67.41548886737658
36.58315519999451,35.326254826254825,66.3534749034749,67.61756756756756
36.66518349999387,35.55547010190348,66.85022111132474,68.15670063449336
36.69624269999622,36.38342266462481,66.65486217457887,67.83556661562022
36.72376429999713,36.34544049459041,67.02704791344668,67.97874806800618
36.75366709999798,36.166123153654326,66.54133896029158,67.6641089583733
36.782401099997514,35.8564023804953,66.48800153580342,68.14455749664043
36.79825979999441,35.99139743834831,66.47237621869624,67.820302045498
36.82813549999992,35.361492364198725,66.80610864102069,67.79412333268895
36.857299199997215,35.324937027707804,66.92443324937027,67.62061615965898
36.88994499999535,35.44025522041763,66.68774168600154,67.53402938901779
36.938301299996965,35.646712463199215,67.29067713444553,68.803532875368
36.96900520000054,35.80777412492748,67.10442854380197,67.97485979501063
37.002226299999165,35.6926800929512,66.95565453137104,67.76471727343146
37.03221230000054,35.34111240762349,66.42376507195644,67.64546868922598
37.06396809999569,35.70286488579171,66.8321718931475,67.26480836236934
37.097606299998006,36.37727883323738,66.87430435616963,67.5929763960852
37.12747159999708,35.60940499040307,66.5017274472169,66.7932821497121
37.16103469999507,36.108787413660785,66.43975441289332,67.42958557175749
37.19353340000089,35.91589684372594,66.51443418013857,67.62182448036951
37.22540869999648,35.930662557781204,66.39753466872111,67.4038906009245
37.273055400000885,35.52531280076997,66.56920115495669,67.58960538979788
37.305710399996315,35.749278984810616,66.71044029994232,67.60026917900403
37.33574159999989,35.51742835011619,66.24283501161891,67.4442292796282
37.36975689999963,35.1138652207591,66.39465530596438,67.53524399690163
37.40009149999969,35.21841119653065,66.81943623102701,67.68992706485315
37.433134499995504,34.74550484094053,67.07567674372653,67.75933609958507
37.46462619999511,34.58801498127341,66.98304750640646,67.39049871870688
37.49646909999865,35.08194797574809,66.80442010561315,67.52180715822414
37.52921939999942,34.580518460329934,66.66967792615868,67.27160251374706
37.57567610000115,34.68100569632685,66.88607346297388,67.52465134551169
37.60978410000098,35.038325471698116,66.7743710691824,67.89878144654088
37.641272499997285,35.41189253259581,66.78032398261557,67.93006716712762
37.6746989999956,35.2248031496063,66.60511811023622,67.86909448818898
37.70704869999463,35.41608738828202,67.08023833167825,67.96146971201588
37.73621260000073,35.02686032630322,66.93931555909272,67.8233187425388
37.76871389999724,34.37722277722278,66.75644355644356,68.01998001998003
37.80137019999529,34.6074222668004,67.21303911735205,67.79959879638916
37.833939099997224,34.5367139959432,66.79878296146045,67.84503042596349
37.86507239999628,34.61217496472486,66.89840757911712,67.94275347712154
37.9126735999962,34.60950455005056,66.84206268958545,67.87542972699697
37.94599279999966,34.86598778004073,66.73808553971487,67.96619144602852
37.97792639999534,33.827446203816486,67.3142509135201,67.73873325213155
38.01094069999817,34.31460446247465,66.81460446247465,67.29432048681541
38.042505400000664,33.79462843295639,66.82229402261713,67.52079967689822
38.07250859999476,34.31322364411944,67.22323786309161,67.66036969327646
38.104373999995005,34.1088,66.40220000000001,67.107
38.13857019999705,33.71745650869826,65.68186362727454,67.25434913017396
38.1694256999981,34.03011443485244,65.88114836378237,66.8937964264204
38.20018849999906,33.604104403267584,65.46861924686192,66.65351663678024
38.25038859999768,34.7347301838308,66.27712986756276,67.12057718916782
38.28010649999487,34.6090746978403,66.40301169011293,67.14899940558747
38.31426980000106,34.69052339413164,66.73790642347343,67.35666137985726
38.34521739999764,34.72040896578844,66.3094769956744,67.32029099488793
38.3774470999997,35.13187243200939,65.9641948738016,67.57327333202896
38.40986329999578,34.30557737627652,65.94972505891594,67.31048703849176
38.44132429999445,34.49279652654431,66.4097098875074,67.68837576475232
38.472049199997855,34.90412290937378,66.22578763127188,67.3195254764683
38.508475999995426,34.97543380775979,66.301228309612,67.44862546305322
38.552416300000914,34.0828729281768,65.55189423835833,67.62963693764799
38.58329159999994,33.44640380424014,66.2017039825639,67.30017832375668
38.615002799997455,34.58065786882017,65.63442978136695,67.14004333267678
38.6491543000011,34.52998027613412,65.95325443786982,67.06252465483234
38.68206029999419,33.818521431380255,65.87868659064097,66.83130161226897
38.71317079999426,34.2073778664008,66.59641076769691,67.19621136590229
38.74600790000113,34.165404543642886,66.53328019131128,67.13451574332403
38.77746739999566,34.99067090115125,66.45573640333465,67.48888447796745
38.808805399996345,34.92062860553014,67.1597374179431,67.1336781380545
38.84115759999986,34.724850894632205,67.32624254473161,67.49224652087476
38.89007859999401,34.67288407541115,67.62113918973124,67.75872442839952
38.92220229999657,34.835035035035034,66.90850850850852,67.68848848848849
38.952032000001054,35.04948330683625,66.95270270270271,67.59598569157393
38.97965699999622,35.03102766798419,66.76561264822135,67.56284584980237
38.99858519999543,34.91322395730382,66.65684917967978,67.02332476774066
39.04806109999481,34.68057234985893,66.71846029826683,67.87222893994357
39.08136630000081,35.000590086546026,66.52380015735642,66.88906372934697
39.112257599997974,34.63627314353972,67.30041807684651,67.5317539319132
39.14495299999544,34.71609331751681,66.48734677738237,67.55911427441677
39.192291299994395,35.08939423642423,66.56165457753382,67.05195059792197
39.22611899999902,34.51572945340149,66.4117184427841,67.27742823436886
39.25799939999706,34.745273825764954,66.27168193334633,67.16585460923797
39.2894054999997,34.7321498244245,66.1090518923137,67.01677721420211
39.31763779999892,34.837067610062896,66.45204402515724,67.49272798742139
39.348727699994924,34.65873488003173,66.39738251041047,67.83779496331549
39.377734099994996,34.22279281058661,66.78629271183094,67.36440845348608
39.39216589999705,35.13053797468354,66.92543512658227,68.01977848101265
39.44794039999397,34.95305071315372,66.95721077654517,67.42393026941363
39.48199809999642,34.836146971201586,66.62343594836148,67.58669314796425
39.53006749999622,35.112077485669104,66.6188970152204,67.38624234038348
39.561994499999855,35.37378928642024,66.69756868946432,67.90116623838703
39.59201939999912,35.19555817610063,66.87952044025158,67.57075471698114
39.623197699998855,35.03020792467634,67.25225578658298,67.55315810121616
39.651361299998825,35.19358014966522,67.41847183930682,68.25974793225679
39.66623289999552,35.30641658440276,67.03336623889437,68.34886475814412
39.69132679999893,35.555730602599446,66.96474990153604,68.00886175659708
39.72226099999534,35.50068938349419,66.97597006105968,67.96100059090014
39.75220289999561,35.500394321766564,66.91522082018928,67.88564668769716
39.783293499996944,35.513460015835314,66.01603325415677,68.23020585906572
39.864484699995955,34.82972866692882,66.76759732599292,67.63802595359812
39.89700089999678,34.66418203216948,66.15162808944685,67.51902706943899
39.9299000999963,34.6077457795432,66.85799404170804,68.22542204568023
39.95626590000029,34.76575153071302,66.75034564487459,68.18348805056291
39.9739058999985,34.71690668770961,66.894851055435,68.1236930361018
40.00117129999853,34.77782071097372,65.36495363214837,67.1280911901082
40.03234869999869,34.779323671497586,65.37468599033816,67.11574879227052
40.06580530000065,34.71511179645335,65.30647648419429,66.87567463377023
40.09653389999585,34.31090979182729,65.38280647648419,66.97841171935235
40.124194399999396,34.24387892808945,65.39464044727202,66.76325428957007
40.16883369999414,33.78697080997487,65.45660158515368,66.75004832785618
40.200923599993985,33.86848780487805,65.92643902439025,66.95531707317073
40.233121599994774,34.445070970250825,66.14388489208633,66.92650204160995
40.26433329999418,34.53293297171639,65.98702053467649,67.01084850833011
40.295042400000966,34.54265357211631,65.8894665896399,67.05507413826305
40.330473599999095,34.331340405014465,65.55641272902604,66.49450337512054
40.36121339999954,33.99807210333526,65.46038172353961,66.61499903605167
40.39362979999714,33.669301966833785,65.34785962205939,66.53374469726185
40.42518149999523,34.304406648627754,65.36277541553923,66.49284885968302
40.45990829999937,34.0430816999806,65.36949349893266,67.43760915971279
40.507449999997334,34.52347555036041,65.22423533995713,67.59438924605493
40.53556359999493,34.08615682478219,65.12236205227494,66.94753146176187
40.568736599998374,34.53168469860896,65.09119010819165,67.17600463678517
40.60053749999497,35.185683211390156,66.25074154637137,67.99525410322326
40.63192590000108,34.44506553585197,66.17617579028527,67.2068234387047
40.66363260000071,34.423203563819484,65.97869455742786,66.91071082703854
40.69758459999866,35.016228748068,65.93315301391036,67.37287480680061
40.72996829999465,35.169435857805254,65.99130602782071,67.64219474497682
40.76131809999788,35.07726568551511,66.11483346243223,67.55228505034857
40.80938859999878,34.60046502615772,65.72234063166053,67.07808564231738
40.843966499996895,35.24425564780846,65.60726008882024,67.10909441977216
40.87890779999725,34.86611121875605,65.46735128850997,67.17651617903506
40.90933559999394,34.67900272691858,65.29703934553955,67.33326840670043
40.94014339999558,34.52089407191448,65.79514091350826,67.72322643343051
40.96877919999679,34.04359673024523,66.40988711560918,67.21389645776567
41.00137829999585,34.635777126099704,65.43401759530792,67.59452590420332
41.034800099994754,34.99712202609363,65.48254029163469,66.7033768227168
41.065188799999305,35.23112749854454,65.72947797399573,67.16087715893654
41.09808229999908,34.794243485025284,66.06242707117853,67.27051730844029
41.14453919999505,35.096195545042384,66.27518233786714,68.04691504041001
41.177348899997014,34.67988893296311,66.41332804442682,68.28540261800873
41.20823769999697,34.59354711784379,65.23470391501081,68.02380483966161
41.24270170000091,35.01594802126403,66.17759401456979,68.02697381374286
41.27482269999746,34.58874120406568,66.34323690383111,67.60007818608288
41.30869139999413,34.96746541983246,66.77751802065069,67.5686732904734
41.3402614000006,34.77561355668095,66.0202571094663,67.48422282820412
41.370979200000875,34.69391304347826,66.127922705314,67.24888888888889
41.401032800000394,34.23434461299105,66.61493582263711,67.70828471411902
41.432782199997746,34.56164383561644,66.09434690333784,67.33957167663515
41.48232889999781,34.49212144504227,66.4043043812452,67.12451960030745
41.512276999994356,34.31059314004169,65.86355884025014,66.65700208451771
41.54543469999771,34.3638652207591,66.21785437645237,67.0890782339272
41.57758539999486,34.440889582520484,65.47541943035506,67.25224346468981
41.60966589999589,34.25048581422464,65.33870967741936,66.93664982510688
41.6410767999987,34.18999416001557,65.49464668094218,66.92641619622349
41.6721899999975,34.43008474576271,65.19453004622497,67.28601694915254
41.706961500000034,34.673310554290055,65.49316628701595,66.57839787395596
41.73967619999894,34.23232709209018,65.89835689721055,66.7393962552541
41.78668939999625,34.00842105263158,65.73033492822967,66.6421052631579
41.819598699999915,34.9207619047619,65.71485714285714,66.428
41.85059059999912,34.60088308696487,65.79976962948743,67.03551545402189
41.88245349999488,34.112480739599384,65.94549306625578,66.48170261941449
41.91286269999546,34.37917712961174,65.66698860343828,66.84604983581224
41.94508749999659,34.48153161864243,65.4260297814736,67.51866176754979
41.975818200000504,34.53435262241146,66.34159086510547,67.4366169924521
42.008856199994625,34.21948857032158,66.55947307245253,67.45583107322743
42.0463621999952,34.00652841781874,66.58890168970814,67.47235023041475
42.07205840000097,34.320260187488046,65.49397359862253,67.53395829347619
42.12216349999653,34.8468330134357,66.07696737044147,67.78752399232246
42.15255109999998,34.47362273700604,67.10200506131984,67.60249172668874
42.18593879999389,35.01865164173305,66.33223236836993,67.64484165533321
42.21500739999465,35.678355737385544,66.88622637833625,66.27644652250146
42.24865370000043,35.260571652310105,67.27916992952231,66.94126859827722
42.28134979999595,35.221343110768046,66.39598610575068,68.00308761096102
42.312056799994025,35.40447272026219,66.43049932523617,68.01407364565259
42.34452639999654,34.990048780487804,66.72936585365854,67.77775609756098
42.377318099999684,35.23481861198738,67.3913643533123,68.5942429022082
42.42649359999632,34.861176470588234,66.61431372549019,68.18823529411765
42.459295000000566,35.44152276295134,66.74038461538461,68.73410518053376
42.49200619999465,34.58223877671045,66.8355224465791,68.13173887473044
42.52198219999991,35.04517776468278,66.47181300333922,68.08485562757808
42.537928799996735,35.07814960629921,65.8271653543307,68.41889763779527
42.565598000001046,34.83608490566038,66.72071540880503,68.27299528301887
42.58467159999418,34.433673469387756,66.83496860282575,67.2725667189953
42.647772699994675,33.82157097288676,66.97129186602871,68.32496012759171
42.68236379999871,34.2685370741483,67.33446893787576,68.43727454909819
42.71680550000019,33.7670906200318,66.51550079491257,67.47197933227345
42.76011789999757,34.27615475720489,66.8014212396368,67.61744966442953
42.79245499999524,33.79359713660767,66.66375024855836,67.76217935971366
42.825522799998,33.18290258449304,66.28230616302187,66.87097415506959
42.842116299994814,33.385260635110846,66.37986818454164,67.19372877970841
42.862890999997035,33.05321064212843,66.1126225245049,67.19143828765753
42.891158699996595,33.341561308448725,65.19385912101144,67.63977523580172
42.92441029999463,33.339268051434225,65.8106824925816,66.50207715133531
42.95229429999745,33.656621728786675,66.01665344964314,67.18219666931007
42.98606529999961,33.75714285714286,66.30099206349206,67.19404761904762
43.04969209999399,33.73586017282011,65.7602120974077,66.7274155538099
43.095226899997215,33.67680311890838,66.01890838206627,66.3317738791423
43.127928899994004,34.53043815432338,66.14695618456766,66.5719271035285
43.162425199996505,34.06700330161196,66.19265876869295,66.20819576616819
43.192304699994565,33.81751401507829,65.9628842064566,66.01565822540111
43.2245169999951,33.63913127787473,65.76711266240062,66.37075819274772
43.25212679999822,33.63095238095238,65.95003903200625,66.97619047619048
43.282287399997585,33.866028708133975,66.25657894736842,67.39712918660287
43.29788909999479,34.06716271783826,65.9817897004112,66.89778735069513
43.32325259999925,33.57866927592955,65.69941291585127,66.13463796477495
43.3612776000009,33.59439874657266,65.35996866431648,66.54073638856248
43.40161999999691,33.76842513576416,65.47032583397983,65.82971295577967
43.464897899997595,33.020093640265316,65.27565353101834,65.434061646508
43.49563389999821,33.04169148302561,65.28985507246377,66.32340678975581
43.52574819999427,32.69484212590704,64.85095116689547,65.83467346538536
43.542403899999044,33.03117035875319,65.07743579690256,65.94569692217212
43.57485269999597,32.97036606624056,64.66492349409258,65.21925237265155
43.60276840000006,32.90173296573454,65.22390705001969,65.66207168176447
43.631195199996,33.048133595284874,65.26444007858547,65.98408644400786
43.65723979999893,33.46827735219014,65.58259673934394,65.59025731683363
43.69100809999509,33.721218074656186,65.06129666011788,65.83418467583496
43.73803059999773,33.911404893449095,65.11562746645619,65.88752959747436
43.77004989999841,33.555164319248824,65.20813771517997,66.13575899843505
43.80028809999931,33.90618841150965,64.8285376428853,65.98108001576665
43.83307619999687,33.65321463897131,65.22274975272008,65.96439169139465
43.864785899997514,33.438302073050345,65.8771964461994,65.85705824284304
43.897123299997475,33.69671156893819,65.45919175911253,66.03605388272584
43.9311732999995,33.416550902956935,65.03234768803334,65.74121849573328
43.96130119999725,33.489767534273795,64.93244585734155,66.0160937810451
43.993091399999685,33.18769841269841,64.86507936507937,65.71111111111111
44.04032189999998,33.58497246262785,65.70377655389457,65.25314712824547
44.07322629999544,33.66160520607375,65.42792348649182,65.83750739499114
44.10807539999951,33.76313709996049,65.43974713551955,65.877716317661
44.13646059999883,34.19554753309266,66.02125952667468,66.65884476534296
44.16942329999438,34.675707780637495,65.50029697089685,66.48267669768363
44.202225199995155,34.463042628079776,65.60246382479468,65.82127493156042
44.2336112999983,33.13129318854886,65.02981243830207,65.74531095755182
44.26340209999762,32.61988071570577,65.2751491053678,66.36878727634195
44.29886759999499,33.0249950009998,65.22295540891821,65.92401519696061
44.32762769999681,33.09320852419837,65.03883688508265,65.3913563035252
44.375486299999466,32.80568814638027,65.12410501193318,64.7659108989658
44.40885259999777,33.38118910320143,65.38973951083715,64.773314774309
44.440990499999316,33.42617717478053,65.73743016759776,65.18355945730248
44.47234539999772,33.24980031948882,66.1026357827476,64.39456869009584
44.50811109999631,32.79607525794052,65.02629981792434,64.8976330163868
44.53576169999724,33.19810941271118,65.46862429605792,64.62007240547064
44.569930899997416,32.496309595052864,66.05026929982047,64.68801117095552
44.60118130000046,32.9504099180164,65.61827634473106,64.8882223555289
44.63101409999945,33.28410438908659,64.8187030446817,64.071569790431
44.665245199998026,32.84452785460292,65.01975503753457,64.08850256815488
44.71624489999522,32.5993672137631,64.88590073165909,64.03579197152462
44.74424049999652,32.55654460853732,65.87355856767145,64.60347966821769
44.777666999994835,32.70090694006309,65.52188485804416,64.52070189274448
44.809266500000376,32.92404813572697,65.49812586308937,64.40402446241862
44.84231409999484,33.256504854368934,64.65436893203884,64.23941747572816
44.87357559999509,33.61544523246651,65.51595744680851,65.68380614657211
44.90763259999949,33.404574132492115,65.29219242902208,65.33004731861199
44.93519479999668,33.12213438735178,65.16699604743083,65.13280632411067
44.967768700000306,33.2991819244254,65.82684067004286,65.04363069731204
45.01812239999708,33.32221783741121,64.89364640883979,65.76085240726125
45.05043250000017,33.642210857592445,64.93882769472856,65.67820613690007
45.08149330000015,33.54127725856698,65.22390965732087,65.23091900311526
45.11649719999696,33.51243391423536,65.29645584491874,66.06853338554924
45.14521299999615,33.29489676665368,65.60712894429295,65.91390728476821
45.176598599995486,33.10408848508789,65.7118309302785,66.25735729804464
45.21049189999758,33.48005529225908,65.64514218009478,66.3710505529226
45.24200719999499,33.38126888217523,65.78046324269889,66.79919436052367
45.27755179999804,33.07937474624442,65.72127486804709,67.03836784409258
45.31242370000109,33.287726358148895,64.97142857142858,66.58893360160965
45.35831440000038,34.05064854848672,66.46942557134032,68.10665019559399
45.38465219999489,33.15234215885947,65.67739307535642,66.49429735234216
45.41860420000012,33.83911800734994,66.10534912209066,67.25418538178849
45.449698299999,33.928657314629255,65.61022044088176,66.60861723446894
45.48107149999851,33.29544072948328,65.8062816616008,67.14974670719351
45.51390510000056,34.11590727418066,66.48780975219825,66.6722621902478
45.54522609999549,32.945680497093605,65.46061334936861,66.90719583082783
45.5795702999967,33.56233635448137,65.83484390735146,67.54380664652568
45.60887009999715,33.27373290426387,66.50744167337088,67.15446500402253
45.65887020000082,33.64896214896215,66.57671957671957,68.54049654049653
45.69083979999414,32.99818438571717,65.62356263869276,67.65664716562438
45.72241029999714,33.39242788461539,65.46013621794872,67.10036057692308
45.75775430000067,33.15075576770088,65.32299124900557,67.35023866348449
45.77974169999652,33.76351880877743,65.40458463949842,67.00097962382445
45.81117609999637,33.20535183349851,65.26580773042616,66.71536174430129
45.84972519999428,33.08330035615354,65.84072022160665,66.84368816778789
45.88106819999666,33.78280722652372,65.51101846337104,67.02302958109986
45.91346639999392,33.24268365518614,64.76985865020903,66.94664543101732
45.94442110000091,33.1343135306974,65.99185376515001,66.86787204450626
45.99114959999861,33.066466466466466,65.27747747747748,67.28248248248248
46.026770500000566,32.91483406637345,65.88704518192723,67.28048780487805
46.054581899996265,33.0572,65.7384,67.5196
46.07240149999416,33.096412106634595,65.83664060934055,67.5411906193626
46.10317009999562,33.33625847626645,65.58336657359393,67.35341045073793
46.132218899998406,33.233326697192915,65.34521202468645,67.77782201871392
46.15418069999578,33.005739164852564,65.19513160498714,67.06352661785078
46.187163199996576,33.06993840651699,64.90979535068547,66.85277170673554
46.247839799994836,33.06272473032361,65.06452257291251,67.14222932481023
46.28128509999806,33.21591363454618,65.22670931627349,67.60275889644143
46.329416699998546,33.306639839034204,65.22595573440644,67.60261569416498
46.3607944999967,33.49277108433735,65.27309236947791,68.04799196787148
46.39315019999776,33.38771824202288,65.19907686132852,67.55689343768815
46.4268854999973,33.48271037377573,65.45012992204677,67.39756146312213
46.45135889999801,33.43987975951904,65.45731462925852,67.85410821643286
46.48249439999927,33.04352166101018,65.3713316031144,67.71211818726293
46.49803889999748,33.57756039129567,65.18866041125973,67.56797764024755
46.528256699995836,33.371841155234655,65.35920577617328,67.13377456879262
46.556750799994916,33.20786741214057,65.87260383386581,66.87679712460064
46.58553319999919,33.2154213036566,65.82432432432432,66.9564785373609
46.665390399997705,33.32144272691241,65.55053507728894,66.79766151407055
46.695212799997535,33.916033586565376,65.94822071171531,67.32387045181927
46.72751259999495,34.138255302120854,65.70288115246099,67.48179271708683
46.75404449999769,32.5947022505477,66.03804023102967,66.72117108145788
46.78602699999465,32.84919531094774,65.97734949334394,66.56606397774686
46.81665249999787,32.97251129000589,65.4722167681131,66.29530728450816
46.845990099995106,32.461887835703,65.0821484992101,66.6858214849921
46.875673700000334,33.38217069758145,66.1888866679992,67.27563461922847
46.90809219999937,32.59426310583581,65.27932739861524,65.93353115727002
46.93861829999514,31.9814222932481,65.00259688373951,66.69117059528566
46.969708799995715,33.05834165834166,65.53546453546454,67.12447552447553
47.001669299999776,32.4737472549411,65.35815532042324,66.75803553603514
47.033890200000315,33.0680868007167,65.17320326498108,67.29822815050767
47.06564789999538,32.534181240063596,65.78239268680446,67.07810015898252
47.09653129999788,32.32710651828299,65.887519872814,66.93859300476947
47.128806599997915,32.59729676008746,65.28761677598887,67.10514808189227
47.161054699994565,32.892729439809294,65.08939213349225,67.2938021454112
47.194004699995276,32.43527054108216,65.29719438877756,67.30480961923848
47.22706669999752,32.24654516322852,65.50090126176647,67.1600240336471
47.273169499996584,32.30422702917246,65.35899980154792,66.87338757690019
47.30754729999899,32.4695945945946,65.74821144674087,67.1420906200318
47.34010280000075,32.88299780745466,65.86824795694639,67.48853896751046
47.36835859999701,32.99980079681275,66.25637450199203,67.40458167330678
47.401018799995654,32.99406528189911,65.57131552917903,67.23382789317508
47.43230290000065,33.0089552238806,65.39383084577115,67.28119402985074
47.46657349999441,33.17862807295797,65.68120539254559,66.76863600317209
47.49756609999895,33.049791707994444,65.79964292799048,67.08708589565562
47.52748900000006,32.58904910366329,65.26656274356976,66.4427123928293
47.56224239999574,33.12159246911159,65.47950578544813,66.04785252010198
47.60952019999968,32.85717147435897,65.70452724358974,66.94110576923077
47.64094879999902,33.16544771694011,65.5060288594584,66.4686696975687
47.674436599998444,32.916984158812916,65.63565269701223,67.30138359735312
47.708237899998494,32.9513078470825,65.56478873239436,67.80945674044266
47.73844749999989,32.3471007121058,65.84903357070193,68.05350966429297
47.77046639999753,32.585032626427406,65.92026916802611,67.78038336052202
47.80140599999868,32.83326572008114,65.73549695740365,67.36774847870183
47.832196499999554,32.922953128143234,65.77006638503319,67.39569503118085
47.86639369999466,33.040510876072645,65.63620035920974,67.314707643185
47.897263799997745,33.37133745266095,65.70221247757624,67.39107036077337
47.9444239000004,33.24844221105528,65.88482412060301,67.27517587939698
47.9773583999995,33.088014240506325,65.66159018987342,66.95747626582278
48.00986759999796,32.566231712139185,65.33076314748912,67.40767101621195
48.0413899999985,32.52594200039456,65.35135135135135,67.05997238114027
48.07400190000044,32.93813006523028,64.72227712986756,67.51927258351454
48.107565699996485,33.31926173178873,65.72098959355979,67.26664048694286
48.13531679999869,34.00746720484359,66.47971745711402,68.27749747729567
48.16893639999762,33.90629398753268,66.07339634023728,67.98491856022522
48.2009637999945,33.59453530115676,66.26844834463502,67.68508177104108
48.24929649999831,33.69358669833729,65.71516231195565,67.71793349168645
48.282134999994014,33.15378486055777,65.28725099601594,67.7593625498008
48.313094499993895,33.20789525887721,65.23408053957549,67.49970243999206
48.346718699998746,33.57176843774782,64.78509119746234,67.19865186360032
48.376692699996056,32.96635476806689,65.1234322118256,67.09456500099542
48.41032550000091,33.38923925896728,65.25916436736303,67.07666535277887
48.44109649999882,33.302215189873415,65.61075949367088,67.08267405063292
48.474666199996136,33.02863961813843,65.57895783611774,67.75875099443118
48.50724469999841,32.83266693322671,65.90903638544582,67.56477409036385
48.542310899996664,32.81135091926459,65.98820943245404,67.91007194244604
48.58524619999662,32.87416959749903,64.55607659241892,66.96092223524815
48.620037599997886,33.27546432062561,64.7010752688172,66.92864125122189
48.64961179999955,33.19568658488326,65.20597546497824,66.77245745943807
48.680975299997954,33.01366336633664,64.76435643564356,67.69247524752475
48.713200499994855,33.031013916500996,65.02504970178927,67.54671968190856
48.74447700000019,33.058928571428574,65.35515873015873,67.49246031746031
48.77791539999453,33.238864800946,65.06030744974379,67.41564840362632
48.80778640000062,33.320266562132495,64.99431595452764,67.17796942375539
48.842591099994024,33.40652003142184,65.10781618224667,67.11311861743913
48.88977199999499,32.77124702144559,64.94440031771246,66.56056393963463
48.921975099998235,33.139460539460536,65.59260739260739,66.83136863136863
48.952291599998716,33.43120905300774,65.31030375223347,67.16914830256104
48.98453609999706,33.36122125297383,65.35547184773989,66.9706582077716
48.99980420000065,33.149345497818324,65.78579928599763,66.88833796112654
49.0487678999998,33.62062868369352,64.9550098231827,66.81571709233792
49.08201369999733,33.64299960111687,65.50897487036298,67.24411647387315
49.11338119999709,33.13127563977339,64.79253760500097,66.61984762648954
49.145168099996226,32.74484126984127,65.22936507936508,67.42043650793651
49.176749300000665,32.45802275402119,64.26912514711651,66.90604158493527
49.225740800000494,33.16627404789949,64.37436199450333,67.19611307420494
49.25762849999592,32.489760093622,65.0054612834016,67.19699629412912
49.290986399995745,32.47545219638243,64.80182866229377,67.10415424368912
49.31961859999865,32.6699801192843,65.31630218687873,67.1216699801193
49.33535269999993,32.660707191100514,65.27393722685737,67.46205800556217
49.352545299996564,32.15881534486186,65.4044921486782,66.92903995229577
49.385550899998634,32.09634485498609,65.1046881207787,66.97278506158125
49.44942240000091,32.38881146725065,64.90364324109098,67.1851483177384
49.48035449999588,32.383918013401654,64.34942845880961,66.45841545132045
49.51272289999906,33.6422524118921,65.35321913762552,67.5052175625123
49.561940499996126,32.74509419152277,64.90325745682888,67.87107535321822
49.596502299995336,32.537325192042545,64.70258026393539,67.2458144573567
49.62526369999978,33.36214313648807,64.89792725850606,66.83320297223308
49.65224869999656,33.18269602162997,65.26207029741212,66.21475473155658
49.66855529999884,33.20139291932676,64.72586573805378,66.43973689301606
49.697707100000116,32.93971217425126,64.51555814858033,66.80863477246207
49.72348969999439,32.94816540477577,64.92428654630169,66.6847214133178
49.76025699999445,32.46662786185487,64.70838183934808,66.33818393480792
49.784257200000866,32.43497845671759,65.44379161770466,66.80591461026243
49.864075499994215,32.68436520376176,64.75724921630093,67.2760579937304
49.89515009999741,32.510546027991325,65.33530455351863,67.26197516262567
49.929558600000746,32.48064006321612,65.35973923350454,67.16179375740813
49.956332900001144,32.48064006321612,65.35973923350454,67.16179375740813
49.97413119999692,32.574005097039795,65.4001176239953,66.71436973142521
50.00741919999564,32.7599210266535,65.44995064165843,67.09062191510365
50.032029499998316,33.16316512860789,65.33457687021402,66.7932456312586
50.058540399993944,32.62043938799529,65.690466849745,66.70596312279325
50.089869999996154,32.87887103096825,65.46119168953352,66.93492747941984
50.12224549999519,33.438302073050345,65.55399802566633,66.97551826258638
50.15814590000082,32.82336633663367,65.99623762376238,67.28831683168318
50.20046909999655,32.61459968602826,65.15973312401884,66.9438775510204
50.26557039999898,33.210734017363855,65.7466456195738,67.25927387529597
50.29617589999543,33.22331820871967,65.83783783783784,67.23929769185244
50.32580869999947,33.31087774915791,66.29998018624926,67.39409550227857
50.35577999999805,33.01741539679398,66.19433999604195,67.52978428656243
50.374919499998214,33.59554767533491,66.28821907013396,66.91745468873128
50.40283699999418,33.797152330797736,65.72966647162083,67.57831090306222
50.431026099999144,33.91692913385827,66.28877952755906,67.42755905511811
50.456009199995606,34.1898808361008,66.60714983395194,67.08204727485837
50.50640399999975,33.161787665886024,66.11553473848556,66.8811475409836
50.539600999996765,33.51894986182392,65.73272799052506,67.30655349388077
50.56997969999793,33.492599171107166,65.91217683047168,67.04795737122558
50.60116759999801,33.335965258586654,66.01598894591393,67.21812080536913
50.636500499997055,33.22077409162717,66.29838072669826,67.40185624012638
50.663964999999735,33.86770198545312,66.3919795557303,67.32140750933753
50.69630150000012,32.9488880218494,66.1453374951229,67.06106125634022
50.72980639999878,33.234457220814654,65.4172675891639,66.85343987526798
50.762093799996364,32.71854759568204,65.53150147203141,67.35662414131502
50.792187599996396,33.48934108527132,65.38410852713179,66.94748062015503
50.84371519999695,33.230648638056046,66.16931216931216,67.22966882226142
50.8730174999946,33.2003151467402,65.97104589324404,67.4284025999606
50.90819279999414,33.945686274509804,65.9449019607843,67.58450980392156
50.939110299994354,33.77212694657993,66.39246993889218,67.90577567514292
50.96984579999844,34.09692064745361,66.64172917489142,67.76431109356494
51.00103119999403,33.43049590003905,66.62319406481843,67.57633736821555
51.032279999999446,33.694145290777364,66.42569022909731,67.72057959663208
51.06448000000091,33.80086494987223,66.63613131511697,67.78533516807549
51.096100700000534,33.778609415008866,66.99054559779397,67.71794366752019
51.12922139999864,33.672160444797456,66.42692613185068,67.52164416203335
51.17514709999523,33.973180832183004,66.08223230132124,67.79392624728851
51.20889560000069,33.93424657534246,66.81585127201566,67.38845401174169
51.242108200000075,34.29010037394214,66.51682739618185,67.3580003936233
51.2744950999986,33.779238892209605,67.24367403865313,67.82566248256624
51.30729199999769,33.858745742336204,66.87677820076136,67.82809056301342
51.33696589999454,33.73543928923988,66.45784797630799,67.55755182625863
51.37132109999948,33.94699367088607,65.82852056962025,67.6912579113924
51.40272239999467,33.910770440251575,66.35298742138365,67.47405660377359
51.43653970000014,33.273033485238756,66.43728947889835,67.35228848821082
51.48093169999629,34.0547590601354,66.35165272799681,67.32198327359617
51.5144255999985,33.4033479473894,66.9294539657234,67.55978477481068
51.54463039999973,33.53371677905593,67.03629512098374,67.38992463308212
51.579129799996736,33.82146379956599,66.69362793450385,67.52140461629513
51.61168219999672,32.756218905472636,66.1844776119403,67.47144278606964
51.64216559999477,33.48995271867612,65.84003152088259,67.84397163120568
51.674587199995585,33.43668639053254,65.89822485207101,67.58047337278106
51.71039279999968,33.52326043737575,65.88389662027834,67.78846918489066
51.73552589999599,33.01519337016575,66.13634569850039,67.32261247040253
51.76879029999691,33.30930278491014,66.14082559747186,67.20165909539799
51.81782630000089,33.097744360902254,66.16185199841709,67.10506529481599
51.849713199997495,32.86268302334784,66.4800158290463,67.19568658488326
51.8812786999988,33.4268,66.3848,67.29
51.91211579999799,33.36652035115723,66.49541101356745,67.43535514764565
51.94500539999717,33.42536720921,66.52699483922191,67.37058356490671
51.977456199994776,33.17272364217252,66.51417731629392,67.24540734824281
52.00959139999759,33.51682931686915,66.45528779127663,67.08703445528779
52.041446799994446,33.42277877161598,66.12025442258,67.28543033194195
52.07331509999494,33.24965104685942,66.3976071784646,67.5716849451645
52.12060699999711,33.19940357852883,66.08986083499006,67.59224652087475
52.16008139999758,32.950180072028814,66.51120448179272,67.27991196478592
52.18499759999395,32.519384492406076,66.06734612310152,67.47142286171064
52.215962199996284,33.676767676767675,66.07744107744108,67.54307783719548
52.248561399996106,33.79178245335451,65.95672886065898,67.59130607383882
52.281968999996025,33.79313083184435,66.15108199324995,67.60333531864204
52.312128999998095,33.577746925823085,66.23224910749703,67.71955573185244
52.34459899999638,33.65890866418932,65.81009192255036,67.71640915313905
52.378585999998904,33.02336540349499,65.1297859807579,67.2448458668761
52.40907280000101,33.32080642004306,65.15130162458406,67.13955764337445
52.45537549999426,33.33104933437745,65.23629600626468,67.17110415035239
52.490992999999435,33.29424474562954,65.38656452563347,67.26065605971323
52.5227814999962,33.50039682539683,65.85039682539683,67.45753968253969
52.55119189999823,33.52218022677541,65.94330614680725,67.79172468669186
52.58452349999425,33.179431072210065,66.08036602347325,67.65466481002586
52.61643270000059,33.088394467829225,65.9350571256765,67.85568250150331
52.65018069999496,33.281001589825124,65.83942766295708,67.76013513513514
52.682122399994114,33.24007936507937,65.90853174603174,67.73571428571428
52.713309099999606,33.30682044143965,65.85026844303042,67.76416782660569
52.761082899996836,33.75584621482363,65.93004359889021,67.9157748711851
52.79213329999766,33.99900537099662,65.90789735428686,67.63934752337379
52.827800999999454,33.43066561014263,66.28823296354993,67.71038034865293
52.860949800000526,34.18045705279748,65.701536643026,67.32781717888102
52.890976099995896,34.15130023640662,65.71394799054374,67.3936170212766
52.91914410000027,33.4228650137741,66.16312475403384,67.30932703659975
52.934398400000646,33.89373776908024,65.90430528375734,67.17318982387475
52.957716599994455,33.27237980285657,66.50573325286663,67.77187688593844
52.98524209999596,32.88906817265026,65.97498991528842,67.85941912061315
53.0498976999952,33.97427135678392,66.59798994974875,68.53989949748744
53.09462959999655,33.8555354631304,66.53224834237493,68.27285513361463
53.12727189999714,33.51493884098657,66.46962101463805,67.6107880489272
53.16101499999786,33.503,66.20320000000001,67.48440000000001
53.177152600001136,33.61114439784302,66.28500099860196,67.49650489314959
53.19442259999778,33.63063422417232,66.55684084563222,67.52253689668926
53.227151799997955,33.933745759329476,66.75234484134904,67.50009978048294
53.25571299999865,33.47627700383606,66.45285685443166,67.7831617201696
53.29096799999388,33.59413301185453,66.346192485433,67.60618846694797
53.321915399996215,33.65822532402792,65.74137587238285,67.51924227318045
53.358390399997006,33.753280318091456,66.99105367793241,68.45328031809146
53.385569499994745,34.017296222664015,66.84214711729622,68.48528827037774
53.466419500000484,34.0742140867489,66.15797851173896,67.95841623557502
53.496434099994076,33.44247258225324,65.80777666999002,68.2827517447657
53.512340999994194,33.34982262514781,65.38667717776902,67.53094205754829
53.54223549999733,33.51957861260187,65.28702047306699,67.96302921884318
53.56259319999663,33.67059748427673,65.52712264150944,67.20872641509435
53.592147399998794,33.708885810409654,65.7528201068672,67.90856916683158
53.62638850000076,33.76278606965174,66.79363184079602,68.21412935323383
53.65628540000034,33.849492335257814,66.76846506072069,68.27812064503284
53.69205389999843,33.86487562189055,66.7739303482587,68.12796019900497
53.736431999997876,34.20592916832471,66.97194588141663,68.73597294070832
53.77240709999751,34.64243027888446,66.9695219123506,68.65996015936256
53.80223329999717,34.80630990415335,66.94149361022365,68.2555910543131
53.83644249999634,34.21870618866413,66.39174844782696,68.44962948127379
53.86543789999996,33.35253689104508,67.01071356377602,68.37901758641601
53.897817599994596,33.06313029447358,66.15187575635336,67.98830173457038
53.92759959999967,32.976444533923896,66.10650291926717,68.00140930138917
53.961886199998844,33.261118798181464,65.74066020952758,67.25459576991501
53.992090499996266,33.795606120047076,65.99156531973323,66.91447626520204
54.0256173999951,33.41072132439889,65.97575877020103,67.42983839180134
54.073478599995724,33.73702076677316,66.52575878594249,67.76477635782747
54.109491700000945,34.077014925373135,66.20358208955224,68.04457711442785
54.14094659999682,34.0663760649891,65.9356053100852,67.91143253417872
54.17446740000014,33.807183737911984,66.67870534833234,67.60982830076969
54.20091780000075,33.545671167593326,66.37907069102462,68.00277998411437
54.23444049999671,33.49939927913496,66.61674008810573,68.17541049259111
54.26471959999617,33.43820670501884,66.0059512001587,67.22059115254909
54.29843719999917,32.86192299939528,65.7992340253981,67.73130417254586
54.32939880000049,33.257896841263495,66.25909636145542,67.6453418632547
54.37752809999802,33.59209738575135,66.24945120734385,67.85012971462783
54.410282999997435,33.86276468238114,65.8276068717539,67.78306032760688
54.440950899996096,33.20064076892271,65.87244693632358,67.99719663596315
54.47445969999535,32.785198555956676,65.44444444444444,67.86442037705575
54.50720409999485,32.50595839224399,66.16501716824884,68.12340941223995
54.53654209999513,32.80513961958721,66.0343990287333,68.30028328611898
54.56956459999492,32.71046815350613,65.79465541490859,67.90878038979305
54.60136889999558,33.736016096579476,66.59496981891348,68.02092555331991
54.63202339999407,33.56123064548562,66.5680675648502,68.27588980494671
54.66420210000069,33.89454834858734,66.39733386390768,68.2399522483088
54.712208500001,33.807669263031755,66.83403235470341,67.68004793289394
54.744096499998705,34.26174765046991,66.9628074385123,68.15476904619076
54.77880789999472,34.010791366906474,67.15427657873701,68.25099920063948
54.81016339999769,34.23976023976024,67.24675324675324,68.28431568431569
54.84114520000003,34.197459813455055,66.9884897797182,68.18257590791823
54.873085499995796,34.15841584158416,66.44435643564357,67.74277227722773
54.903711699997075,33.69077107471035,66.42688773471833,67.61326408310028
54.937729400000535,33.75209748302038,66.460647223332,67.56392329204954
54.968878899999254,33.96330275229358,66.75069804547267,67.79058635819705
55.00117619999946,33.85337594886136,66.76248501797842,67.74630443467838
55.047575500000676,33.728,66.1266,68.2428
55.08135729999776,34.354974031162605,65.85797043547743,68.0437475029964
55.1123793999941,33.54003612281758,65.45033112582782,68.07666064619707
55.144764399999985,34.15416749552417,65.1295006962403,67.12592003182813
55.174645399994915,33.71813676907829,65.19345887016848,67.4392467789891
55.20969899999909,33.676932247168686,65.11265646731572,67.38207828333002
55.2409972999958,33.68119128522886,65.41635018988607,67.6703977613432
55.27319419999549,33.16549789621318,65.46784211580845,67.22600681226207
55.30641739999555,33.53129346314326,66.31889529107887,66.94118815815617
55.35761219999404,33.7527352297593,66.04973145016909,67.15297394072012
55.387070899996615,33.220123284947306,65.99085305229667,67.14893617021276
55.41688269999577,33.36885410395344,66.28537025888019,67.32570740517761
55.449384499996086,33.25963855421687,65.79518072289157,68.23012048192771
55.4824049999952,33.538477116241395,66.15330093155124,67.83535844471446
55.513801299995976,33.44464646464647,66.37474747474748,68.22282828282829
55.54683659999864,33.817764471057885,66.16067864271457,67.34191616766466
55.57805849999568,33.64862697935458,65.64441771898176,67.32872319102025
55.6076968999987,33.33961507618284,65.73636728147554,67.4107858861267
55.64122409999982,33.1965811965812,66.22321606042536,67.36931027628702
55.69120099999418,33.91295587346363,66.07555913761838,67.08623816240177
55.72204079999938,33.46448863636364,66.35572240259741,67.63575487012987
55.75767579999956,33.47710604558969,65.6438057482656,66.5228939544103
55.78337919999467,33.76326286398085,65.60450737933785,66.77124052652573
55.81338629999664,33.670590582601754,65.89545091779729,67.60395051875498
55.848383799995645,33.56080142828804,66.115850029756,67.15512795080342
55.88120869999693,33.736946595195555,66.1123684732976,67.4173118919992
55.91316060000099,33.508239031169346,65.64006352987889,67.04983124875918
55.94586259999778,33.104992076069735,65.29377971473852,66.56299524564184
55.992060099997616,33.10514808189227,65.78334327171537,66.79248658318426
56.02524369999446,33.375074656579734,65.5289667529365,67.0543499900458
56.06232520000049,33.62008384907167,65.85286484328209,67.32062287881813
56.09094949999417,33.89749203821656,66.25656847133759,67.27089968152866
56.1241399999999,33.995392628205124,66.30969551282051,67.54246794871794
56.15060419999645,33.559298385489335,66.5782340043851,67.72712776559698
56.17959809999593,33.775587415372364,66.31959378733572,67.72142572680207
56.19486949999555,32.86640159045726,65.9027833001988,66.83538767395626
56.251104700000724,33.61921994370728,65.97587454764776,67.14857257740249
56.28205359999993,32.862850327966605,65.51540449214868,66.33392963625522
56.328902299996116,33.34266156633783,65.54600362391785,68.01248238373265
56.36236790000112,33.36022476419827,65.79791290387317,67.40618101545253
56.39475919999677,33.63898271408703,65.30657659447645,67.38088615140076
56.41119549999712,33.64751491053678,65.72982107355865,67.3141153081511
56.442138699996576,32.69349658771578,65.7242071457246,67.11300682456844
56.47570459999406,33.498398718975174,65.20736589271417,67.2662129703763
56.50222560000111,34.208872090710166,66.34334593196738,67.7107618858166
56.52235049999581,33.56457119903595,66.10303273749749,68.13195420767222
56.559370999995735,33.88941830454635,66.22533253920984,67.54397458804844
56.585133399996266,33.815197931171674,66.48557787945097,68.00477421921623
56.66446680000081,32.901210077365604,65.39932553064868,67.27375520730014
56.69575139999506,32.832644221303404,65.27032880488285,67.00295333727111
56.72942779999721,32.822453794730635,65.64726700747148,66.99115218246166
56.76235749999614,32.97004562586788,65.81154532830787,67.34298750247967
56.79244729999482,33.53176795580111,65.76598263614838,67.39522494080505
56.821045999997295,32.7678431372549,65.7413725490196,66.48372549019608
56.83691019999969,33.125443786982245,65.70729783037476,67.12564102564103
56.86340709999786,33.89781882491649,66.37119276871684,67.28767930831205
56.89024629999767,34.10468319559229,65.6944116489571,67.69303423848878
56.92204330000095,33.67285881892843,65.47184200234649,66.77317168556903
56.972357999999076,33.6798166965531,66.04383343295477,67.7029288702929
57.00137420000101,33.60179282868526,65.95876494023905,67.38047808764941
57.066585199994734,33.51351888667992,65.61053677932406,67.9530815109344
57.09586639999907,33.35838607594937,65.47053006329114,67.51226265822784
57.12893679999979,33.28812230497844,65.41905135241082,66.61818894551156
57.15589249999903,33.34682195025661,65.75404658507698,67.2246348203711
57.17529339999601,33.188405797101446,64.88836662749706,66.92087739913826
57.20134519999556,33.041682974559684,65.27455968688845,66.6908023483366
57.230062899994664,33.74555511655472,65.30975898854207,67.35322007111813
57.25779150000017,34.08018124507486,65.92178881008668,67.20449172576832
57.306719899999734,34.06131329113924,66.65842563291139,67.20450949367088
57.336550299995,33.60191082802548,66.23228503184714,67.49402866242039
57.37223190000077,34.164766024380654,65.90581989775855,67.04659850570192
57.40256889999728,33.73148693773326,66.03005303476723,66.70771950500884
57.43672779999906,33.429900990099014,65.9019801980198,66.87346534653466
57.464834899998095,33.29052294129433,65.80945702264076,67.80805449809658
57.496670799999265,33.52884803442206,64.75806767064346,66.62155290436144
57.5283574999994,33.19604743083004,65.70632411067193,66.55355731225296
57.56024289999914,32.81512272367379,65.14410134600158,66.65023752969121
57.61140840000007,33.65593118623725,66.07861572314462,67.34846969393878
57.641202399994654,33.748531139835485,65.39678809244026,66.78789659224442
57.672320599995146,33.93057199211045,65.8025641025641,66.96291913214989
57.707483699996374,33.55606000789577,66.28661666008685,67.22641136991709
57.740358899995044,33.73213580734307,66.14015001973944,67.21496249506514
57.77443520000088,33.83814352574103,65.71197347893916,66.92004680187208
57.80223570000089,34.04972804972805,65.80341880341881,66.7937062937063
57.83458759999485,33.37512359106189,65.74510579394898,67.46727308681037
57.86553269999422,33.11690859160455,65.59042761867398,66.78501373087485
57.894750999999815,33.112517033287915,65.4656414249562,66.7405100253066
57.94402229999832,33.634488127676136,64.97781237835733,67.05216037368625
57.97721199999796,33.064491064491065,65.0565268065268,66.75174825174825
58.009930899999745,33.86270691333983,64.43855890944499,66.82979552093477
58.04133300000103,33.8431562621171,65.65490500193873,67.25610701822411
58.07457989999966,33.889040561622465,65.10354914196569,66.72464898595945
58.107693899997685,34.19499105545617,65.70622142715166,67.30530709600477
58.139290399994934,33.6673220605584,65.3346441211168,67.06606370428628
58.172033299997565,33.69783170877263,66.06067236920629,67.19753332007161
58.202118000001065,34.13011152416357,65.65662297006456,66.66953629426726
58.23197359999904,33.67318599647956,65.38646587130843,66.66340700176022
58.28142669999943,33.51063829787234,65.24881796690308,66.68479117415288
58.31240019999677,33.93250444049734,66.04953621472272,67.2332741267022
58.34462060000078,33.845703125,66.230078125,67.0435546875
58.379385000000184,33.93326752221125,65.35478775913128,67.11391905231984
58.41106829999626,33.63458110516934,65.78134284016637,67.43018419489007
58.44273949999479,33.61348359035192,65.64017398181099,67.12079873467773
58.47638559999905,33.471562562362806,65.28976252245062,67.79704649770505
58.51008569999976,33.404681610791506,64.87780202340805,67.5254909740131
58.53616289999627,33.42551928783383,65.23541048466865,67.49416419386746
58.58429509999405,33.23678436066228,65.4492319968083,67.5539597047676
58.6167901000008,33.69850448654038,65.47577268195414,67.37467597208375
58.652476899995236,33.41309476995674,65.37298466378293,66.82953204876131
58.68123469999409,34.60526315789473,65.4251461988304,67.02378167641325
58.71249130000069,34.01340429726,65.56160063079047,67.18312635521389
58.74476909999794,34.197513812154696,65.45106550907656,67.11582478295186
58.77452749999793,34.636970172684464,66.06554160125589,67.42425431711146
58.80812419999711,34.01910953506698,65.5086682427108,67.03250591016548
58.84228989999974,34.247544204322196,65.34813359528486,67.61159135559922
58.873372399997606,33.795175958877024,65.13127718465797,67.09311981020166
58.92225039999903,33.61619160728424,65.30601741884402,67.30898653998416
58.95621989999927,33.43393213572854,65.2189620758483,67.350499001996
58.985951199996634,33.288434556023255,65.26718781318903,67.38464622168772
59.01136620000034,33.27539140907266,65.29144921718186,67.47490967482939
59.05124000000069,34.064254646105184,64.98477659153816,67.4260577303282
59.08226709999872,34.42178098676293,66.01243481748897,67.92839951865223
59.11254299999564,34.21432823973011,65.82694979162532,67.4064298471919
59.145358199995826,33.5992,65.549,67.8328
59.17710079999961,33.26787148594378,65.47630522088353,68.20502008032129
59.225998199995956,33.34448426921545,65.67861409796893,67.59418558343289
59.25617119999515,33.221540289051674,65.60384082359928,67.1407642051079
59.29137419999461,33.525242526232425,65.80182142150069,67.58938823995248
59.322504600000684,33.318127962085306,65.63329383886256,67.12401263823065
59.34710729999642,33.354257425742574,65.74851485148515,67.27742574257427
59.361234699994384,33.349764336213674,65.48978790259231,66.8790259230165
59.38620069999888,33.86909956366521,66.27766759222531,67.56287187623958
59.44806879999669,33.78517934568388,65.47891210090658,67.04256996452503
59.48201590000099,33.788560157790926,65.60236686390532,67.23451676528599
59.51231049999478,34.57532365633582,65.40251078854453,66.76696743821107
59.56238389999635,34.09709690074539,65.15888583758337,67.77912907022362
59.59220259999711,34.70248254460822,66.64294026377037,67.79072924747867
59.62563589999627,34.78260869565217,66.32306492493663,67.41665041918502
59.65099709999777,34.617768189841144,66.24396940576584,67.2653461463032
59.68199209999875,35.485144644253324,65.7531274433151,67.67298670836591
59.69465189999755,35.09249902837155,65.40808394869802,67.24349008938982
59.722655999998096,35.21955933513722,65.91515268650947,66.5892926169308
59.75867509999807,35.31273519508814,66.061596355714,67.99861358684888
59.7873768999998,35.482601818900754,66.12732305258996,68.05674179517597
59.84788429999753,35.60544623335321,66.61896243291592,68.50407473663287
59.89679669999896,34.95612285600319,65.79916234543279,68.37814120462704
59.93032039999525,34.650217994451054,66.1718192627824,67.61375346809355
59.96231419999822,34.46783509261103,65.85461063533161,67.92411870145389
59.99232599999959,34.30332873744337,66.0407721095135,67.24384479023045
60.0240227999966,34.67795275590551,65.5242125984252,67.52913385826771
60.05270449999807,34.23539753858175,65.73608126587224,67.36686852900957
60.08200719999877,34.34427822032252,65.20749951428017,66.86943850786867
60.11124529999506,33.816314667700055,65.68571982173997,67.0003875217981
60.12570659999619,34.01248293348937,64.8622976399454,67.29295884532866
60.152700300001015,33.64370078740158,65.44212598425197,67.41515748031496
60.20099669999763,33.64819944598338,65.08587257617728,66.9432132963989
60.265763999996125,34.32371732817038,65.43078412391094,66.33030009680543
60.296854299995175,34.02324665090623,65.65583136327818,66.93951930654059
60.32544059999782,33.7271833202203,65.64162077104642,66.71911880409127
60.3570624999993,33.54359889021007,65.33135156559652,66.39932619896949
60.387640900000406,33.522287968441816,65.63017751479289,66.45877712031557
60.41619889999856,33.91267605633803,65.47665995975855,67.14426559356137
60.44661839999753,33.37304330148404,65.300264281358,66.94307786135393
60.479852099997515,33.62137497465017,65.77124315554654,66.91462178057189
60.5121610999995,33.189347914135276,65.28311057108141,67.03746456055083
60.5410608999955,33.957723903025446,66.15948707673813,67.22740933680625
60.57356779999827,34.15778853914447,65.48567393058919,66.9590395480226
60.60117759999412,34.10767996791658,66.34108682574694,67.36113896129937
60.63210640000034,33.799959951942334,66.06187424909892,66.773728474169
60.6642256999985,33.50080064051241,65.96957566052842,67.02081665332265
60.694624799994926,33.89300080450523,65.22445695897022,67.08326629123088
60.73058350000065,33.17378975086085,65.1804739720478,67.0601579906826
