timestamp,r,g,b
0.2221676000044681,31.32170693686672,62.38912704598597,62.25
0.2680391000030795,31.038921001926784,62.34393063583815,62.863969171483625
0.2914107000033255,30.179024202842875,62.12370341913177,62.58182865923934
0.32143640000140294,30.288755564157153,61.98819431004451,61.989549061350885
0.353854400003911,30.246810977966756,61.34557402396598,62.735214534209504
0.38036030000512255,30.27321981424149,61.837848297213625,62.70917182662539
0.4097678000034648,28.614516442887723,61.26133489005643,62.04319906596614
0.4398166000028141,29.39389283656616,61.25139235644325,61.835605915114265
0.4713287999984459,29.81449607955632,61.70070759227386,61.52304455918914
0.5015710000006948,29.46982676565772,60.79954311821816,60.200647249190936
0.5317083000045386,29.396825396825395,61.31593038821954,60.960986804360296
0.5455618999985745,29.15166602834163,60.32612026043661,62.03868249712754
0.5760885000054259,28.99031522977592,59.86517280668439,61.76300797569312
0.6574946000037016,28.773545575137387,60.631419367064616,61.45992040932347
0.6881720000019413,28.797964568413118,60.221635883905016,61.237278552581984
0.7129228999983752,28.915956842703007,60.20329358319137,61.40488358886996
0.7302557000002707,29.024293034731446,60.024672613399126,61.45701271588536
0.7523663000029046,28.33510941960038,60.15737392959087,61.17830637488107
0.7855285000041476,28.38196938196938,60.213570213570215,61.03572103572103
0.8159746000019368,28.360649400850406,60.83842288364901,61.34750676459219
0.8513670000029379,28.620542635658914,60.96356589147287,61.71627906976744
0.8814514000041527,28.18506368197607,60.694712466229255,61.28927055191046
0.9128378000023076,28.01832715929031,61.03509456034314,61.58256970169624
0.9598287000044365,28.016016981860286,59.98475492087997,61.61057506754149
0.9926577000005636,28.756432246998283,60.268915570802356,61.046312178387645
1.0236112999991747,29.22320230105465,61.513326941514855,61.4431447746884
1.058545400002913,28.94200956937799,61.542009569377996,61.582009569377995
1.0901496000005864,29.138809659631107,61.00912721049629,61.72371173226849
1.121689100000367,29.135176358436606,60.78360343183984,61.77407054337464
1.155119700000796,28.974525952882587,60.53495498946562,61.48822064738555
1.1859972000020207,28.68669113386131,61.44562487927371,61.73556113579293
1.2179079000052297,29.03794813119756,61.2280701754386,61.54290617848971
1.2658693000048515,29.13005171423099,60.632445891591644,61.25588967630722
1.297288000001572,28.452862926547137,60.56660882976672,61.210719105455944
1.3298632000005455,29.069449788380147,60.872258560984996,59.91381300500193
1.3600627000050736,29.686188477680275,60.52060282334987,61.6674933231591
1.3935704000032274,30.07693794703267,61.8776338681616,60.03402281074811
1.4260136000011698,29.796853758011267,62.081569236745004,60.362788891046804
1.4574756000001798,29.97039600153787,61.515570934256054,59.99307958477509
1.4879151999994065,30.09482425646968,61.06894553881808,60.206836616454225
1.5216316000005463,29.856260852787962,61.05151456685317,60.2141616824233
1.5543843999985256,29.490888164204875,60.75944753500863,61.75158258200653
1.601378500003193,28.950955782969686,61.29812705155435,60.03243869472871
1.6327295000010054,28.818870784388025,60.34046987495263,61.31148162182645
1.6656707000001916,28.700644183402805,60.33819628647215,61.446002273588476
1.6980206000007456,28.81450381679389,60.31393129770992,61.506106870229004
1.7282814999998664,28.93730886850153,60.0045871559633,61.98776758409786
1.7599851000049966,28.305582571484145,61.07800038902937,61.783310639953314
1.7940052000049036,28.96904671477402,60.424610710216484,61.709836688188375
1.8253807000000961,29.155155921178498,60.72508130859001,59.969772335947965
1.8576415999996243,28.821367030442275,60.69691748037526,60.08596591996937
1.9048617000007653,29.106271777003485,60.59620596205962,62.10394889663182
1.937638600000355,28.324733268671192,60.974393792434526,62.10378273520853
1.969795000004524,28.953172782874617,60.76012996941896,61.76433486238532
2.001204100000905,28.90662074244164,60.67470340604669,61.75755836203597
2.032588100002613,28.360576923076923,60.53576923076923,61.82807692307692
2.0657476000051247,28.451228878648234,60.461021505376344,61.99116743471582
2.0960544000045047,29.004248744689068,60.536114329857085,61.98184627269216
2.129745999998704,29.002312138728325,60.7009633911368,61.712909441233144
2.1615345000027446,28.705333333333336,60.32971428571429,61.23809523809524
2.1927699000007124,29.380615561078187,60.899254444656854,61.649397820684385
2.2417095999990124,29.182026768642448,61.1923518164436,62.004971319311665
2.272347800004354,29.601607347876005,61.01817833907386,62.33429008802143
2.3056231000009575,29.213586643638454,61.154672807522545,62.093264248704656
2.336049700003059,29.554025626314782,61.24976094855613,61.77892522470836
2.370631500001764,29.37113797735559,61.28305507580119,62.61389368643254
2.4026799999992363,29.424856596558318,61.407648183556404,62.33365200764818
2.4342190000024857,29.67585807944466,61.30158118010027,62.58272271500193
2.4648058000020683,29.891860688858955,61.26784683471233,62.84914373677121
2.495797000003222,29.425638073306466,61.96795240836691,62.14757244290923
2.5315947999988566,29.057208677289307,61.23516989825302,62.18640813975811
2.5775614000012865,29.27639632746748,61.061400153022184,61.83416220351951
2.6114053999990574,29.434180138568127,61.10854503464203,61.80080831408775
2.6415268999990076,29.18909090909091,60.99578947368421,61.78066985645933
2.6747561000011046,29.551277163553184,60.61894776972932,62.04079298513153
2.70470639999985,29.210385643375336,61.19110347460863,61.88640702558229
2.7374960000015562,29.19717233473443,61.13641574321743,61.743026366068015
2.769637099998363,29.516979700246633,60.764940239043824,61.43426294820717
2.802614200001699,29.072661734016314,60.869284765699106,61.6237905520774
2.8327868999986094,28.757778201946934,60.56766558503531,61.68791754151555
2.8814719000001787,30.096266818267953,61.24009854083759,61.72275914345271
2.913651300004858,30.600344695518956,61.34239754883186,62.09076981999234
2.943992500004242,30.36649611521698,61.00549554671214,61.3162781883646
2.959354800004803,30.264201296225696,61.016202821197105,61.879717880289746
2.9771935000026133,30.302019817073173,60.33612804878049,61.74047256097561
3.0409120000040275,30.14507772020725,61.22548455190942,62.354442525426975
3.0727636000010534,30.919100691775558,60.792467332820905,62.51152959262106
3.105129300005501,30.252981916121588,61.112350904193924,62.40323201231243
3.1369555999990553,31.3310251971533,61.52010001923447,63.11656087709175
3.1713282999990042,30.43573191570154,60.288969052591604,61.93297892538447
3.2160666000054334,29.109963664180533,60.74966532797858,61.807993880283036
3.2515760000023874,29.528111301696207,61.08614446350295,61.50981513245664
3.282606200002192,29.372962607861936,60.828379674017256,61.463470757430485
3.309872700003325,29.676576405983713,61.02878242757053,61.41564097708767
3.341522700000496,29.41456903127384,60.88196033562166,61.9443173150267
3.37147250000271,29.199655765920827,61.00516351118761,61.88162172499522
3.4026439000008395,29.406651108518087,61.58732010890704,62.39789964994166
3.4415158000047086,29.301553398058253,61.16990291262136,61.990291262135926
3.4731342000013683,28.90392006149116,61.106456571867795,61.78708685626441
3.5198338000045624,29.472859327217126,61.646024464831804,62.01165902140673
3.5533284999983152,29.313986679352997,61.03349191246432,61.64148430066603
3.585399100003997,28.909785932721714,60.95183486238532,61.94571865443425
3.6178216000043903,28.831295376385174,60.69850974398166,61.88249904470768
3.644713800000318,29.08634884166188,60.58663603293127,62.06796860042122
3.662828400003491,28.67683160721135,60.796892980437285,61.96164173379363
3.693039099998714,29.144302347776293,61.34758541706432,62.27696125214735
3.712521800000104,29.592578423871462,61.173488905891354,62.24311400153022
3.7448680000015884,28.99580632863134,60.993709492947005,62.23675181090355
3.777817200003483,29.05811320754717,60.65452830188679,61.25150943396226
3.85697230000369,29.288782358581013,60.96951102588686,62.086289549376794
3.8878598000010243,29.12989493791786,60.74555873925502,61.78567335243553
3.9214665000035893,29.12019873877317,60.85400343970954,61.75578062296962
3.9395789000045625,29.12118320610687,60.84484732824428,61.57385496183206
3.969147800002247,29.209723546234507,60.59008579599618,61.828217349857006
3.984642800001893,28.90057142857143,60.80990476190476,61.440380952380956
4.016523600002984,28.965063001145477,61.223940435280646,61.54200076365025
4.050677600003837,29.17343032159265,61.82254977029097,62.21879785604901
4.083781100001943,29.28377083732516,61.598582103851314,62.06802069361947
4.113042600001791,28.915530812056055,61.498368208869266,61.86254559416395
4.144681900004798,28.883969465648853,61.54293893129771,61.96965648854962
4.193117300004815,28.749905195297686,60.991467576791806,61.528441410693965
4.224762900004862,28.88401670463174,60.84320425208808,61.71013667425969
4.255954899999779,29.031694818751184,60.938128677168336,61.777756690074014
4.290692300004594,29.684870706291008,60.758973369355466,62.57313778463914
4.32204400000046,29.35467227211924,60.61532581693101,61.9656029046436
4.354947400002857,28.995457126632594,61.04902517508991,61.5565019875071
4.386304300001939,29.362338156892612,61.942878903274945,61.75552170601676
4.418554100004258,29.20818982013012,62.230003827018756,61.79946421737467
4.450548799999524,29.3690749235474,61.81135321100918,62.073203363914374
4.497283500000776,29.119325799655236,61.654089254932,62.2790653131584
4.529502000004868,28.94706778370145,61.43716679360244,61.71972581873572
4.56310559999838,29.02522453659469,61.117523409134336,62.036308045098416
4.59502269999939,29.060914681014605,60.578977709454264,61.94485011529593
4.627226399999927,29.319976883066847,60.3779618570603,61.9984588711231
4.656216800001857,28.639687678537424,60.3134641020758,61.55875071414969
4.689189800003078,29.028252931001344,60.83740149913511,62.3592158370171
4.72240679999959,29.08588484498363,60.87444637011362,62.42229924898902
4.7534893000047305,28.688227437511923,61.18011829803472,61.53119633657699
4.7855288999999175,28.698160696999032,61.01471442400775,62.335721200387226
4.834223199999542,29.20107136024488,61.15993877941458,62.1892098718194
4.866994000003615,29.687809523809523,60.970666666666666,61.80419047619048
4.897726800001692,29.450800915331808,60.607170099160946,62.29347826086957
4.930300300002273,29.07590569292697,61.236342725704425,62.10274103891125
4.961651000005077,29.123756694720733,60.99215761285386,62.278309104820195
4.994834800003446,29.354279105628372,61.20528141865844,62.3937933693138
5.024204599998484,29.45153160139589,61.20531213648701,62.433889104303994
5.058344900004158,29.74162495186754,61.44782441278398,62.343858298036196
5.089892200005124,29.572470723747358,61.37953541946631,62.21482050297562
5.137538499999209,29.23335252350796,61.62982153137593,62.087890999808096
5.170407300000079,29.542824074074073,61.49266975308642,62.2505787037037
5.2027432000031695,29.794459511817127,61.67202634637737,62.57477721813251
5.236216800003604,30.183586153247763,61.38311940879036,63.012057565149746
5.2671088999995845,30.25649980597594,61.73961971284439,60.61447419480015
5.298164899999392,29.871607314725697,60.90240615976901,61.89085659287777
5.330318200001784,29.33475067645922,61.26323927328952,62.47448782373405
5.364274500003376,29.225869480265732,61.87377881985151,62.61684251660805
5.395045100005518,29.821963722397477,62.3125,61.58379337539432
5.426411899999948,30.283275126115637,61.41831587116802,60.88960031043849
5.47394450000138,30.27133608004709,62.123602118893466,60.93643319599765
5.503967199998442,30.616336147653644,62.43707048890634,61.43923031612017
5.537616000001435,29.866705358870185,61.50667440510737,60.70903462952215
5.569968900003005,29.787451737451736,61.317567567567565,62.58513513513513
5.605294699998922,29.261062801932365,61.184347826086956,62.36173913043478
5.638347300002351,29.404642166344292,61.45377176015474,62.40870406189555
5.669321800000034,30.33948836314676,62.21427197537988,62.89863435276015
5.702698100001726,29.331207801950487,61.2828207051763,61.82295573893474
5.730071400001179,28.883092155369383,61.27875095201828,62.44059405940594
5.76465029999963,28.94048985840031,61.18503635667815,62.20206659012629
5.8084514000001946,29.54019230769231,61.620576923076925,62.82903846153846
5.843085300002713,30.037822349570202,61.805921680993315,63.180897803247376
5.8752899000028265,30.51955848179706,62.536793183578624,63.73412083656081
5.906486300002143,30.188088376560998,62.31431316042267,63.364265129683
5.938895200000843,30.43101132220303,62.6777969679524,63.89637305699481
5.970721199999389,30.374207188160675,62.36921007111282,63.930424754949065
6.001843199999712,30.54885931558935,62.77072243346007,63.295817490494294
6.035401500004809,30.28382268278641,62.08885050853962,63.807330646708884
6.067602800001623,30.635217723453017,61.822956455309395,63.632543926661576
6.112890000003972,30.510992162110497,61.49569871917416,63.47390556298987
6.146909800001595,30.689396849788707,61.53611217825586,63.83230887437572
6.17715920000046,30.744591231093242,61.22420065096688,63.35669155657668
6.200689400000556,30.40577478344562,61.62579403272377,63.24966313763234
6.2431090000027325,30.21898094126799,62.46207701283547,63.5097238428627
6.273414900002535,30.554125219426567,63.13224107665302,63.602496586697875
6.305184700002428,29.55686198920586,62.13338473400154,63.07902852737085
6.336799900003825,30.170959740507534,62.46040831902309,62.663995420721236
6.371772600003169,30.143299168439373,62.832334171340165,63.59427576871011
6.404017600005318,29.71679344645992,62.50984981470646,63.52642871074703
6.452669199999946,30.28646441073512,62.803578374173476,63.51653053286659
6.480094900005497,30.04706112087483,62.76469439562586,63.247607889084165
6.515144199998758,30.301768172888014,63.02514734774066,63.5328094302554
6.535137200000463,29.93802872319496,62.46271886681093,63.31024985244934
6.561972499999683,29.358550039401106,62.039401103230894,63.434003152088266
6.591022699998575,29.53005678480517,62.382220481691796,62.967495594282354
6.644275700004073,29.55268389662028,62.64373757455269,63.790258449304176
6.673868099998799,29.444532019704436,62.628177339901484,63.56709359605912
6.70401810000476,29.790277777777778,62.3875,63.739285714285714
6.7536559000000125,29.631361760660248,62.46787188052663,63.0499115739831
6.787557100004051,29.389328063241106,62.52094861660079,62.90177865612648
6.818334000003233,29.873563218390807,62.64288545382482,63.70214030915577
6.841107700005523,30.367635350318473,62.460390127388536,63.87539808917198
6.873115499998676,30.581774771189814,62.433943493832075,64.02447274174294
6.90323029999854,30.456395928956297,62.92117341847935,64.32288964278588
6.933812200004468,30.453093812375247,62.8441117764471,64.3814371257485
6.966572700002871,30.639094732625676,62.95053074304026,64.02964149809733
6.992567500004952,30.679086538461537,63.173277243589745,64.08553685897435
7.043476300001203,29.83608870967742,63.191733870967745,64.29375
7.089308499998879,30.874020494273662,62.91782198111312,64.85171790235081
7.121347500004049,30.604120379721266,63.60169662694405,64.7677236921834
7.152746500003559,30.445695897023327,63.163314561544645,64.13877715205149
7.176667700005055,30.305896558663715,63.105453813644594,63.81686456027369
7.189717799999926,30.497357723577235,63.30833333333333,64.86422764227642
7.219742599998426,30.176647909967844,63.50683279742765,64.73211414790997
7.251646400000027,29.90921704658077,62.482061446977205,63.269970267591674
7.281653500001994,30.404919953143303,62.011128465443186,63.1772745021476
7.315091900003608,30.12574966144322,62.572451151093055,62.8945637454053
7.347470100001374,30.034569819382405,62.53952223732764,63.29869877646145
7.378855200004182,29.935074913561277,63.55339992316558,62.98540145985402
7.457899799999723,29.788600429435878,62.45168846379075,63.86667967987508
7.480914700005087,29.90257209664848,62.56001558846454,63.858729540140295
7.510880300003919,29.86609575710393,63.07201245620864,63.629038536395484
7.5445537000050535,29.740827478532395,63.318696330991415,63.67505854800937
7.5726715000055265,29.95156584322116,63.53666601828438,63.76269208325228
7.605597300003865,30.303342401865525,62.64302370773416,63.37660318694131
7.637386400005198,30.337273443656425,62.25630417651695,63.50610717100079
7.666912400003639,30.067330210772834,63.42896174863388,63.09543325526932
7.696099500004493,30.025044022696143,62.794365094893365,63.64879671297202
7.729729200000293,30.52104442712393,62.876266562743574,62.90822291504287
7.764036900000065,30.278243902439026,62.96312195121951,63.61834146341464
7.7949227999997674,30.442887721346565,63.07939287799183,63.595446584938706
7.824736900001881,29.763041385948025,62.357651588065444,62.88123195380173
7.857161100000667,29.90949612403101,62.58488372093023,62.73236434108527
7.890666600003897,30.171383954714035,62.36053093890299,62.88971305875464
7.9210128000049735,29.585537918871253,62.82324123064864,63.069566921418776
7.952422599999409,29.661179698216735,62.64609053497942,62.95963158926122
7.9875983000019914,29.551203022469675,62.39371644462119,63.25949492940942
8.018054400003166,30.211433046202036,61.801683633516056,63.194009397024274
8.069329000005382,29.156410256410254,61.74457593688363,63.52307692307692
8.098523699998623,29.430997038499505,61.198223099703846,63.28667324777887
8.129147700004978,29.16311363191864,61.806375904557015,62.28339526696656
8.160539500000596,29.29015544041451,62.04005579912316,63.169390195296934
8.192093099998601,30.076467101363367,62.24619640387275,63.08318514127643
8.22451230000297,29.25149700598802,61.65848947266757,61.60846049835812
8.257131900005334,29.490795142969056,61.78006267136702,62.38719153936545
8.288392100002966,29.201680672268907,61.61794019933554,62.29138166894665
8.321187300003658,29.272498548480744,61.114186181536674,62.02032126959551
8.37098700000206,28.848893166506254,60.99384023099134,61.54436958614052
8.403528399998322,29.57717992749475,61.30146918526999,62.12135088723526
8.435070200001064,30.10901749663526,61.66179580849836,61.781388194577964
8.469681800001126,29.876149481510467,61.421639600860885,62.473879866953624
8.4987770000007,30.915909988156336,61.55744176865377,63.00375049348598
8.531366900002467,30.855250148309278,62.415661459363264,63.06921099466087
8.561978600002476,30.856245090337787,62.206598586017286,62.93381775333857
8.59330079999927,30.7347572815534,61.38233009708738,62.57669902912622
8.625171300001966,29.996718780158268,61.2777456089558,61.87569967187801
8.655758799999603,30.43419267299864,61.158945532079855,62.140143438650895
8.704690300000948,29.814973679079742,61.64729966855137,62.41762526808344
8.737994800001616,29.708128321196615,61.86636488880142,62.46782129502067
8.771291299999575,29.803444180522565,62.39746634996041,62.578186856690415
8.802562100005161,30.049990198000394,62.02862183885513,62.41089982356401
8.835472999999183,30.286249753403037,62.04754389425922,63.02939435786151
8.868187500003842,30.60243806527723,62.94455367675973,62.77939441604404
8.902292500002659,30.597879442371884,62.204005497742,62.84174356960534
8.927445400004217,30.525014714537964,61.773003727682955,62.764371198744364
8.962754799998947,30.901565557729942,60.67142857142857,62.82954990215264
8.994610500005365,31.016138440598873,60.78495041804395,62.950612482986585
9.043506699999853,30.2451399688958,61.555987558320375,62.561625194401245
9.073425800001132,29.115082482325217,61.701492537313435,62.55832678711705
9.107071200000064,29.434985422740525,61.627793974732754,62.16559766763849
9.13691850000032,28.666799363057326,61.68332006369427,63.0015923566879
9.169957500002056,29.114240693322827,61.43628126846563,62.336813078589714
9.20363680000446,28.8407521105142,60.76726784343822,61.849194167306216
9.234346000004734,29.18242983467897,60.878316032295274,61.976355247981544
9.270057800000359,28.873934934159568,61.36192873741286,62.0222695584818
9.298658500003512,29.074735190270694,61.57787367595135,63.02491173009023
9.346017100004246,28.444551964389394,60.902651441842465,62.15192568221405
9.378557800002454,28.918801734331886,61.426290894757585,62.63559322033898
9.408022700001311,28.34916864608076,61.451504354711005,62.662707838479804
9.441710300001432,29.122569239835002,61.41052838342173,62.628363779218226
9.474417000004905,29.250875827170102,61.27462047489295,62.06948228882833
9.50472560000344,29.208795485503018,60.90484530064215,62.201206460400854
9.53741109999828,28.95562939796716,61.314503518373726,62.495113369820174
9.571867899998324,28.62355703384856,61.65544903150068,62.234396399921735
9.607572400003846,28.324170430001963,61.08501865305321,62.41390143333988
9.636597199998505,28.959295499021525,60.94735812133072,62.592367906066535
9.687142800001311,28.827085377821394,61.21844946025515,62.53581943081453
9.713554800000566,28.892800944138475,61.06038552321007,62.48957513768686
9.745865199998661,28.226953125,61.424414062500006,62.121679687500006
9.772343900003762,28.557245952798908,61.61966062024576,62.27072362005072
9.804184100001294,28.52446870735036,61.57145642425424,62.240982647689606
9.842623000004096,28.975063813076773,61.35892401335166,62.32004712350285
9.87522120000358,28.644817374136228,60.551628825271465,62.9670286278381
9.905432100000326,28.58133544680008,60.59758272240935,62.76025361600951
9.938356700004078,28.76099764336214,61.470542026708564,62.68558523173606
9.988094300002558,28.256695992179864,61.28523949169111,62.50361681329423
10.019060700004047,28.703180212014136,61.30683156654888,62.70808794660385
10.04886930000066,28.80890609874153,61.32991287512101,62.106873184898355
10.075298100004147,28.48377638780297,61.14288506645817,62.32935887412041
10.092896599999222,28.232539992196646,61.251658213031604,62.53940694498635
10.122583200005465,28.701174168297456,61.599412915851275,62.58003913894325
10.153686900004686,29.17538105344395,60.815164962377004,61.923403434304454
10.180689300002996,28.096962616822427,60.75817757009346,62.36993769470405
10.242557199999283,28.521849892220263,60.74172055653537,62.53517538702724
10.274649899998622,28.74191663420335,60.86988702765875,62.23821581612778
10.322539300002973,28.559498137620075,61.51519309939228,62.377769064889236
10.353064599999925,28.057549746390947,61.194303550526726,61.771361685524774
10.386769800003094,28.310115437292115,61.005674036392094,62.6198395617296
10.41138260000298,28.36785223030065,61.169974454706235,62.83867164472392
10.427715500001796,28.49960645415191,61.54151908697363,62.69716646989374
10.457176000003528,28.553398058252426,61.521299782048736,62.64295621161085
10.485972900001798,28.868625924484235,61.102179836512256,62.02822109770338
10.513036900003499,28.753864214439442,61.225591860692624,62.1751125024457
10.545355200003542,28.45515342250197,61.25904799370574,62.507474429583006
10.5769020000007,28.7203057624461,61.24598196785574,62.53155625245002
10.657056299998658,29.416921898928027,60.73736600306279,62.14988514548239
10.690133500000229,28.800115874855155,60.95558130552337,62.269022788721514
10.718698900003801,28.870736434108526,61.03003875968992,62.35329457364341
10.747244700003648,29.20577967416602,60.897207137315746,62.38906128782001
10.765115100002731,28.991250243048807,60.77464514874587,62.29360295547346
10.793251499999315,29.571232069168797,61.433483985065834,62.60345843977206
10.818934000002628,29.257970451010888,61.321150855365474,62.32406687402799
10.849608800002898,29.647911832946637,61.41067285382831,62.59957463263728
10.88395760000276,29.321582452017232,61.345671758715234,62.64179396788092
10.913394499999413,29.09307737056428,61.721155710684506,62.29687802986232
10.962461300005089,29.00510003923107,60.824833267948215,62.481169085916044
10.992815099998552,28.52242540904716,60.862752646775746,61.54802694898941
11.026305800005503,28.489589414282936,61.23740027242654,61.8013232146332
11.0576516000001,28.44060854300761,61.1494051102009,61.81880241856837
11.088537900002848,28.302500992457322,61.42536720921,61.660976578007144
11.121110100000806,29.187266653566518,61.043230497150724,61.73766948319906
11.15526680000039,29.28876582278481,61.929193037974684,61.80537974683544
11.185817600002338,29.28106805862277,62.152178277454325,62.35374422806665
11.220243399999163,29.632287897064735,62.3194611982308,62.11982308001608
11.25092840000434,30.205781281584798,61.96179502728926,62.53588033151404
11.297203800000716,30.812962962962963,63.11893004115226,63.135185185185186
11.33043909999833,30.399234179766225,63.019750100765826,62.45929060862556
11.363033200002974,30.912542920622094,63.32094526358311,62.74853564936376
11.39408579999872,30.288540807914263,63.20981038746908,63.23845836768343
11.426901500002714,30.25249847032429,62.818070569039364,62.515398735468075
11.45873389999906,29.6560327198364,63.00490797546012,62.80245398773006
11.489338400002453,29.638093289689035,62.8426759410802,62.8819558101473
11.522673999999824,29.359860883797054,62.396685761047465,62.541325695581016
11.553750899998704,28.86530612244898,62.56469387755102,62.42183673469388
11.604249700001674,28.806924643584523,62.168228105906316,62.88655804480652
11.635944699999527,28.897673460984144,62.414659254683954,63.03973646283714
11.669248700003664,29.109648220530755,61.77165192347253,63.05184118494137
11.697364200001175,29.232113486842103,63.14473684210526,63.12685032894736
11.73051470000064,29.26192434210526,62.72162828947368,63.26829769736842
11.762520500000392,29.69237234713175,63.098970371926875,63.84828745534776
11.79309849999845,28.530064948669597,62.56316781898177,63.28493609888958
11.824920800005202,29.310315789473687,63.15726315789474,63.76863157894737
11.857586099999025,29.185247275775357,63.44153394803018,63.02598491198659
11.889364900001965,29.50403810312694,62.88589770138745,62.27914682128805
11.937216900005296,28.82079002079002,62.58274428274429,62.77151767151768
11.973120200003905,28.48987184787102,62.4665150888797,62.764985531211245
12.00442280000425,29.240508926739174,62.54483890827006,62.619331007592855
12.03540829999838,28.889896907216496,62.066185567010315,62.808453608247426
12.070032600000559,29.29332782482958,62.261309646767195,62.54864697376575
12.096646099998907,29.889254160673925,62.55434559276762,62.43147729607561
12.129370100003143,29.87507692307692,62.75405128205128,62.838974358974355
12.160234200004197,29.54681417742266,61.87379635320631,62.678139725466096
12.192556699999841,29.986216827813205,61.97305081259,62.74285126517177
12.223674100001517,30.40680382970055,62.47015685475657,63.106946424933795
12.27476060000481,29.875840978593274,62.53537206931703,62.091743119266056
12.306065500000841,30.269614835948644,62.224984715712246,62.156307316079065
12.337765000003856,30.092307692307692,62.66297435897435,62.253743589743586
12.371426400000928,29.37184265010352,62.72339544513458,62.9703933747412
12.40206760000001,29.33601014370245,62.416737109044796,62.99661876584953
12.435611300003075,29.2691905459109,63.40828278602803,63.35013595482117
12.46812399999908,29.284857261067437,63.019238725693,62.58088539511791
12.496838200000639,29.94956231763235,63.34722801167153,62.95268862025844
12.529782300000079,30.0,62.664589823468326,63.013914849428865
12.576722700003302,28.987984255230995,62.20799668531179,62.364822871348665
12.610415300005116,29.347121180627727,62.32321762627312,62.29765121596341
12.640542200002528,28.720532319391634,62.93493874102239,63.68272074355725
12.674525700000231,29.22240802675585,62.48892140468227,63.42098662207358
12.706731600002968,29.085216670122332,62.11756168359942,62.65063238648145
12.737714900002175,28.734216518319187,61.68391637342165,61.82757193127717
12.769597800004703,29.136739760033098,61.699834505585436,62.573851882498964
12.804424200003268,29.081148048730125,62.61036547594466,62.64216394796613
12.836423699998704,28.945004198152812,62.38623005877414,63.20025188916876
12.869326899999578,28.820904901550062,62.25366568914956,62.94365312107247
12.91525470000488,28.98170731707317,62.53406223717409,63.176619007569386
12.94584990000294,29.077455919395465,63.511544920235096,63.20906801007556
12.977995200002624,29.485834207764952,63.97817418677859,63.185309548793285
13.00475980000192,30.14625850340136,63.06122448979592,63.98490646258503
13.043133500003023,29.76848941965221,62.45652629373559,63.00838047349675
13.073394500002905,28.97688338493292,62.240454076367385,62.476160990712074
13.105452399999194,29.588624612202686,62.712926577042396,62.94105480868666
13.136281800005236,30.04056836902801,62.60317133443163,62.843080724876444
13.16848459999892,29.3476821192053,63.886382450331126,62.93977649006622
13.218155400005344,29.368911917098444,63.86901554404145,63.04476683937824
13.251797700002498,29.3507493755204,62.92360532889259,63.38676103247294
13.284428500002832,29.807396634115936,62.74111780594224,63.00394764180345
13.30827539999882,30.023690773067333,62.85619285120532,62.9283042394015
13.324288700001489,29.84107179382287,62.31969727960728,62.738596850071595
13.353566400001,29.60952777199917,62.321614312460994,63.569169960474305
13.37664439999935,29.64223602484472,61.97763975155279,63.320496894409935
13.443288499998744,29.405884808013358,62.63313856427379,62.92508347245409
13.472774599998957,29.4201244813278,62.397925311203316,62.68692946058091
13.5034885999994,28.81679703581721,61.618567311650885,62.26039522437217
13.554979400003504,28.53988752343262,63.11435117683816,63.09977088106645
13.587715200003004,28.120696806304437,63.03090004147656,62.54043965159684
13.618826800004172,27.956297670583382,62.674087816944954,62.608534322820034
13.645502800005488,28.069214876033058,62.84648760330578,62.19731404958677
13.6746534000049,28.826723611958514,61.809233272320526,61.74069554606468
13.689911200002825,28.78175828700844,61.64216594605723,62.83343627753757
13.720586600000388,28.787326568647753,62.00517705529095,62.670325119072274
13.75047700000141,27.875154004106776,62.4482546201232,61.60308008213552
13.77825920000032,28.375337908088998,62.96215429403202,62.37305053025577
13.844015400005446,28.806886538062642,62.9477286869944,62.80419000207426
13.89029440000013,28.620501415285077,61.87525272947836,62.083097452486854
13.92273969999951,28.358636086868277,61.241526283742644,61.62451796224883
13.951357700003427,28.43956936827138,61.4038188096689,61.61649400771887
13.980326600001717,28.3409876041455,61.50071123755335,61.94167852062589
14.011560999999347,28.34963325183374,62.0839445802771,61.793398533007334
14.041801899998973,28.530894812977888,62.037197768133915,62.57036577805332
14.07427760000428,28.023399014778324,62.016625615763544,61.9696223316913
14.104333499999484,27.898645876077143,62.14649158801805,61.7129667624128
14.134323400001449,30.651196670135278,62.64037460978148,63.2372528616025
14.166689300000144,32.07956448911223,63.039363484087104,63.76528475711893
14.193124900004477,32.007016797788644,63.56793536040825,64.60684669359982
14.25717799999984,33.05406546990496,64.13262935586062,64.36620908130939
14.285016200003156,33.064338624338625,64.09079365079366,64.52338624338624
14.313280800000939,31.849421661409043,63.349526813880125,63.494216614090426
14.327996200001508,32.13876001687052,63.09236609025727,63.78616617460987
14.356548499999917,32.36939913276895,62.727441668387364,62.86578567003923
14.384887100000924,31.13003928054579,62.24250568534215,63.06243539383915
14.417868399999861,30.689995883079458,62.06957595718403,62.269864141622065
14.449660199999926,34.702953935137366,64.52799008469324,64.43875232390002
14.484896000001754,47.19452509332227,71.45956034840314,69.9651596847781
14.530746200005524,57.29912083418524,75.51973011654059,73.6485381312615
14.563745300001756,59.05122448979592,76.22204081632654,75.52428571428571
14.593955100004678,59.05760557605576,76.64288642886429,76.38355883558835
14.627911399998993,57.36692977130136,76.72819267354787,74.1123254401943
14.657337700002245,50.228699551569505,72.59335507541786,70.89135752140237
14.689767000003485,38.2573063560188,67.08440629470672,65.59370529327612
14.721605899998394,30.659067357512953,64.28725388601036,63.33471502590674
14.754408100001456,30.160988782717073,63.6418778562526,63.335064395513086
14.784400500000629,30.62155335718796,63.575668280362024,63.325826141864866
14.832112299998698,30.403125669021623,64.01113251980304,64.18968101049026
14.869953300003544,31.602742616033755,64.06286919831224,63.948734177215194
14.90278880000551,31.854144805876178,64.17775445960126,63.68352570828961
14.928021600004286,31.83049062960623,64.18972415245315,63.996209728363866
14.964493300001777,31.94654553137545,64.05768011831819,64.16353264314388
14.993681100000686,31.895057833859095,63.9596214511041,63.487907465825444
15.025255500004278,31.692549183758896,64.29635830891587,63.21724570950188
15.062019000004511,31.645039765592298,63.19443281707828,62.96065299288405
15.087847300004796,32.41312019929417,63.1884990658086,62.84679260950799
15.123427700003958,32.0986632718014,63.49267982176957,63.74177806068322
15.168550499998673,32.30391951372878,63.690840494655205,63.30098511842381
15.201337800004694,32.376733595528876,63.012833781825705,63.453529290002066
15.234850100001495,32.149001222992254,62.24582144313086,62.03872808805544
15.27026399999886,31.79606583701325,62.74588518667202,62.52709755118427
15.30305750000116,31.46488227007446,62.90420607768162,61.93137452203663
15.33072119999997,31.27415819884439,62.845586770272966,61.71408647140865
15.363813700001629,31.031906300484653,63.30149434571891,61.68558158319871
15.393468400005077,30.56445430704055,62.7008271131733,61.90276376840831
15.425381799999741,30.722565226050587,62.50049790878311,61.30013941445927
15.456173300000955,30.74732249107497,62.17572391907973,61.966679888932966
15.50485760000447,30.141259564449676,61.53874828330391,61.12831077104179
15.53652790000342,30.505090054815973,61.878034455755675,61.021534847298355
15.56971799999883,31.138732803720206,61.156558806432855,61.48827746560744
15.602575500000967,31.033585055643883,62.04511128775835,62.110294117647065
15.63391760000377,30.585020640849226,60.922154511499905,61.65893453902104
15.67113750000135,30.752991956052583,60.79007259172062,61.509515401216404
15.697012299999187,30.45643234775798,60.7000195809673,61.60250636381437
15.728270400002657,30.54826780848579,61.025496302063054,61.76994939665239
15.762924200003908,30.396498653328205,60.758368603308966,61.51000384763371
15.81136140000308,30.516965678627145,61.4594383775351,61.56727769110765
15.842056200002844,30.251365054602186,60.50370514820593,61.63689547581904
15.873525800001516,30.49902799377916,60.760303265940905,61.6899300155521
15.907190000005357,30.062853796603555,60.80733944954129,62.162990435291825
15.937991899998451,29.834621329211746,60.60683925811437,61.683925811437405
15.970770799998718,29.84201321414691,60.67780800621842,61.636610959968905
16.002747099999397,29.742029548989112,60.637830482115085,61.96345256609642
16.033666100003757,29.998227648680583,60.88893265064986,62.37652619141394
16.06856840000546,30.431145935357492,60.964152791381,61.71929480901077
16.096351100000902,30.14564623194065,62.07750878563061,62.03846153846154
16.145805300002394,30.445104426135277,61.21402567541675,61.53650124544932
16.17625290000433,30.662828631740545,61.25465361734791,61.73575129533678
16.21019620000152,29.7343902916422,62.20493247210805,62.070268154237624
16.24137100000371,30.029917872506843,62.38678138443488,62.3111067657411
16.272578200005228,29.56787242318164,61.6441073512252,62.07876312718786
16.305982400001085,30.31087678187854,61.32493653583285,62.08142940831869
16.338177700003143,31.166794773251347,61.10165257494235,61.67544196771714
16.3731884000008,31.257989540964555,61.50629478985086,62.0840596552392
16.405403199998545,30.854311008468052,61.93552732871439,61.55196304849884
16.44951289999881,30.637767908862717,61.5862135547403,61.55744352191543
16.4848398000031,30.190847127555987,60.6952288218111,61.70223953261928
16.51433890000044,31.046616837136114,61.892997639653814,62.53147128245476
16.541707500000484,31.101857282502444,61.4772238514174,62.22717497556207
16.572170200000983,30.99825648973266,61.06431615652848,61.245834947694696
16.60325290000037,31.709233416172818,61.26209137832154,61.85146243548079
16.640350500005297,31.08664828672706,61.939740055139815,62.1463174478141
16.672552200005157,31.685646966424507,61.50873748281956,62.25741213430199
16.70346110000537,31.158846153846152,60.88057692307692,61.99730769230769
16.73700639999879,31.350424055512722,60.89572089437162,61.8793369313801
16.785624100004497,30.837671100828995,60.4937343358396,61.394062078272604
16.819887199999357,30.300387596899224,60.17015503875969,61.532558139534885
16.851105000001553,29.61439588688946,62.077714059719206,62.015819655922485
16.875599400002102,30.06904714933912,62.03748273821267,62.39356875123298
16.890453899999557,30.207830729681632,61.04666798497133,62.644255487443154
16.92074760000105,29.754417311892,61.543974588048435,62.65872543180464
16.94993020000402,29.165046617734575,60.86074191628645,62.31243800833168
16.98085500000161,29.626312660986724,62.13195957994848,62.87041807014067
17.043450199998915,29.91052940027349,60.5546005079117,62.53975385817542
17.074583599998732,29.498011137629277,61.85560859188544,63.087509944311854
17.121812299999874,29.84574363025874,61.36460596484298,62.54058858384357
17.154022400005488,29.277954635893355,61.44906486271389,63.066653402308
17.175786300002073,29.23213219191718,61.64662552259606,63.17897670714712
17.19129729999986,29.702055477948516,61.78746757134305,62.861105567750954
17.219110400001227,30.158123028391167,61.11533911671924,62.930796529968454
17.250419500000135,29.06768256481298,61.35404710073224,61.938254502275875
17.284198500005004,29.83196310407058,60.46280328855023,62.89673150190495
17.31262440000137,29.294995093228657,60.492639842983316,61.753680078508346
17.347080200001074,30.05220721628704,61.681314251159044,62.549485990727675
17.376536299998406,29.82233704292528,61.120429252782195,62.008744038155804
17.458415600005537,29.872828907965662,60.79716510281493,61.669594729486924
17.48882980000053,29.656686222941534,61.31539550880032,62.112886910782926
17.520085900003323,29.344245832496483,62.00863627234384,61.89355292227355
17.545018299999356,29.026696555940493,61.98349296922763,62.2965151823925
17.57590770000388,29.508302956662618,62.02328878088295,62.276427703523694
17.591476599998714,28.9547456948338,61.83179815778934,62.02302763315979
17.620693500000925,30.088485087892554,61.02370136282837,61.621568240173815
17.649721699999645,29.498288016112788,60.917019133937565,61.71158106747231
17.68679740000516,30.014602920584117,61.374074814962995,61.41888377675535
17.71383269999933,30.05152365677626,61.287089013632716,61.65757818765036
17.761812100005045,30.27846060850292,61.201491033649006,62.1517227483377
17.793351600004826,29.73641250248855,61.373681067091375,61.60999402747362
17.824917900004948,29.541490857946556,61.71729957805908,61.92384970865984
17.857189900001686,29.350933547480427,61.67456334069464,61.515358361774744
17.890714100001787,29.735560474944656,61.929160796941034,61.467095995170055
17.922642199999245,29.947707160096538,60.73230088495575,61.96259050683829
17.954969500002335,29.394886363636367,60.856331168831176,62.05560064935065
17.984046800003853,29.56983805668016,61.31315789473684,61.84514170040485
18.020092899998417,30.002373417721518,60.81131329113924,60.40011867088607
18.068633300004876,29.512263771612385,60.74487334137515,61.42822677925211
18.095444400001725,29.46749349869974,60.21164232846569,61.3380676135227
18.13057330000447,29.810810810810814,61.00139109697933,60.888513513513516
18.159508700002334,29.057273087594137,61.61593341260404,61.33412604042807
18.193738699999813,29.480615507593924,61.8790967226219,61.954036770583535
18.22512590000406,29.8717845659164,61.03114951768489,61.92343247588424
18.257472000004782,29.209269662921347,61.47411717495987,62.27628410914928
18.288757400005125,29.741651669666066,61.29714057188562,61.9746050789842
18.321303600001556,29.468806059398048,61.2246362367949,61.848315726529805
18.35305750000407,29.777180406212665,61.93986459577857,61.8436877737953
18.405239200001233,29.8707034372502,61.85771382893685,62.60051958433253
18.438129100002698,28.85281124497992,61.47269076305221,62.44136546184739
18.468198000002303,28.69611378205128,61.314503205128204,62.4697516025641
18.497863100004906,29.177194752774977,61.41271442986882,62.87507568113017
18.528043099999195,28.68131425115904,61.58093126385809,62.65349727877444
18.561519599999883,29.358027156549518,61.09205271565495,62.0780750798722
18.59398940000392,29.351921927902808,61.092611033658635,61.68810993825931
18.627452300002915,29.172832140015913,61.28639618138425,61.85361972951472
18.65634410000348,29.305450941526264,61.15797819623389,61.69613478691774
18.70425090000208,28.46591594610899,61.809772772974064,61.60989342449226
18.739145700004883,28.85093419983753,61.98070674248578,61.928716490658
18.768503899998905,29.377293110476966,62.38585405625764,61.683652670199756
18.805875600002764,28.816500711237552,61.76447876447877,61.71489534647429
18.836791200003063,29.76492008901477,61.498482702812055,61.515881043900464
18.868343200003437,29.67079207920792,61.40037128712871,61.722772277227726
18.897223899999517,30.277981277981276,61.91147741147741,61.42063492063492
18.929690100005246,30.09292846953332,61.16670063175056,61.94640309761565
18.960998499998823,29.919740150880134,61.748113998323554,62.967309304274934
18.99340669999947,30.420691090757703,61.1781848459617,61.734388009991676
19.04320369999914,30.351488283723878,62.17479417352755,62.973400886637116
19.07319450000068,30.119811724433035,62.05669661959777,63.7214377406932
19.104172200000903,30.749418481708606,61.339606682173816,63.72827236202156
19.138519899999665,30.694102938112106,61.702021254428004,62.976036674307146
19.1712897000034,29.998950682056662,61.41511017838405,63.25120671563484
19.202918100003444,30.353552492046656,62.145917285259806,63.90243902439024
19.234003700003086,29.86685308668531,61.48483544848355,64.16992901699291
19.27129050000076,30.375158965663417,61.476685036032215,62.778295888088174
19.30210259999876,29.640949554896142,61.452734209410764,63.249894022891056
19.33033080000314,30.30793517154283,61.73689749526415,62.51589139128604
19.38099950000469,30.06644518272425,61.82599667774087,62.325789036544855
19.410681000001205,30.428841309823678,62.22418136020151,63.157850545759864
19.441159699999844,30.388237756383425,61.887400586019254,62.935328589367934
19.47342539999954,30.489294710327457,62.286104114189754,62.996221662468514
19.5067113000041,30.045550847457626,61.64872881355932,63.474576271186436
19.536517400003504,30.667721518987342,61.92426160337553,63.28122362869198
19.572467099998903,30.68859741908187,61.72540723503279,63.42415908610112
19.605813200003468,30.830554969402826,61.7294787929943,63.05401983540831
19.636994600004982,31.19404560810811,62.052576013513516,64.03315033783784
19.68011800000386,30.23611400041606,61.2868733097566,62.55127938423133
19.713283500001126,30.064041450777204,60.8860103626943,62.48849740932643
19.744666300000972,29.518133659331703,60.483496332518335,61.47290138549307
19.77280520000204,29.21871178149205,60.974724826742765,61.34162250305748
19.802758300000278,29.952448401456902,61.11999190611089,61.24666127074059
19.841649599999073,30.102803738317757,61.16497358797237,61.10056887444128
19.874074100000144,29.4351191688735,61.516398451823186,60.85170095742514
19.905201800000214,29.369617224880383,60.311004784689,60.749800637958536
19.937701200004085,29.470915227317846,59.901131625967835,60.75223347230494
19.969416200001433,29.070493454179253,60.55448136958711,61.095669687814706
20.018632300001627,29.394326807830602,60.35637235317619,61.135836995605274
20.04975750000449,29.32625675946325,60.22892048868416,61.13178449829762
20.084360699998797,29.445005045408678,61.31039354187689,61.48335015136226
20.106508100005158,29.318181818181817,61.658181818181816,61.492525252525255
20.137042200003634,29.443457667258734,60.516676534438524,60.9808565225972
20.167516599998635,29.502595846645367,61.70247603833865,61.47364217252396
20.200972600003297,29.692766295707475,60.890103338632755,61.488672496025444
20.24280120000185,29.180558345049207,61.53866238200442,61.31331592689295
20.27539909999905,29.546126198083066,60.9944089456869,61.58726038338658
20.323031100000662,29.326506024096386,60.96244979919679,61.325903614457836
20.353618500004814,29.151503006012025,60.65991983967936,61.20100200400802
20.386873499999638,29.17556634304207,61.111852750809064,61.17495954692557
20.413716499999282,29.350908727781107,60.96245256640703,60.80627122029159
20.444050099999004,29.373338703181638,61.8336689488522,61.193113169552966
20.470493000000715,29.105687777329567,61.883622428398546,61.60790641387656
20.486429100004898,29.228009728415078,62.049452776651805,61.513173895419534
20.51329610000539,28.858269308532144,61.28528103517994,61.33299636069551
20.545711600003415,29.1263370332997,60.86801210898083,61.35156407669021
20.57737679999991,29.223913926106373,60.63804303694681,61.82379212342671
20.657092100002046,28.451083654040918,61.23820133684424,61.09985821348997
20.689122399999178,28.453131313131312,61.28787878787879,61.47878787878788
20.72180130000197,28.615230460921843,61.505811623246494,61.62925851703407
20.746072200003255,28.615230460921843,61.505811623246494,61.62925851703407
20.776684100004786,28.81062263775612,61.20330216829123,60.94231151780386
20.80787180000334,29.096445686900957,61.034544728434504,61.22683706070287
20.837681600001815,27.870851659336264,61.416833266693324,60.66993202718913
20.86886400000367,28.675475475475476,61.358958958958965,60.97497497497498
20.906565199999022,29.634393638170977,61.28846918489066,61.31192842942346
20.93108100000245,29.235939369764658,61.60989230155564,61.46828879138412
20.960037299999385,29.41980753809142,61.77365677626303,62.013632718524455
20.993903800001135,29.421868787276342,61.461829025844935,61.51133200795229
21.058842200000072,29.26803708182185,61.963522773075375,62.01511487303507
21.081677000001946,28.890116512655684,61.35938127762153,61.84632382482925
21.111956600005215,28.769584332533974,61.06714628297362,61.74600319744204
21.126000600001134,28.73838141025641,61.05288461538461,61.72996794871795
21.15282410000509,29.592407592407593,60.445154845154846,61.757042957042955
21.183971200000087,29.04321363359708,61.24812335159262,61.97240819638872
21.219829400004528,29.305132886995334,61.045648204503955,62.1316697098803
21.2503932000036,29.282613106106716,61.16392777439643,61.94522215459526
21.302624700001616,29.172155991109314,61.061628611840774,61.60133360274803
21.330700200000138,29.098367264664383,61.1284015319492,61.832291876637775
21.36161490000086,29.674770825029892,61.01215623754484,60.94280589876445
21.39519410000503,29.72647914645975,59.8721629485936,60.511154219204656
21.426148700003978,29.56068105325678,60.557513363690354,61.94931696693724
21.4587423999983,29.9808565225972,60.33017564633906,61.568975725281234
21.488953000000038,30.264447987245916,60.729972100438424,61.71143882024711
21.521029499999713,30.02510960542049,61.35751295336788,61.1925069748904
21.553624799998943,29.794961240310077,60.62538759689922,60.18081395348837
21.584560000002966,29.663950715421304,60.79054054054055,61.42050874403816
21.633081799998763,29.828315054835493,60.74835493519441,61.504685942173474
21.668628200000967,29.534682648850463,60.39909608960503,60.79131460011791
21.696643900002528,29.213659896455596,60.497809637594585,61.45300677021107
21.728770100002293,28.542742742742742,61.24884884884885,61.30790790790791
21.76302630000282,28.562762762762762,61.200800800800806,61.35355355355355
21.794321300003503,28.82874251497006,61.08483033932136,61.148103792415164
21.824499400005152,28.5399209486166,61.03774703557312,60.96304347826087
21.85843510000268,29.445623873422793,60.55017023833367,61.60925295413579
21.890170200000284,29.59147919569978,60.240493728847305,61.529165837149115
21.939831499999855,29.92451702848038,59.72296355307707,61.74626568412667
21.970777800001088,29.740298507462686,60.592039800995025,61.518407960199
22.00264750000497,29.978574289146977,60.96435722867441,61.42310772927513
22.035286800004542,29.786458333333332,62.02063301282051,61.877003205128204
22.065745400002925,29.84710332470635,61.9364921361736,61.62532351184551
22.096506000001682,30.27145393568751,61.15506016965871,61.22391004142829
22.128457500002696,29.92524654832347,60.96804733727811,61.21479289940828
22.164650800004893,29.818700787401575,60.47814960629921,60.749015748031496
22.193972300003225,29.985882352941175,59.8813725490196,60.67509803921568
22.225297000004502,30.19603221371047,59.7631113730112,61.84443134944019
22.273865000002843,30.16650265695729,59.89273765006889,61.83546545955521
22.30562479999935,30.41591532732262,59.83947471579773,61.14523716189729
22.33800410000549,30.13091051191872,59.73446658851114,60.86127393513092
22.37022799999977,29.42696854337808,60.88639551192146,61.708675616109
22.402970000002824,29.69344820677219,60.593868964135446,61.60949709477059
22.43551860000298,29.269291964996025,61.03560063643596,61.234089101034215
22.4688857000001,29.670131947221112,61.18512594962015,61.327069172331065
22.501841800003604,29.988057324840767,61.31787420382166,61.447452229299365
22.530644600003143,29.484235574063057,61.51219512195122,60.9932579813603
22.563311600002635,29.987904025381717,61.188578227245685,61.43089430894309
22.611459400002786,30.176528599605522,61.1887573964497,61.01932938856016
22.642745500001183,30.106111885327493,60.76707147123233,61.47780211029265
22.67236150000099,30.03859857482185,61.40320665083135,61.403998416468724
22.705577900000208,30.000392618767176,60.79681978798587,61.17510797016097
22.73752339999919,29.715151515151515,60.71456500488758,60.55386119257087
22.769705800004886,29.733067729083665,61.46533864541833,61.75338645418327
22.80424199999834,30.05111947691698,60.97067564890033,61.3883495145631
22.838506700005382,29.296224588576962,61.35062923523718,60.02110358180058
22.867011599999387,29.67259083728278,61.105252764612956,61.763625592417064
22.919933100005437,29.006197520991602,61.92303078768493,61.4546181527389
22.950751700002,29.62509976057462,60.89864325618516,61.471468475658426
22.976183800004947,28.910898965791567,59.89657915672236,61.10719968178202
23.003971800004365,29.238216311363193,59.79561901036573,60.59006454136515
23.042343000000983,29.28440187646599,59.72028928850664,60.68236903831118
23.074456800000917,29.53320118929633,60.799603567888994,61.45232903865213
23.106568700000935,29.574434299325127,60.407304485907105,61.16454942437475
23.13938120000239,30.225236085995583,60.56037773759293,61.73839662447258
23.173577500005194,29.941141020490157,60.85395741261551,61.56066693451185
23.206221500004176,29.54875832828589,60.87603472642843,61.61639410458308
23.25211240000499,29.617165668662672,60.496606786427144,61.64071856287425
23.287123599999177,29.485120830836827,60.91252246854404,61.83403235470341
23.3143596000009,29.885219813009748,60.950666401432265,61.681917644718524
23.338271000000532,29.885219813009748,60.950666401432265,61.681917644718524
23.35521300000255,29.682642998027614,60.77021696252465,61.3025641025641
23.38675100000546,29.69709543568465,60.84113811499704,61.43726536257657
23.439881400001468,30.29053126837875,60.396784944128605,61.271907469123704
23.473814500001026,29.641761698780964,60.93590247738891,61.35489579237121
23.506361200001265,29.701219512195124,61.206923682140044,61.33733280881196
23.55384420000337,29.576304822385396,61.66124230998214,61.79857114506847
23.58545520000189,29.642615782150667,61.78413834227788,61.697078115682764
23.61908609999955,29.44204636290967,61.77478017585931,62.12330135891287
23.642659100005403,29.860055977608955,60.95801679328269,62.29308276689324
23.656150000002526,29.58087793144919,61.07977550611345,62.043495690519144
23.68505770000047,29.683657278857595,60.72411741372471,61.6126537088457
23.71398870000121,29.596390321301072,60.73026576755256,61.509718365727885
23.74395789999835,29.093037214885957,60.84233693477391,61.254101640656266
23.779290400001628,29.595409181636725,60.72654690618762,61.58722554890219
23.840704499998537,29.58659773314774,61.126267647643665,61.47226088685623
23.89117450000049,29.114325618515565,61.79688747007183,61.51516360734238
23.91989029999968,29.591507177033492,61.39852472089314,61.74202551834131
23.953879600005166,28.644196250498602,61.729956122856,61.65915436777024
23.977245000001858,28.47129909365559,61.65901309164149,61.98086606243706
23.993768000000273,28.39218812275807,61.26544440015943,61.57134316460741
24.017633100003877,29.127472527472527,61.83896103896104,61.88611388611388
24.04865989999962,29.306493506493506,61.84495504495504,61.828971028971026
24.084949700001744,29.284041286224692,61.78443826915442,61.384477967447395
24.113133899998502,29.562899361022364,62.07887380191693,62.05371405750798
24.144664100000227,29.14976038338658,62.40095846645367,61.86880990415335
24.178842900000745,29.58721624850657,62.482277976901635,61.47311827956989
24.25790400000551,29.541357901061488,62.402763869417186,62.194472261165636
24.291116699998383,29.85783424077435,62.69046178665053,62.09175236942932
24.31487180000113,29.92231837391829,62.617025558462466,61.95049305695311
24.328410000001895,29.335143834238583,62.84389458861396,62.05713136189902
24.353953199999523,29.904723779023218,62.350280224179336,61.62690152121697
24.38672100000258,29.76595319063813,62.39847969593919,61.720344068813766
24.41845010000543,29.898275186201488,61.58976871814974,61.32281458251666
24.449978399999964,29.686830622768742,62.32487108290361,61.62534708449028
24.48137510000379,29.625788643533124,62.09069400630915,61.22811514195583
24.529412200005027,29.64580426549731,61.59358182180586,61.33027705800279
24.562450099998387,30.06674612634088,61.46742153357171,61.2036154151768
24.594352200001595,30.003162055335967,61.288339920948616,61.40790513833992
24.625609100003203,29.88238794129314,60.79948433161444,61.328242760809204
24.65815239999938,29.643153526970956,60.925508792728714,61.33056708160443
24.690480299999763,29.506613226452906,60.90340681362726,61.37795591182365
24.71933480000007,29.54995034756703,60.91598808341609,60.9545183714002
24.753095799998846,28.996453201970446,61.462857142857146,59.8488669950739
24.786535600003845,29.090674090276394,61.63412209186717,60.54245376814476
24.820098200005305,29.455391462674488,61.05098118551487,61.26846044911997
24.866836799999874,29.76619947186675,61.5323989437335,61.43327239488117
24.90136260000145,29.910305729904838,61.89552541000202,61.897752581494224
24.93029309999838,30.18849774866967,61.11768317642243,62.03151862464183
24.960240200001863,30.0572948639247,61.51115203601392,61.439328831594025
24.99323110000114,29.88348717948718,61.31548717948718,61.63138461538461
25.026506499998504,30.002849002849,61.126577126577125,62.03032153032153
25.05514010000479,29.41403721682848,61.04692556634304,62.340614886731395
25.090048099998967,29.646311475409835,61.409631147540985,62.295081967213115
25.121945999999298,29.745675453047777,61.6583607907743,61.9079489291598
25.1687036000003,29.498046473370344,61.22928233600658,62.041126876413735
25.206276800003252,29.812653562653566,60.810196560196566,62.43734643734644
25.23810560000129,29.989589712186163,61.22310675648092,62.02898550724638
25.267522300004202,30.069885900570494,61.45863895680521,62.125916870415644
25.30395470000076,30.5092385786802,61.48223350253807,61.75939086294416
25.335319099998742,30.84962558186602,61.44646832624975,61.92005666869055
25.36141309999948,29.623014256619147,61.3938900203666,61.70264765784114
25.392359400000714,29.68460264900662,60.54884105960265,62.52690397350993
25.426235800005088,30.18917249897077,61.54816797035817,61.73301770275834
25.457522299999255,30.50664485790227,61.891228787569005,62.084440809650374
25.50558390000515,30.385696568830095,61.844150475403055,62.11678379495659
25.539056500005245,30.909673418768083,62.057461761058285,62.66308391897478
25.571636500004388,30.086820083682007,62.340585774058574,62.90523012552301
25.602164600000833,30.33705772811918,61.79702048417132,61.9085454169253
25.633693200004927,30.98258706467662,61.45771144278607,62.56944444444444
25.66797320000478,30.715057113187953,61.66438213914849,62.607061266874354
25.702291599998716,30.493733305937948,60.68111773166221,61.88945962605301
25.730671299999813,30.455048126151954,61.43825517100143,62.3874667212779
25.764212499998393,30.374382207578254,61.48558484349259,61.83978583196046
25.792395600001328,30.218794982521075,61.60456508328192,61.855233395023646
25.84122010000283,30.24428894834328,61.95781024902243,61.6838855731632
25.875156800000696,29.97401268671987,61.95395948434623,61.39594843462247
25.903976699999475,30.027719883284703,61.725719049604,62.30471029595665
25.936963700005435,29.869094693028096,61.69760665972945,62.46951092611863
25.970815200002107,29.600964562801426,61.88949465296708,62.54917173411617
26.003328999999212,30.17744955273559,61.74453921364676,62.4614104431038
26.035449200004223,30.071547420965057,61.741680532445926,62.70694675540766
26.07083799999964,30.222081753055207,62.64053940160135,63.082385166455964
26.103122799999255,30.734565308693828,62.38576228475431,62.9882402351953
26.1470277000044,29.847461139896375,61.487046632124354,62.41616580310881
26.178053600000567,29.572970728669297,61.74756072244136,62.50114178949554
26.209004500000447,29.43643539675945,61.55172413793103,62.573327793934354
26.240181200002553,29.518034170006327,61.92933980172959,62.852984602404554
26.27150260000053,29.041956567573266,61.92409867172675,62.87349778621126
26.30510890000005,29.317816335167162,61.16356326703343,63.42636479052052
26.33775610000157,29.142887205387204,61.461489898989896,63.09259259259259
26.3697084000014,29.402027027027028,61.47529560810811,63.46642736486487
26.40255690000049,29.35694765608577,61.72398570527644,62.61971830985916
26.43546320000314,29.555345117845118,61.59343434343434,62.65193602693603
26.483789199999592,29.35601432483674,61.9420686749526,63.238255740467665
26.513765499999863,29.32294080471877,62.002738571729516,62.97535285443438
26.547111600004428,29.672186836518048,61.894055201698514,63.20191082802548
26.570280300002196,29.672186836518048,61.894055201698514,63.20191082802548
26.603151100003743,29.104881688339372,62.17458963973566,63.34384992538904
26.642104800004745,29.496687370600412,61.36501035196687,62.232505175983434
26.673690499999793,29.503142019271053,61.467322999581064,62.50879765395894
26.70577420000336,29.205274261603375,62.00316455696203,62.15021097046414
26.73710260000371,29.184143222506393,62.12595907928389,63.23529411764706
26.784944099999848,28.711424957841484,61.55817875210792,62.68170320404722
26.820832000004884,29.689882854100105,61.63471778487752,63.582960596379124
26.8498269000047,30.089307915457933,61.15354330708661,62.42581848321591
26.87196750000294,30.100480467933988,61.92646751618968,62.73135575517025
26.904533900000388,29.465971926839643,62.385793279455555,63.79413015737984
26.93436350000411,29.49747155499368,62.048672566371685,63.135061104087654
26.966744800003653,29.82069110830173,61.9882005899705,62.847871892119684
26.99598960000003,29.79493670886076,61.63417721518987,63.062025316455696
27.041601000004448,29.538914598233067,62.48022717711401,62.523979806478756
27.073190000002796,29.714559386973182,61.8835674755215,63.24733929331631
27.122986700000183,29.598339719029376,62.35376756066411,63.00766283524904
27.15275520000432,29.558100084817642,62.20101781170484,62.843511450381676
27.18651790000149,29.834597555836496,62.24504846186262,62.85608933839023
27.20875050000177,30.38713692946058,61.679253112033194,62.896887966804975
27.23870700000407,30.004002527912366,62.30650937434169,62.949652412049716
27.268410500000755,29.98002125398512,62.30138150903294,63.289691817215726
27.301187400000344,29.717112186908018,61.94443275099979,63.08713954956851
27.330756300005305,29.711073398387782,62.19304200254561,63.21680101824353
27.34694760000275,29.934617012272536,62.216462124418115,63.24608548455353
27.376645299998927,29.639787234042554,62.596170212765955,63.28872340425532
27.4577128000019,29.616680887372013,62.536476109215016,63.21117747440273
27.490778600003978,29.92245419684704,62.26501917341287,63.67682147422241
27.521714400005294,29.73050556983719,62.41580976863754,63.589331619537276
27.545154600004025,29.570996978851962,62.588044885627966,63.93504531722054
27.574531500002195,29.476159793814432,62.13015463917526,63.600515463917525
27.590491399998427,29.112497311249733,62.37922133792214,63.62422026242203
27.62324020000233,29.134893617021277,62.672553191489364,63.03382978723404
27.65167040000233,29.254035683942227,62.53058623619371,63.21091758708581
27.685307500003546,29.396182396606573,62.39533404029692,63.204453870625656
27.71316750000551,29.7912673056443,62.258572949946746,64.08626198083067
27.762337100000877,29.824037044832664,62.23637129025468,63.4144390654599
27.79629250000289,29.538396624472576,61.59261603375528,63.3620253164557
27.824072800001886,29.813598813810632,61.692226223257784,63.051895784791355
27.857758199999807,29.28730325288562,61.889192025183625,62.33431269674711
27.888643300000695,29.12677850923763,62.41813548524103,62.99554045444893
27.9216860000015,28.746445497630333,62.93472641102973,64.06548901335631
27.95284900000115,28.884623632854385,62.646365001072276,63.77267853313318
27.98586990000331,29.326730564430243,63.10415335463259,63.373801916932905
28.01973910000379,29.63224984066284,62.96600807308264,63.31081368175058
28.052470300004643,29.745597284107784,62.429450456185016,63.04222363674941
28.10189480000554,29.74420600858369,62.55493562231759,63.89163090128755
28.12846520000312,29.828919265271253,62.66275096112773,63.20119607005553
28.161118100004387,30.129732028923865,62.59145044661846,63.65993194385368
28.195251000004646,30.122375397667017,62.47232237539767,63.21633085896076
28.22496140000294,29.75790152655343,62.81337346807138,63.8819608686304
28.260542000003625,30.09143222506394,62.76449275362319,63.61615515771526
28.289879500000097,29.658200602668963,62.02238484718037,63.57533362031855
28.32283710000047,27.08911535125759,62.741326973113615,64.13378143972245
28.35339500000555,27.890544041450777,62.40673575129534,64.12607944732297
28.403638499999943,27.683466891606916,61.97490510333193,62.720371151412905
28.435994100000244,27.282244556113902,62.44367671691792,62.708333333333336
28.463890099999844,27.31247383842612,63.160946002511515,62.23105902051068
28.501807699998608,27.317139282735614,62.868015012510426,62.53148457047539
28.529451499998686,27.543386689132266,63.705770850884576,62.78896377422072
28.56359710000106,28.574142916150354,61.85460553490294,62.344898802147874
28.59459980000247,27.98355194669998,62.250052050801585,62.37851342910681
28.62625150000531,27.582583211220435,63.179610634289304,62.36592003349383
28.657588100002613,28.03717627401838,62.719298245614034,62.27276524644945
28.689138400004595,28.220292887029288,62.64163179916318,62.562552301255224
28.738447499999893,27.995588235294118,62.48151260504202,63.00126050420168
28.769206900004065,28.256776633746586,62.90229039714225,63.02626602227359
28.80272070000501,28.30780559646539,62.25878392594151,63.2112350094677
28.83545199999935,27.05294117647059,62.899369747899165,62.3686974789916
28.86427850000473,27.020391002732815,62.64872819003574,61.8471725877654
28.897451400000136,26.877256317689532,63.435548948821406,62.5918454024209
28.931056599998556,27.3954179041154,63.675434874840896,62.6417055579126
28.96173120000458,27.09617417036567,63.558232931726906,62.09067850348763
28.995487799998955,27.847706032285473,63.81478334749363,63.27973661852167
29.025970400005463,27.788687973086628,63.69217830109335,62.52775441547519
29.073145599999407,27.70561330561331,61.8012474012474,62.1925155925156
29.105444300003,27.658366744038826,62.22072167123866,62.77695716395864
29.136457699998573,27.94457471754423,62.65828181624387,62.878703901087185
29.170552900002804,27.92980243799916,62.329129886506934,62.521857923497265
29.204571000002034,27.472435897435897,63.55833333333333,62.88034188034188
29.236229200003436,27.348832316431725,63.210603829160526,62.150641699978955
29.26476520000142,27.549481417458946,63.73336214347451,63.08837510803803
29.301200300003984,28.503668536901166,63.57164436771688,63.80405697022011
29.329563500003133,27.91490290202924,64.43770456033167,63.94348679903993
29.376572000001033,28.23660616663022,63.651213645309426,64.19090312705008
29.409721700001683,28.19279201042119,64.12613981762918,63.50217108119844
29.441560999999638,28.257192676547515,63.458151700087186,63.612467306015695
29.472322699999495,27.733829787234043,63.01255319148936,62.99978723404255
29.505239900005108,28.227894851184008,62.717792743862695,63.939387356072125
29.53814340000099,27.69124919372178,62.81251343797033,63.39690389163621
29.569622700000764,27.869583962060787,63.07911187755982,63.66436732054322
29.605120799998986,27.558427454387488,63.0264986967854,63.59122502172024
29.63697569999931,28.447939262472882,62.43101952277657,63.538611713665944
29.66730380000081,28.007373671654737,63.260030362177396,64.3181522446324
29.71182840000256,27.77166925293726,63.11283529150964,64.66747949456882
29.745373800004018,27.939019001325676,63.88687582854618,64.42863455589925
29.775768899999093,27.967805519053876,63.7389399912396,63.89202803328953
29.804179999999178,28.34448305821025,63.251954821894,63.8998696785404
29.84183170000324,27.705946416902638,63.21890655630582,63.94184273578741
29.87341279999964,27.320946693209468,63.03826587038266,64.03317850033179
29.90652570000384,27.414043583535108,63.27823024433194,63.64384767774598
29.939185000002908,26.78629120279415,62.80397293167431,63.5049115913556
29.971447900003113,26.900000000000002,62.62850779510023,64.00222717149221
30.01776300000347,27.118513632365875,62.82607739665787,63.49846086191733
30.049702600001183,27.060932688077433,62.81104267487902,63.66717993840739
30.084408300004725,27.496778493668074,63.43656965118863,63.73205954232393
30.104031700000633,27.55506510704039,62.76053851246966,63.70094901787685
30.13548360000277,27.48761609907121,63.00022114108802,64.21295886775764
30.163112200003525,27.63330380868025,62.97165633303809,63.84211691762622
30.19613129999925,27.65640580966833,62.743767613266854,62.80793409928463
30.24266720000014,27.17719840919134,62.9622182942996,63.29805567830314
30.272985399999015,26.84893195331425,62.799383395727816,63.192688835058355
30.303191200000583,26.58858792184725,63.134325044404974,63.61079040852576
30.355997099999513,27.164422864709778,62.80247186051645,63.42661664091813
30.38590220000333,26.653829127932713,62.74214254094732,63.6062416998672
30.419244199998502,26.659938569548046,63.85234752084248,63.69921017990347
30.437361600001168,26.610963748894783,63.70446507515473,63.78072502210433
30.46782610000082,27.28571428571429,63.63268499888218,64.52850435949028
30.48235740000382,27.041445035460992,63.29565602836879,63.32535460992908
30.513591499999166,26.919730941704035,63.56591928251121,64.37937219730942
30.54656950000208,27.052724856003543,63.29641116526362,64.23393885688968
30.577343100005237,26.46018291322775,64.02275262101271,63.841846977470446
30.641463100000692,27.334566826295166,62.666086199390506,63.52786242925555
30.689132300001802,26.293610435551628,64.00707495025426,63.431793057705065
30.721321199998783,26.72167648984938,63.63108491595722,62.66426544422615
30.739737600000808,26.7882892724492,63.33187677518025,62.74874371859296
30.75529370000004,26.545068217401028,63.69559382688436,64.20196823976738
30.786711400003696,26.614654601633195,63.53718825866255,63.42860295740455
30.820369500004745,26.35155225185833,63.25601224311325,63.23786620026235
30.84864329999982,26.48302872062663,62.697780678851174,63.26740644038294
30.8852040999991,26.324548028751906,63.68198649531693,62.495970376824225
30.9125755999994,26.999562363238514,63.53763676148797,62.969365426695845
30.945628400004352,26.7509400575094,63.32824596328246,64.23202831232028
30.9956869000016,26.854368932038835,63.44285083848191,63.55692850838482
31.055971400004637,27.01909307875895,62.6584942503797,62.993274029073554
31.075832100003026,26.58684210526316,63.795175438596495,62.78333333333333
31.106356800002686,26.57318411235462,63.875356594250604,62.946236559139784
31.136709500002326,26.75453551912568,63.55846994535519,62.958688524590166
31.15460460000031,26.46976028150429,64.030129755883,63.14756982625907
31.186694299998635,27.21734405564008,63.52966746359487,63.47533144968485
31.218443099998694,27.365671641791046,63.70017559262511,63.370280948200175
31.249057100001664,26.906976744186046,63.15818341377798,63.17068889863975
31.28531820000353,26.720183486238533,63.41131498470948,63.2391874180865
31.331082100005005,25.849767338799026,63.52514956791491,64.56569909151341
31.360355900003924,25.960779968978507,63.39020607134943,64.58276091291823
31.393234800001665,26.299605781865964,63.463644327639074,63.24441524310118
31.426079100005154,26.042421564295186,63.57799381352188,63.565399911621746
31.45617409999977,26.511292751129275,62.90019359001936,62.753925575392564
31.489810500002932,26.71937104171216,63.52041930552522,63.29438742083424
31.52085259999876,26.272217428817946,63.19111302847283,62.23080241587576
31.5546353000027,26.706009045875515,62.64268791729486,62.43592504846005
31.584154200005287,26.44650655021834,63.56048034934498,63.0203056768559
31.632796000005328,26.817792985457654,63.39820359281437,62.42857142857142
31.666177400002198,27.334122203098108,63.1777108433735,62.92405335628227
31.702119599998696,26.359671848013814,63.685664939550946,63.32383419689119
31.72850589999871,26.5704010462075,63.835876198779424,63.52593722755013
31.762626100004127,26.656602953953083,63.55734144222415,63.06559513466551
31.796685599998455,26.989053444945267,62.83837733419188,63.31508907490878
31.825271699999576,26.7248654467169,62.91754574811626,62.58686759956943
31.858926799999608,26.37397673416631,62.971348556656615,62.54653166738475
31.891987200004223,27.089201877934272,62.82778489116517,62.37387964148528
31.921435800002655,26.969657280069853,63.85177908753547,63.23379174852652
31.969905400001153,26.736968900569426,63.900788436268066,63.712001752080596
32.005722500005504,26.854331550802137,62.92877005347593,62.18951871657754
32.038141100005305,27.25350616234594,63.23884402889927,62.04334891627709
32.06603560000076,27.452229299363058,63.21889596602973,62.46263269639066
32.10290520000126,27.194607523374646,63.474668406175255,63.7282017829963
32.13001069999882,27.106490649064906,63.65918591859186,63.33685368536854
32.161265800001274,27.00552730488614,64.22949369887243,64.75613530842361
32.19508280000446,26.84354341119436,64.10379021595416,63.587703834288234
32.22513180000533,26.59325396825397,63.78615520282187,63.691578483245145
32.257871000001614,27.04488723450843,64.15349244580688,63.24677030873659
32.303726500002085,27.279607415485277,63.82246455834242,63.01635768811341
32.33778929999971,27.22977066205106,63.69450454348767,62.52899177845089
32.36857230000169,27.10971651157758,63.78857390175286,62.75611339536896
32.40295860000333,27.23578121595119,63.87230333405971,62.93288298104162
32.433749100004206,27.512258624430462,63.412019960945976,62.69733130830983
32.466029600000184,26.54860359385148,63.16605325828101,62.69538861225373
32.50153140000475,26.764655541292257,63.5875053487377,62.4880188275567
32.53140360000543,26.66239863422962,63.097737942808365,62.415706359368336
32.561667699999816,26.57124324324324,62.89297297297297,63.047135135135136
32.609074700005294,27.224507283633248,63.84361610968295,62.80591259640103
32.64117260000057,27.153465346534652,63.666594920361604,62.93069306930693
32.67259170000034,25.920744911216975,63.25617150281507,62.794932871372886
32.70388570000068,26.268634209392502,62.890348987505384,63.291469194312796
32.73662129999866,25.900085579803168,63.285622593068034,62.17479674796748
32.76916870000423,26.1086536396822,63.4674683272493,62.459523298260684
32.80182760000025,26.73757149142103,64.12824461064673,63.85107787065552
32.83467180000298,27.40074906367041,63.21194095615774,64.03679224498788
32.86729600000399,27.309182999339352,63.212288042281436,63.73816340013213
32.90269960000296,28.802062760588107,63.5852534562212,64.05595786701778
32.94540070000221,28.96382600976476,64.07678650687971,64.55792276964048
32.97891470000468,28.646645512239346,64.62624660018132,65.38531278331823
33.009990900005505,28.431864871034012,64.63843871262269,65.621547591874
33.042620799998986,28.8078612716763,65.29341040462428,66.01595375722543
33.07325340000534,28.76138978370916,64.96295444086516,65.8214450069029
33.105399100000795,29.266405710338475,64.94842274925166,66.00161178908589
33.13712420000229,28.888225843470277,65.39889832453524,65.8099609823273
33.1693052000046,28.665749025005734,65.40743289745355,65.9825648084423
33.20312589999958,28.86062152133581,65.40375695732838,66.43738404452691
33.252872500001104,28.760155180282975,65.31287083523505,65.08466453674122
33.28145110000332,29.117742684626105,65.98862052949373,66.1539712029726
33.312321400000656,28.985733695652176,65.19316123188406,65.46240942028986
33.335236600003554,28.92784667418264,65.00383314543404,65.34520856820744
33.36360050000076,28.721766848816028,64.02800546448087,65.38683970856103
33.3975511000026,28.796026796026794,64.81034881034881,65.93000693000693
33.441649600004894,28.954681389463996,64.66988727858293,65.9645732689211
33.474222400000144,29.007511950830867,64.64671067607557,65.74982927384475
33.5050631999984,29.258290096999776,64.69704489059328,65.06519287164448
33.536528700002236,28.513519603424967,64.11131140153222,64.84925642181163
33.58659590000025,28.213799165018678,63.76884201274446,63.75324104592398
33.618067000003066,28.674075657191707,63.03120324855738,62.39260525753366
33.65166760000284,28.479854264894986,63.22438919845692,62.52143163309044
33.669888299999,28.71044202434337,63.26500106769165,62.9231262011531
33.70307519999915,28.355170199100836,62.95011774780561,62.92614001284522
33.729569300005096,28.275737635321587,62.962003820844835,62.66970919125451
33.758849000005284,28.139152435167613,62.66497997048282,61.96436854311617
33.789741000000504,28.651098901098898,62.166103127641584,62.73372781065088
33.84230540000135,29.085854456255113,61.34403107113655,61.557236304170075
33.87324939999962,28.500722692545942,61.76295684493083,61.457774106958496
33.921325700001034,28.900677200902933,61.266570900882414,61.4348450646419
33.953943600005005,28.949886574551456,61.1853990513508,61.718086203340896
33.97133980000217,29.411523477547675,61.43551363543162,61.68997334426902
33.989011600002414,29.373714520773344,61.27293294940354,62.03146853146853
34.02247229999921,28.469884488448844,62.804455445544555,61.82425742574257
34.05288460000156,28.880156765676567,62.245049504950494,61.85602310231023
34.083460699999705,28.766062602965405,62.39353377265239,61.58855024711697
34.11309460000484,29.4,62.39640591966173,63.78794926004228
34.14565109999967,28.876620660811376,63.3517356754496,62.57151819322459
34.177212400005374,28.344922039612307,63.28487147071218,62.93109987357775
34.25699059999897,28.708715596330276,62.184528773978315,61.59862385321101
34.29119300000457,29.05554395489664,62.26769680517853,62.1969095844644
34.32148579999921,28.575959933222038,62.73184474123539,62.48393155258765
34.338320900002145,28.433298647242456,62.6636836628512,61.78855359001041
34.36955229999876,29.087518232965202,62.48218378828923,62.77057720358408
34.403884300001664,29.942827442827443,61.75925155925156,62.79293139293139
34.43421990000206,30.093523691289054,62.11524932753983,62.439685495551416
34.46180330000061,29.488473520249222,62.5331256490135,62.80872274143302
34.490327100000286,29.460621015833844,61.95003084515731,62.0616903146206
34.51392620000115,28.97638946928542,62.414333472628506,62.24049310488926
34.5618334000028,28.733208176887775,63.728827701293284,62.24342928660826
34.595139000004565,28.789135392908978,63.07588637777317,61.921418204437074
34.625449600003776,28.797113402061857,61.65896907216495,61.808659793814435
34.65928440000425,29.25347438290811,61.56482057664385,61.60402406139805
34.69054989999859,29.4779577609186,61.76132868566742,61.41726471191306
34.72146690000227,29.283412518074776,62.455071266267296,62.35096054534187
34.75423280000541,28.84327582623155,63.152151319891914,61.86842652255248
34.78511599999911,28.946279264214045,62.98641304347826,62.462583612040135
34.81853499999852,29.359704857552778,61.487804878048784,61.78909612625538
34.86647870000161,29.76224636195942,61.76737036277926,61.83459725353556
34.89608379999845,29.77550184350676,61.77918885702581,61.97521507578861
34.92906230000517,29.729896907216496,62.30927835051547,62.58556701030928
34.96161360000406,29.489524994814353,62.36527691350342,62.287284795685544
34.9935289999994,29.440765117235706,62.01789387083505,61.598930481283425
35.025891299999785,29.009449465899753,63.22596548890714,61.81121610517666
35.05761500000517,29.246566919450707,62.98032383685182,61.78971100635376
35.09103390000382,29.169359916054564,63.27387198321091,62.31584470094438
35.11951620000036,28.81566820276498,63.64683703393381,62.51948051948052
35.15286070000002,29.551888750518888,61.82586135325861,62.49564134495641
35.2032296000034,29.207792207792206,63.145370758273984,62.414327607876
35.23488730000099,29.643824203290983,62.05498854405332,62.43074359508436
35.26733790000435,29.747913188647747,62.42007512520868,62.55738731218698
35.30211810000037,29.26815061368837,62.56084876222176,62.65529436238818
35.32814779999899,28.745106205747607,62.522907122032485,62.15556018325698
35.36198549999972,28.420353982300885,62.58196375895491,63.16877370417194
35.39484680000169,29.4545267912133,61.276945185793465,62.25189899404639
35.42693860000145,28.807700269095424,62.69178223970192,62.47381494514593
35.457518200004415,28.821711899791232,63.31774530271399,63.030271398747395
35.49100680000265,29.033409897682187,63.39757778241804,62.826059720192106
35.53826729999855,28.990338164251206,62.95169082125604,62.91808443604285
35.57139240000106,29.279414838035528,62.672518286311394,63.11598746081505
35.60220570000092,28.778010471204187,63.28712041884817,62.99267015706806
35.635058700005175,29.017536534446766,63.26638830897704,62.79352818371608
35.668486499998835,29.029337273111015,63.63191219924018,63.818488813845505
35.70099160000245,28.95654952076677,63.84387646432374,63.30607028753993
35.72998260000168,28.93836051683965,63.47341664901504,62.9343359457742
35.76218040000094,28.97696335078534,62.85821989528796,62.95183246073298
35.793550599999435,29.007722813608847,63.04654560634523,62.53788353162179
35.842026199999964,28.667561983471074,62.80413223140496,61.73863636363636
35.87460049999936,29.191695930592854,62.81140260276802,62.00123941334435
35.9039918999988,28.86713869221158,62.773219491878386,62.65847563515202
35.93746790000296,28.85149550303284,63.183225266680616,62.88098724116294
35.96939090000524,28.85200668896321,63.37792642140468,62.58988294314381
36.00301340000442,28.66058161749098,63.87178942899597,63.132880492464444
36.033282100004726,28.552520118593815,63.585980516730196,62.98644642100805
36.067141899999115,28.420951976200595,63.7409689757756,62.76413089672758
36.10304200000246,28.61159481843279,63.517519643236355,62.690804841792314
36.12990150000405,28.479974837492136,63.41434262948207,61.879849024952826
36.177775900003326,28.592763988220447,63.12368531762726,62.14514093395036
36.21034640000289,28.587011884550083,63.62266553480475,62.62839558573854
36.24125869999989,28.71936589545844,63.794987146529564,63.17502142245073
36.273454400004994,28.222362337116436,63.25872215216477,62.58511979823455
36.30564310000045,28.39180050718512,63.1043956043956,62.53465765004226
36.33668890000263,28.628473706712267,63.67785378366823,63.004489097905086
36.36984240000311,28.747062593462935,63.406964323862425,62.88229010895108
36.40650630000164,28.383708467309752,63.26838156484458,63.661307609860664
36.43812230000185,28.825464644306773,63.07370220038453,63.380901516769924
36.48417270000209,28.91465517241379,63.44762931034483,62.97284482758621
36.51305280000088,28.366615687131308,64.07231811230064,63.9836137207778
36.544775800000934,29.0739671257219,64.51776988005331,64.64882274544647
36.562261600003694,28.841758241758242,63.91186813186813,64.48923076923077
36.5923763000028,28.9679402722881,64.14580588493632,64.65283267457181
36.64193830000295,29.09312099093121,64.51404556514046,64.73390842733909
36.674197500004084,29.360271572492334,63.77376259307928,64.02058694699956
36.70536780000111,29.320688903422713,63.99694789622847,64.13669064748201
36.73772920000192,29.298474463851427,64.4377625469821,64.16891443732037
36.77049980000447,29.11865148861646,63.346322241681264,64.00875656742556
36.81745580000279,29.040700218818383,64.0945295404814,64.00481400437637
36.84971850000147,28.45876402023312,63.52562128876182,64.40994062018913
36.884011400004965,28.585440278988667,62.30078465562337,63.807105492589365
36.907370300003095,28.738923708666523,62.626755997406526,63.04495353360709
36.9230424999987,28.254533537251472,63.09875464277911,63.84159930085208
36.95435550000548,28.323664122137405,62.99803707742639,63.798909487459106
36.9829905000006,28.957105147382315,63.782006159260895,64.00527936647603
37.041277600001195,28.886800604882264,63.48693022251026,63.730827392525384
37.07377930000075,29.2069493006993,63.98164335664335,63.92635489510489
37.106026200002816,28.551064754454586,64.05345501955672,63.60299869621904
37.154068100004224,28.588505244755243,64.28693181818181,63.26617132867133
37.186292099999264,28.599610220874837,63.54980511043742,63.43438718059766
37.21307959999831,28.79711393495585,63.60435063536507,63.30992892526384
37.24336140000378,28.487820934825542,64.50757077024359,64.41869651086242
37.27448200000072,28.6191414805081,63.796320630749015,64.40911081909768
37.30484350000188,28.716666666666665,63.533982683982686,63.27857142857143
37.33753170000273,28.746530789245444,63.31569817866435,63.7805724197745
37.365991600003326,28.68042974510217,62.687170844744045,62.413313671792714
37.39552019999974,27.91689809869686,62.788293099765006,63.01046784875027
37.45786770000268,28.120008587376557,62.614212108200945,62.905753542292835
37.48907770000369,27.635289060820973,63.761014399312266,62.83687943262411
37.5226771000016,28.091776958125408,63.99869819917553,63.179865480581476
37.55008390000148,28.056297918948523,63.94589266155531,63.515005476451265
37.57784570000513,28.95270999784064,63.30922047074066,63.316346361477
37.59607369999867,28.62134661182074,63.474561593418485,63.599047412859925
37.62361999999848,28.713382507903056,62.49462592202318,62.20569020021075
37.65015320000384,28.248511904761905,63.28125,62.56079931972789
37.683057400005055,28.227407094594597,62.96832770270271,62.40223817567568
37.71325950000028,28.446709129511678,62.845222929936305,62.41953290870489
37.74523720000434,28.336942675159236,62.94012738853503,62.436730360934185
37.79189630000474,28.25971543852198,63.36334678275642,62.38288383945636
37.8579882999984,28.48890298034242,63.54174593109279,62.391249207355735
37.8842713999984,28.5859375,63.4847972972973,62.47550675675676
37.914046099998814,28.672315187460285,63.45096377886041,62.2954882440161
37.94289969999954,28.270894582108358,62.695296094078124,61.91222175556489
37.97440070000448,28.627823516993878,62.3569769896559,62.478361832383364
38.001966800002265,28.894505033557046,62.89219798657718,62.009018456375834
38.020289899999625,28.586409395973153,62.967072147651,62.19421140939597
38.04976990000432,28.761071277941795,62.805778152678194,62.45972163644032
38.09783720000269,28.668080593849414,63.04623541887592,62.73213149522799
38.130021700002544,28.669278350515466,62.42041237113402,61.754639175257736
38.16283300000214,29.226341663252764,62.34760344121262,61.48402294141745
38.19295070000226,28.63754646840149,61.73564642709624,61.4155307724081
38.22517499999958,28.174201576109496,62.260680215678136,61.44608046453753
38.25640060000296,28.80424917491749,62.27867161716172,61.61262376237624
38.290628200003994,28.409745065789473,62.2516447368421,61.06147203947368
38.322872700002335,28.55201958384333,62.356181150550796,61.2046103631171
38.3554260000019,28.325056900475893,62.89695841092489,61.732050486240425
38.386026899999706,28.769710378117455,60.78761061946902,60.746178600160896
38.434044400004495,29.142541658301546,60.96647259586428,60.67637020678578
38.46706909999921,28.938800489596083,62.370665034679725,61.68543451652387
38.49595129999943,27.971601208459216,62.14380664652568,61.11742195367573
38.52912220000144,28.37525313892264,62.35500202511138,61.283515593357635
38.56164740000531,28.5924122540069,62.21829985798337,61.35625887603977
38.59382259999984,28.475183075671275,62.59275834011391,61.2693246541904
38.62383840000257,28.38845521774856,62.31491372226787,61.94556285949055
38.657317299999704,28.193205075726567,61.995088006549324,61.87535816618911
38.69342250000045,28.360163432073545,62.66373850868233,61.883963227783454
38.722096199999214,28.7528414961769,63.037197768133915,62.25811117999587
38.77035679999972,28.735393022278267,63.4630096679277,62.57587221521648
38.80536550000397,28.883034773445733,63.456269757639625,62.83266596417282
38.83799759999965,29.290889830508473,63.791313559322035,63.43983050847457
38.86627540000336,29.08340389500423,64.02455546147333,63.84843353090601
38.897818299999926,29.01109250732524,63.363122645458354,62.7465466722478
38.92997689999902,28.830153463293236,63.13625051845707,62.64496059726254
38.961110900003405,29.026713605301303,63.35908055498033,62.48892110167736
38.99347850000049,29.182193761619498,63.39723197686428,63.15120842801074
39.02607810000336,29.653956539565392,62.5690856908569,61.787002870028694
39.07374400000117,29.15149651496515,62.83312833128331,62.05924559245592
39.10609639999893,29.330338913842386,62.63903634136383,61.940587995100046
39.13761969999905,29.17606209150327,62.890522875817,62.177491830065364
39.16862140000012,29.062928348909658,62.3993769470405,62.90861889927311
39.20286530000158,29.263863121005976,62.011131725417435,62.56977942692228
39.23877370000264,29.291581528402126,62.85921536575398,62.48058847568451
39.26682680000522,28.5489352989353,62.48812448812449,62.21375921375922
39.297937600000296,28.482230392156865,62.537581699346404,61.70608660130719
39.329957699999795,28.615667825731233,62.185109429331156,61.844139905911234
39.36229820000153,29.105231019743538,62.71809485039691,62.90168939548138
39.41042770000058,28.89369592088999,62.52266172229089,62.92871858261228
39.44211550000182,29.03916666666667,62.3725,63.124375
39.47381850000238,28.689834024896264,62.98817427385892,62.98195020746888
39.50503490000119,28.926324503311257,62.727855960264904,62.84126655629139
39.53796080000029,29.26152573909448,62.458962166632205,62.90386603266487
39.569851500004006,29.031153290695276,62.41159480090778,62.976273983907575
39.60383340000408,29.38807206460965,62.60219507144336,62.91675295092151
39.636833299999125,29.122707147375078,63.1404174573055,63.3236348302762
39.67082080000546,29.079931972789115,63.02253401360544,63.94472789115646
39.71225830000185,29.252858958068614,63.26641253706057,63.68805590851334
39.745192499998666,29.023111844820473,62.95976062732151,62.45955427156418
39.77653149999969,29.63675653426631,62.72566371681416,62.834122247376
39.794141400001536,29.767077501566742,63.25339461040318,63.63818675579695
39.8413234000036,29.143784010046044,63.31645039765593,63.15424863959816
39.872724100001506,29.080543933054393,63.22133891213389,63.12426778242678
39.906961200002115,28.956640134059487,63.191872643485546,63.208630079597825
39.93774480000138,29.377315296566078,63.4054110301769,63.152341311134236
39.97024040000542,29.19604578563996,63.29136316337149,63.41290322580645
40.002810700003465,28.985537623139802,63.30391951372878,63.315447495284005
40.04764450000221,29.153958944281523,63.27021365731043,63.20800167574361
40.082666100002825,28.929905561385098,63.53725078698845,63.33704092339979
40.1122652999984,29.038009239815207,63.27194456110878,63.56278874422512
40.14404890000151,29.11344275919385,63.182214834822354,63.18637024724704
40.17333430000144,28.737622728222266,63.298307917275956,63.409442239398366
40.203240700000606,29.20742130498228,63.03252032520325,63.30206378986867
40.2418605999992,28.961393989983307,62.9029632721202,63.266485809682806
40.27396040000167,29.32505175983437,63.227743271221534,63.173084886128365
40.3053144000005,29.35250463821892,62.80065965780251,62.72088229231086
40.33695499999885,29.333815626291855,62.74968995452666,63.022116577097975
40.384048100000655,28.904870466321245,62.51150259067357,63.19958549222798
40.42044840000017,28.89079627714581,62.540227507755944,62.89389865563599
40.44963380000263,29.20710303530869,62.42804047078257,62.965723724963865
40.478466200002,29.14857854326624,62.54803901224321,63.49699107698693
40.49417850000464,29.08414507772021,62.52227979274611,63.409948186528496
40.52287540000543,28.52848560182308,62.93059871555832,62.94157862026103
40.55368610000005,28.449727691663174,63.25827398408043,63.39924591537495
40.57852139999886,28.303826745164002,63.03216989066442,63.44638351555929
40.640400100004626,28.892059553349878,62.516129032258064,63.25372208436725
40.68715630000224,29.08369408369408,63.09029066171923,63.41043083900227
40.71997270000429,29.203508771929823,62.936016511867905,63.39153766769866
40.75497670000186,29.328361301015125,63.07354464470686,63.66480215454734
40.770349900005385,29.23483897950648,63.29736511919699,63.9215809284818
40.80314300000464,29.15275122158487,64.11068621202465,64.49755683025282
40.82868150000286,29.480092690120077,63.729513376869605,63.68316831683168
40.853393600002164,29.32495777027027,63.701013513513516,64.0
40.88395890000538,28.93975392448027,63.3394145099703,64.0405176071277
40.920948099999805,28.91426770329901,62.77369195209077,63.337255725992854
40.945871299998544,29.09955328653478,63.295469049138475,64.01552861093384
40.97672800000146,28.877869025057905,62.93135396925668,64.04822067803748
41.0567835000038,29.495301733138444,63.374399665901024,63.75464606389643
41.089904899999965,29.70139612419254,63.24380079183163,63.9622838091269
41.12093900000036,29.73225404732254,63.019717725197175,63.70651722706517
41.15313810000225,29.15805785123967,62.73181818181818,63.30371900826446
41.17777660000138,29.570511493062746,63.06171049906813,63.63491406088217
41.195091699999466,29.54795369987598,63.270773046713515,63.4828441504754
41.22387690000323,29.55004118616145,63.1579489291598,63.44645799011532
41.25221050000255,29.608966376089665,62.47405562474056,63.5857202158572
41.28363890000037,29.304089979550103,62.57750511247444,62.89345603271984
41.33014450000337,29.209431630971995,62.16845140032949,63.48887973640857
41.36141800000041,29.284571194091093,62.67706196142798,63.25215428805909
41.3941405000005,29.55932896890344,63.38400163666122,63.32283142389526
41.426761499998975,29.6065875613748,63.39648117839607,63.541325695581016
41.457535300003656,29.362739049969154,63.11680032901501,63.45013366234834
41.489680300001055,29.710873146622735,62.948929159802304,63.38097199341021
41.52290340000036,29.395739451044655,62.89246210569439,62.90905366653011
41.55335890000424,29.604128346617617,62.94727161250766,62.714285714285715
41.584645900002215,29.010526315789473,63.38266253869969,62.51620227038183
41.619635000002745,29.459209419680402,63.344196804037004,63.45185029436501
41.66683550000016,29.170158730158732,63.29820105820106,63.79047619047619
41.702465200003644,29.7343951786483,63.8125269048644,64.4741713301765
41.73166710000078,29.73482565647869,63.76883340507964,64.50688764528627
41.76243490000343,29.61451048951049,64.60030594405595,65.02600524475524
41.79309759999887,29.52343248448534,64.40445110207575,64.26792210571368
41.8257866999993,29.536648092584656,64.23189027003858,64.32233176168023
41.85733700000128,29.921454701958254,64.56767807187433,64.60770389498602
41.88799609999842,29.699871465295633,64.1531705227078,64.33826049700086
41.92192250000517,29.696655879180152,64.60129449838188,63.89622437971953
41.95447250000143,29.713698333694005,64.45055182860852,63.89569357281973
42.00271220000286,29.64333840469463,64.88958921973484,64.66137796131277
42.03786609999952,29.70991222436309,64.29651038321559,63.69214301006209
42.06932040000538,29.914563106796116,64.27357065803668,64.11607335490831
42.10226550000516,30.076063601203266,64.43253115599484,64.13902019767941
42.13082060000306,30.23868488471392,64.22865072587533,64.0260461144321
42.161107300002186,30.03235547886109,63.85547886108715,63.88589301121657
42.195021100000304,29.36033883579496,64.71807124239791,64.17137271937446
42.223918100004084,29.971174685739054,64.53814477676636,64.78088426527958
42.257604500002344,30.493579978237214,64.5664853101197,64.57584330794342
42.3060375999994,29.631367575565417,64.03149439864721,63.8008877615726
42.33589750000101,29.54633620689655,64.45129310344828,63.789870689655174
42.37225259999832,29.514453379700065,64.27189741360574,64.3318843729624
42.402792200002295,29.14482006543075,64.54569247546347,64.30425299890949
42.437295800002175,29.631409568762066,64.02059643853251,63.405706929843376
42.46601139999984,29.637048192771086,63.744406196213426,63.58777969018933
42.501011699998344,29.56178370493853,63.19920816836841,62.93602833923734
42.53037630000472,29.207693924742486,63.2190456169855,63.40550767290309
42.561359999999695,29.262990455991513,63.241357370095436,63.86871686108165
42.59472410000308,28.862853497767382,63.25388050180735,63.59812885392302
42.642197100001795,29.192413066385672,61.80842992623815,63.44236037934668
42.67498180000257,29.799584199584203,62.46133056133056,62.860498960498965
42.70511830000032,29.62091366303437,62.90465213746857,63.43524727577536
42.737902400003804,29.109504571550072,63.85668722092281,63.65298745481607
42.77252540000336,29.362349461229662,63.46207479399958,63.54489752799493
42.8047407999984,29.254044967430133,63.40911956293339,63.086993065770116
42.834629199998744,29.325933609958504,62.64605809128631,62.999377593361
42.86438690000068,29.320901812052256,63.394437420986094,63.59565950273915
42.90014170000359,29.596041666666668,62.82729166666667,63.07812500000001
42.94582359999913,29.044346364018494,63.40941572089113,63.57566204287516
42.97853870000108,29.36612135017602,62.90639884033961,62.69973079312487
43.00888130000385,29.60946117946542,63.75116673737802,63.36720407297412
43.042102200000954,29.248099662162165,63.75929054054055,63.81271114864865
43.07200610000291,29.569564302252157,63.814775836665966,63.70174700063144
43.10517450000043,29.38082133784928,64.28408128704487,63.7307366638442
43.13734750000003,29.910615711252653,64.9271762208068,64.1271762208068
43.17193330000009,29.976165141519473,64.67780378804001,63.86614173228347
43.205321500005084,29.563057324840766,64.23290870488323,63.71549893842888
43.23803240000416,29.60629754860524,63.819526627218934,63.58748943364328
43.284187900004326,29.344842105263158,63.39178947368421,63.29600000000001
43.321809400003986,29.538849223015543,63.71818563628728,63.06383872322554
43.35192910000478,29.114285714285714,64.67407407407407,63.20148148148149
43.37759310000547,29.092596498628982,64.00042185192997,63.36215988188146
43.408640500005276,28.782820784729584,63.90816542948038,63.757582184517496
43.44264430000476,29.088005077215993,63.92786122276285,63.27670827163105
43.4750789000027,29.576056640205962,64.57906028749196,64.21561896588715
43.50476509999862,29.90705128205128,64.56752136752137,64.29166666666667
43.539391600003,29.27801631601546,63.95985401459854,64.25397166165737
43.57247410000127,29.46193109315185,63.80051042109741,64.22182050191408
43.61837110000488,29.71913644938168,63.85411863341019,63.59421504925592
43.6511271000054,29.683988170680184,64.0504858470638,64.12610899873258
43.681079599999066,29.90614478114478,64.18350168350167,64.02546296296296
43.71034960000543,29.729976630550244,63.824304227745905,63.9530486509454
43.73889920000511,29.39225589225589,63.01325757575757,63.67908249158249
43.7714902000007,29.2257454850903,63.03170936581269,63.858672826543476
43.801956000002974,29.379773394880402,63.785354595048254,63.61141418380193
43.84162769999966,28.807571637732693,63.012131353273375,63.429617234888106
43.87375790000078,28.94912391809162,63.81021743719654,63.198437829850114
43.91962890000286,28.76659574468085,63.8768085106383,63.65702127659574
43.952682499999355,29.16819051669147,63.806931745694236,63.69849032532426
43.98371610000322,29.32610082961072,63.862795149968086,63.83556690065943
44.00231980000535,29.318269025794073,63.6574291195907,64.25666169260285
44.03543250000075,29.50648798128058,63.697298447138905,64.19974473516272
44.06132230000367,29.15115780445969,63.993996569468266,64.18760720411663
44.082693900003505,28.55211267605634,63.948212351029255,64.47995666305525
44.113622900003975,29.32081984897519,63.485221143473574,64.89536138079828
44.14506860000256,29.218376068376067,63.432264957264955,63.98760683760684
44.17835270000069,28.821113738980863,63.79187271554505,64.04429155020425
44.25634480000008,29.565812337098173,64.64574283231971,65.18201563857515
44.28796050000528,29.470435347628328,64.40480831708902,65.33788174139052
44.32000020000123,28.98530047557285,65.09208819714657,65.13359273670558
44.33893140000146,29.172017353579175,64.80824295010845,65.4470715835141
44.36898849999852,29.286023366508005,64.1371700562527,64.91389009086976
44.386765100003686,29.03276231263383,63.287580299785866,64.123982869379
44.41782919999969,29.146383715894327,63.620831528800345,64.67518406236466
44.45104810000339,29.086822388717497,64.13662406346408,65.62604671661525
44.48213190000388,29.2797018851381,63.49605436212188,65.3588338448049
44.51302730000316,29.802250108178278,64.07074859368238,65.05798355690177
44.55975469999976,29.752913249892103,64.72507552870091,64.83728959861891
44.593632800002524,29.56159420289855,64.22357203751065,64.35102301790282
44.624284700003045,29.784788245462405,64.81936041486604,64.79883318928263
44.65667609999946,29.874784110535405,64.98942141623489,64.36679620034542
44.688407200002985,29.090054644808742,65.14775956284153,64.67497267759563
44.72154350000346,29.775567567567567,64.648,64.40562162162162
44.75419550000515,29.963461538461537,64.63696581196581,64.56688034188033
44.785377100000915,29.83308270676692,64.71342642320086,64.57937701396348
44.81889790000423,29.975792630676953,64.66645244215938,64.5968294772922
44.85131289999845,28.944979661742668,64.51338043245558,63.89830871333761
44.89626220000355,29.214641542126923,64.87199480181937,64.1459822395495
44.92956129999948,29.428139183055976,64.24551545277718,64.44132267127729
44.96002589999989,29.315358067299396,64.1842105263158,64.27523727351165
44.992773700003454,29.272572038420492,63.82497331910352,64.20384204909286
45.026632100001734,29.662730785744955,64.59961356805496,64.15199656504939
45.05764659999841,29.492521135920224,64.55538694992413,64.20073704747453
45.09039510000002,29.237516283108988,64.00260529743812,64.63721233174121
45.12109000000055,28.956653008410612,64.37394867371145,63.856803968082815
45.15479630000482,29.614249037227214,64.07081728712024,64.0650406504065
45.18715950000478,29.609293193717278,64.35689354275742,64.76156195462478
45.23352320000413,29.455652173913045,64.69130434782609,64.22739130434783
45.26697129999957,29.773327464788732,64.7775088028169,64.9524647887324
45.29693300000508,29.73260073260073,64.3815987933635,64.48351648351648
45.33059640000283,29.205565142364108,64.10289042277826,63.99870578084556
45.361629099999845,29.73160078619786,64.99585062240664,65.08691854116618
45.39203300000372,29.79251848629839,64.51870378425403,64.71683340582862
45.424432600004366,29.27651760639447,64.22855908403542,64.40397494059192
45.458155799999076,29.0807347287484,63.40346005980351,64.25501922255447
45.491147900000215,29.309831824062098,64.05627425614489,64.86394997843898
45.53664440000284,29.165411916541192,63.70875457087546,64.68961066896107
45.572787700002664,29.277098089718823,64.20025756600128,63.83150890749088
45.60537889999978,28.931649331352155,63.15559329229463,63.82848652090851
45.63695220000227,28.86492235694533,63.369708572644114,64.10168049351202
45.6721594000046,29.27914303717706,63.45830707834488,63.485822306238184
45.70078510000167,29.51931961360773,63.33137337253255,63.38555228895422
45.729397600000084,29.2440488955608,64.3287583101008,64.14775895346344
45.76204020000296,29.070896316797956,64.56866084734938,63.43708750266127
45.79301269999996,29.36267456622937,64.39335590351249,63.688531527719
45.82428400000208,29.318421607934162,64.6073011183794,63.41612154462967
45.87300400000095,29.428661882650907,64.54769945124525,63.33959476572393
45.9072404000035,29.884155299055614,64.08058761804827,63.127806925498426
45.9379145999992,29.334588038477623,63.94291091593475,63.2047260560435
45.9706570000053,29.56247388215629,64.20246552444631,63.30505641454242
46.003445200003625,29.46731687072007,63.86407968458187,62.868022411288656
46.03685119999864,30.120653973509935,63.647144039735096,63.130380794701985
46.06565290000435,29.270956816257407,63.551439458086364,63.651566469093986
46.10171619999892,29.27851851851852,63.29185185185185,63.57777777777778
46.12971020000259,29.28180661577608,63.35538592027142,63.80216284987277
46.17757820000406,29.06914781137661,63.19390991753013,63.664834002960454
46.210337399999844,28.822707053590342,63.783520440584624,63.370472357551364
46.24311410000519,28.846071733561057,63.9899658411614,63.527327070879586
46.272951300001296,28.98870658427445,64.0622203281483,63.61900703174941
46.30772630000138,29.07895296871675,64.1662055756544,63.671632262183444
46.33715110000048,29.51698670605613,63.40789196032918,63.56931842160793
46.37098600000172,28.774873524451937,63.57989038785834,63.727866779089375
46.402060899999924,29.050800426894344,63.159018143009604,63.842262540021345
46.436228700003994,29.059418729817008,63.91776103336922,63.61959095801938
46.46400630000426,28.699436985708097,63.92334343871806,64.08142052836726
46.513999499999045,29.212915601023017,64.10976129582268,62.98614663256607
46.544946800000616,28.885860306643952,63.552597955706986,62.75085178875639
46.575589500003844,28.9524115755627,63.1642015005359,63.18906752411575
46.59695560000546,29.041513513513515,63.69037837837838,63.432432432432435
46.640151700004935,29.151708930540245,63.67320837927233,64.60727673649394
46.67492240000138,29.33577744231184,63.48479620444253,63.296959240888505
46.70765440000105,28.02315700021245,62.001699596345865,61.890800934777985
46.73826769999869,27.724013576580397,62.25116673737802,62.51166737378023
46.76807000000554,27.42727860374919,62.72333548804137,63.304891187244124
46.80333190000238,27.49807197943445,63.149314481576695,62.83461868037704
46.850458500004606,28.347724372607402,62.123351765206294,62.886643981284564
46.88286810000136,27.91855692374163,62.87556707712249,63.795420177144095
46.900153400005365,27.557608695652174,62.955000000000005,63.93152173913044
46.93321930000093,27.489915419648664,63.761656907395356,63.650834959878544
46.960601400001906,26.881009353926473,63.77093756797912,63.05699369153796
46.989556900000025,27.58326124567474,63.6079152249135,63.296496539792386
47.04185340000549,27.227233304423244,64.19254119687771,63.55767562879445
47.07253420000052,27.90342009034201,63.05119380511938,63.42525274252528
47.10561930000404,27.091444783937146,64.09668267132257,63.812963771278916
47.15387010000268,27.655456715122586,63.791711868084185,63.43848991104361
47.1850659000047,27.100346770697875,63.81339401820546,62.816644993498045
47.21839390000241,26.92686112320418,63.86003482803657,63.4734436221158
47.23747220000223,26.94751804067352,63.767548655149795,63.59195276623661
47.26757350000116,27.47420892934547,63.86974425661032,63.41287386215865
47.2978054999985,27.72160210111622,63.17049682643905,63.63690085357846
47.32663400000456,27.903922432789777,63.6211987659762,64.27523137946233
47.34571660000074,27.49694856146469,63.42763731473409,63.587401918047085
47.376040300005116,27.07149028077754,64.1425485961123,62.61252699784017
47.4425556999995,27.3438855160451,63.41023417172593,63.05052038161318
47.48896629999945,27.05776720034617,63.21267849415837,62.89744699264387
47.521875700003875,27.532702237521516,62.81648020654045,63.08304647160069
47.55270120000205,27.802461139896373,62.40911053540587,63.30764248704663
47.570930699999735,27.816176470588236,62.47664359861592,63.39705882352941
47.58647660000133,28.502475780409043,62.780409041980626,63.02583423035522
47.62283749999915,27.447546531302876,62.51099830795262,62.208544839255495
47.65203979999933,28.425550096133303,63.998290963469344,62.97756889553514
47.68355130000418,27.942986230636834,63.73601549053357,63.67319277108434
47.71329140000307,27.96021505376344,63.30516129032258,63.10774193548387
47.74685360000149,28.173414158908855,64.2216930071444,63.40896297899978
47.793433200000436,27.5809958686671,64.05001087192868,63.64427049358556
47.8575720000008,27.865005417118095,63.50747562296858,63.423835319609964
47.875810600002296,27.702308362369337,63.69446864111498,63.69904181184669
47.90633099999832,28.091603053435115,63.09690415606446,62.58121289228159
47.921485400001984,28.240245971162,62.91433418150975,62.558736217133166
47.95250659999874,28.183586236375294,63.064116264159004,63.00918999786279
47.98535080000147,28.357798165137616,63.09899722637082,63.52570940900363
48.018489100002625,28.34970489038786,61.80564924114671,63.208473861720066
48.04999910000333,28.728361344537817,61.944957983193284,63.18655462184874
48.08285099999921,28.998958116274224,61.982704730152115,63.03104813502813
48.12910830000328,28.746464006755332,62.118851593835764,63.28752374920836
48.16130990000238,28.21513102282333,61.70625528317836,63.42793744716821
48.1924341000049,28.36633453466186,63.31397074411702,63.14437142251431
48.226541299998644,28.337052134735035,63.88500321819352,63.69598798541085
48.25912610000523,28.01443736730361,63.43906581740977,63.58301486199576
48.28967520000151,27.45702036441586,63.143837084673095,62.946623794212215
48.32071150000411,27.97073274941252,63.44328135013886,62.90173039948729
48.35281830000167,27.654449152542373,62.7343220338983,62.791101694915255
48.38601170000038,27.858457035333473,61.95567635375287,62.511603596069406
48.418764400004875,28.239600665557404,61.8970465890183,62.88602329450915
48.46542760000011,27.97953643766966,61.62225934433076,62.630403006890795
48.49698120000539,27.9005558987029,61.27074325715462,62.110356186946674
48.53143880000425,27.74106776180698,61.50800821355236,61.851334702258725
48.56100410000363,27.790664492458216,61.04708520179372,61.660008153281694
48.5919928000003,27.63548717948718,61.390153846153844,62.13128205128205
48.626841199999035,27.46467335654311,61.83575670694245,61.94736842105263
48.65784310000163,27.68127572016461,61.373456790123456,62.06625514403292
48.6902923000016,27.184183568940792,61.40483507477976,61.56340913747183
48.72166360000119,27.36731727574751,61.0483803986711,62.62063953488372
48.7700909999985,27.204090064036354,61.02912621359223,62.30241685602148
48.802340000002005,27.047461824184897,61.32356582748659,62.31221626083368
48.83609570000408,27.137574881222886,60.851270398677954,62.140053707911584
48.863388300000224,27.552555647155813,60.87262984336356,62.3777823577906
48.90042330000142,27.682757210063407,60.723869912047455,61.36694620576805
48.93000700000266,26.60301093008868,61.04537017941844,61.7372654155496
48.96245210000052,26.95973705834018,60.44823336072309,61.85414954806902
48.992763100002776,27.14231078904992,60.29549114331723,61.199074074074076
49.02734340000461,27.450101419878294,60.53610547667343,61.76227180527383
49.05938260000403,27.12643910321147,60.92870127247021,61.08361947081397
49.107096500003536,27.090461538461536,61.30687179487179,61.37887179487179
49.13668670000334,26.929874923108468,61.192536395325,61.51261021119541
49.169076199999836,27.58744119451831,60.974227858457766,61.41174064225813
49.20203630000469,27.301081853439477,60.919575423555834,61.630128597673
49.23560550000548,27.518875666803446,60.94460402133771,61.72096840377513
49.266462200001115,27.620845301600326,60.93270414443988,61.97066064833812
49.29776820000552,27.150535420098848,60.934308072487646,61.93348434925865
49.3281219000055,27.502953758402935,60.83621918924425,61.62578936646975
49.359262700003455,27.625890494606146,60.726643598615915,61.64624465703236
49.4089856999999,27.08299676898223,60.379240710823915,61.349757673667206
49.441098900002544,27.41000401767778,60.52229811169144,60.92085174768983
49.47283610000159,27.52484283106875,60.46075846684243,61.09004258771041
49.50691370000277,26.746776792908943,60.007453666398064,61.29492344883158
49.5377690000023,26.410660810541025,60.121181872629265,60.75104811339589
49.57053319999977,26.843448553054664,60.491157556270096,61.057475884244376
49.6025196000046,27.150442477876105,60.453137570394205,61.056114239742556
49.63666150000063,27.015087507543754,60.51639509153088,60.95111647555824
49.66719880000164,26.790618079323536,60.508153815180194,61.508153815180194
49.69637309999962,27.563001605136435,60.28651685393258,61.19060995184591
49.74577780000254,27.235601043548062,60.50632149307646,61.18944410997391
49.7762703000044,27.5284355393645,60.868245294474804,61.37806112123052
49.80927060000249,27.516670034350373,61.27338856334613,61.364922206506364
49.84149830000388,27.044544340008173,60.78749489170413,61.687167960768285
49.87581140000111,26.910595358224015,61.13360242179617,60.82986881937437
49.90737970000191,27.91535987133092,61.230800160836345,61.417370325693604
49.93799240000226,27.645790971939814,61.435746238308255,61.8235054900366
49.97279839999828,27.595761856710393,60.85953582240162,61.84238143289606
50.00344700000278,27.167447545324915,62.04583418211448,62.572825422693015
50.03475350000372,26.34328358208955,61.672050705377224,62.3359231241055
50.08428940000158,26.62945081472541,61.022329511164756,61.73928786964394
50.113786699999764,26.581437487416952,60.71834105093618,61.917455204348705
50.13384629999928,26.24277456647399,60.48335658760215,61.2975882001196
50.163008399998944,26.491048078857375,60.76604304968819,61.569503118084896
50.19200060000003,25.745881880273203,61.4136199276818,61.06408196062676
50.24036250000063,26.416632443531828,61.68993839835729,61.98973305954826
50.27447640000173,26.966221682847898,61.91484627831716,61.687702265372174
50.30529170000227,26.375637624974495,61.18343195266272,61.645990614160375
50.337178000001586,26.203527265355767,61.78289073586053,61.596391648084335
50.38441070000408,26.12502570429776,61.070738227431626,62.24182603331277
50.41967730000033,26.425884277243917,61.62420772848088,61.9930484563484
50.45115580000129,26.868458854914834,61.210958341883845,62.59634721937205
50.46865080000134,26.715289256198346,61.82685950413223,62.85847107438016
50.49568520000321,26.789041658116147,61.79930227785758,62.25507900677201
50.513936100003775,26.98444216990788,61.933469805527125,62.5453428863869
50.54560830000264,26.595355528154542,61.807439375256884,62.392519523222354
50.579712700004166,26.616636160260324,61.77587960138296,61.94630872483222
50.64125559999957,27.261995583216223,61.47861875125477,61.75025095362377
50.67275540000264,26.88474226804124,61.83505154639175,62.701649484536084
50.72248920000129,27.016591560835725,62.22593199508398,62.052027857435476
50.75240710000071,26.560995512035905,61.98551611587107,61.366993064055485
50.786190500002704,27.135190495698485,62.00962720196641,61.839000409668174
50.80106330000126,27.562601957585645,61.07809951060359,61.86276508972268
50.81869130000268,27.544078543669464,61.46962569032522,61.78891388832072
50.851805300000706,27.229771463866584,62.52645666049001,61.70846201358863
50.882827800000086,27.086138406857618,62.940623039933094,62.525820614676974
50.91320290000294,27.433950488870398,62.52652381943,62.29311420844601
50.94693700000062,26.744262972917095,61.90593342981187,61.155054786024394
50.97737610000331,26.979205270743254,60.77990529133209,61.594811612106234
51.057159000003594,26.441903206044515,61.370430876046555,60.96017970185828
51.0881870000012,25.74853327938499,60.046530447096906,60.382561197653246
51.10846329999913,25.925956061838892,60.38018714401952,60.608828315703825
51.137844900003984,26.374671252275945,60.29374873558568,60.28788185312563
51.17021360000217,25.54431149868181,61.30075035489759,60.752180085175425
51.20148600000539,25.414684591520164,62.14767321613237,61.36918304033092
51.23104220000096,25.250051792003315,61.863890615289,61.9276983633727
51.25004830000398,26.00103007828595,61.980634528224144,61.945405850844665
51.284133400004066,26.32739922242685,61.0085942295887,61.82647841211377
51.31399640000018,26.1580572134184,61.737394525622555,61.7946079440214
51.36230590000196,26.055543867031346,62.76751525352409,62.93709236271828
51.3916462000052,26.518893814650625,63.243191893603544,62.55837027654634
51.4295592999988,26.812356501774158,62.70256731371321,62.78626591525777
51.45621540000138,27.350416920886722,61.74618669920684,61.934106162294086
51.4914454000027,26.77304671351798,62.362546506821,62.4896651508888
51.522863800004416,26.49163879598662,62.377717391304344,62.42391304347826
51.55326210000203,26.55221421215242,61.68341915550978,62.156745623069
51.58597700000246,26.866073276754296,62.39846822604016,62.30635479196854
51.61850110000523,27.170871794871793,61.35035897435897,62.237538461538456
51.65092930000537,27.270576131687243,61.17201646090535,62.53374485596708
51.696110800003225,28.045473251028806,61.19588477366255,62.6298353909465
51.7300372000027,27.877399380804953,62.36491228070175,62.85242518059855
51.761937000002945,27.165703673132484,62.49649195212547,62.508873297565
51.79324769999948,27.40649404027949,62.35224003288121,62.619605425400735
51.8268595000045,27.342874794069193,62.16659802306425,62.57681219110379
51.85789130000194,27.24039449352784,62.10170536264639,62.3751797822067
51.89231890000519,27.060367996692165,62.631589828406035,62.423609675418646
51.92297650000546,27.179802955665025,62.12130541871921,62.422619047619044
51.95562250000512,26.959893048128343,62.36877828054299,62.487453722747844
52.00425589999941,26.985498366013072,61.95241013071896,62.529003267973856
52.0368215999988,26.84275691291787,62.37742468014858,62.874742055303344
52.069063200004166,27.142068683565004,62.385118560915785,62.25470155355683
52.102934900001856,26.801355792933443,62.167419884963024,62.587099424815115
52.134059299998626,26.526069246435846,61.31242362525458,61.916293279022405
52.162243200000376,26.554550934297772,61.14908579465542,61.765923246935905
52.19390990000102,26.707879037235138,62.27689775766303,62.19234725365151
52.227580800004944,26.472869816381266,61.93583659995874,62.60099030328038
52.25779590000457,26.544800657624332,62.065762433210026,62.38039457459926
52.287935400003335,26.321194762684126,61.87438625204583,62.29828150572832
52.337440600000264,26.812576812781646,61.26095862351495,62.683531339614916
52.36978100000124,26.37676705593116,61.222085638188894,62.29461175988527
52.40283800000179,26.33155846815482,61.30985050174073,62.346713086217484
52.43695899999875,26.659963436928702,62.0446881982531,62.20719073735527
52.46688459999859,26.592997368953654,61.83910139647845,61.98299939283546
52.50106329999835,26.758472846059618,61.5432829726419,62.22213148223765
52.530592900002375,26.46013289036545,61.95764119601329,62.932101328903656
52.562483300003805,27.149461937026704,61.2277799920287,61.544240733359906
52.5932535000029,27.295178282009722,61.978322528363044,62.4507698541329
52.64078530000552,26.75250903251706,61.67482938578884,61.40285026093938
52.67471559999831,26.463546896967262,61.4611367744527,61.62944366338622
52.70692470000358,26.844231153769247,61.39232153569286,61.064787042591476
52.73692960000335,26.850829834033192,61.45850829834033,61.415316936612676
52.76753870000539,26.878024395120974,61.48250349930014,61.15976804639072
52.80353540000215,27.148837209302325,61.996157735085944,61.7314459049545
52.83337179999944,26.828207203561313,61.76750303520842,61.902670983407525
52.86816280000494,26.684928797468356,61.55043512658228,61.13706487341772
52.89688020000176,27.733710495513073,60.2274678111588,61.21439719079204
52.92851170000358,27.048241399192772,59.75456467422641,60.337305400730344
52.97705870000209,26.6891495601173,60.36363636363637,61.1644183773216
53.00839940000151,26.53775392870832,60.167113836719054,60.15848984285167
53.04318040000362,26.022213711221752,60.95289161240904,60.44044427422443
53.07261980000476,26.85225294913943,60.056855540514405,60.92670663314639
53.10539399999834,26.64545627738617,59.83539721851782,60.406744141741285
53.13668220000545,25.724325373713842,60.397592700446516,61.01669578722578
53.17042420000507,26.089583732975257,60.985804718971806,60.49050450796087
53.20462280000356,25.913437439753228,60.528436475804895,60.5652593021014
53.23472390000097,26.035796324655436,59.55493874425728,60.8989280245023
53.267400600001565,26.491271347248578,59.546110056926,60.32846299810247
53.31361260000267,26.068952307986976,59.152461214326756,60.37310859988508
53.3458415999994,26.39905213270142,59.37990521327014,60.254597156398106
53.36816460000409,26.45050543581919,59.60442494754911,60.54701506770933
53.395271400004276,26.353955180999808,59.759624592989844,60.792185405094806
53.44216199999937,26.1190247648301,60.916682664618925,60.842772125167976
53.474603900001966,26.361480075901326,59.6134724857685,60.29392789373814
54.11891760000435,26.72352371732817,60.2999031945789,60.82400774443369
54.14492579999933,26.626752336448597,60.41647196261682,60.922507788161994
54.17494750000333,26.831576893052304,60.92408274785324,61.157298985167834
54.204446200004895,26.655165456012913,61.881154156577885,62.34463276836158
54.2577741999994,26.07568213503286,61.67496514638518,61.452499502091214
54.29291899999953,27.062772277227726,61.46514851485149,61.99584158415842
54.321434000004956,27.149577804583835,61.85343787696019,62.5697627663852
54.33855020000192,26.819322709163348,61.38127490039841,62.11175298804781
54.3551002000022,27.003173343911147,61.27885759619199,61.82963109877033
54.38641240000288,27.080990099009902,61.36554455445545,61.312277227722774
54.42092019999836,26.671680189986144,61.45438353453394,61.6859291509994
54.45354429999861,26.362549800796813,61.462948207171316,61.63326693227092
54.483390000001236,26.53488835725678,61.02472089314195,61.41965709728868
54.513062900005025,26.151188336329138,61.049131216297184,61.768524066307165
54.54838800000289,26.45821782178218,60.90772277227723,61.46752475247525
54.593814400002884,26.83167330677291,61.450996015936255,61.756972111553786
54.656687200003944,27.052274541101358,61.41540303272147,62.15203511572227
54.67829250000068,27.206491437674234,61.53703703703704,62.08064516129032
54.70764749999944,27.495312188310393,61.42529423498903,62.14681827249152
54.73802190000424,26.806567164179103,61.25134328358209,61.771542288557214
54.7677657000022,26.25516964464967,60.878939971893196,61.837984340493875
54.78510310000274,26.29639889196676,61.39790265136526,61.12900672734468
54.81915110000409,26.570254560032073,61.832631789937864,62.130687512527565
54.85074359999999,26.608365019011405,60.81368821292776,61.909345607364415
54.883017400003155,26.349136199276817,60.65347529128164,62.35094415427882
54.93193600000086,26.84455958549223,60.969709047429255,61.37584695097649
54.96168860000034,26.68742490989187,60.73528233880657,61.79335202242691
54.992863799998304,26.598825435398947,61.3697853381936,62.45382746051033
55.027129900001455,26.320192115269162,61.392235341204724,61.605963578146884
55.060142900001665,26.706210191082803,61.0063694267516,61.81349522292994
55.08918370000174,26.903387452395272,62.12206855081179,61.93265183403488
55.12185000000318,26.63849765258216,61.74076342110635,62.86221677893448
55.1528008000023,26.816697285160238,61.86548275158196,62.814656052255565
55.184946400004264,26.81948946515397,61.47123176661264,62.436993517017825
55.2335568999988,26.679983609916,61.29748002458513,62.85781602130711
55.26603350000369,26.890525885001022,61.61714753427461,62.88561489666462
55.296505099999194,26.960912052117266,61.71661237785017,62.59222312703584
55.32822410000517,26.671291573148338,61.562946337482146,62.509487859620485
55.362212,26.951596501932073,61.628635346756155,62.40715883668904
55.39384989999962,26.818721835313397,61.19827939369111,62.80868496517821
55.427394999998796,26.8603031544449,61.1716509627202,62.38836542400656
55.457340799999656,26.856676194365047,61.39975500204165,62.42772560228665
55.4910521999991,26.35461428279108,61.81665643544097,62.42725598526704
55.521439900003315,26.644341335485173,61.12608432519669,62.05991527133347
55.570240300003206,26.116448032290617,61.14793138244198,61.93400605449042
55.602697300004365,26.607440536694448,61.63691807277902,62.494409432811544
55.63518280000426,27.296799027552673,61.90761750405186,62.31158833063209
55.66508180000528,26.806293420514915,61.91029832447895,62.71986105435227
55.70097760000499,27.060754332313966,62.100509683995924,62.788175331294596
55.7287329000028,27.199673336055536,62.24132298897509,62.850347080441
55.762880599999335,26.725649350649352,61.83786525974026,62.63331980519481
55.79322360000515,27.37895585567426,61.37673856077404,62.391050191493655
55.8286322999993,26.45336627547869,62.254478072884496,62.83817171093267
55.87423820000549,26.758011503697617,62.21035332785538,62.072308956450286
55.90312719999929,27.054334554334552,61.716931216931215,61.78815628815629
55.936217000002216,26.411657559198545,61.65674964582069,61.83970856102004
55.96966290000273,26.875177881683268,61.845903638951,62.39337263671477
56.00210480000533,26.818236959158916,62.67266477961989,62.132430246663965
56.034902400002466,26.71572988273352,62.80893651435503,62.497169429842295
56.06654260000505,26.34401923462232,62.52955319575236,61.56201162091765
56.10074690000329,26.8870343985345,62.92000814166497,62.746387136169346
56.12966740000411,27.048034049452777,63.0182407782732,62.257397648966354
56.162015300003986,26.947850886127522,62.75860664086372,62.56426970869831
56.20964459999959,26.82715042804729,62.74806359559723,62.546881369751326
56.24286479999864,26.548650858544562,62.8585445625511,62.522690106296
56.272818199999165,26.911449752883033,62.81981054365733,63.09060955518946
56.305605500005186,26.91538619135423,62.732227002663386,63.070477361196474
56.33626430000004,27.097666735494528,62.73528804460045,63.258930415032005
56.369753999999375,27.261490683229813,62.601656314699795,63.49648033126294
56.404153100003896,26.96630142650403,62.60760802150093,63.367169733305765
56.4366732999988,27.31417863835103,62.91671871746825,63.58775765146783
56.468974100003834,27.252909393183707,62.64713216957606,63.76620947630923
56.5144575000013,26.938349007314525,63.3448275862069,63.73082549634274
56.54352070000459,27.045378850957537,63.281223980016655,62.86282264779351
56.57650730000023,27.169470404984423,63.19750778816199,63.01827622014538
56.59377610000229,27.046409989594174,63.147554630593135,63.1741935483871
56.641060000001744,26.906073888541012,63.27656021707368,63.33938634940513
56.67469290000008,26.834811998310098,63.69032530629489,63.0099281791297
56.707456200005254,26.99266862170088,63.178885630498534,63.37390029325513
56.73719010000059,27.022445982798406,63.331235577931615,63.99979022445983
56.77126230000431,26.928526645768027,63.14273772204807,63.62528735632184
56.801944800005,26.61738219895288,62.88712041884816,63.772356020942404
56.84849750000285,26.722454964390447,63.06304985337243,63.52241307080017
56.88271410000016,26.897779639715125,62.88039379974864,62.616673648931716
56.91264429999865,27.2428601209089,62.59391286220554,62.57577652699604
56.92950109999947,27.27640589333887,62.46316663208135,62.38949989624404
56.960772200000065,26.845220665132818,62.74900648399917,63.24681029073416
56.99280990000261,26.94486215538847,63.333542188805346,63.6578947368421
57.04168480000226,27.06751939609981,63.10358565737052,63.52883204026001
57.072461399999156,26.91995685005394,63.54196332254585,64.1596548004315
57.10477370000444,27.791019365822518,62.93934879761652,64.44839327516493
57.138543000000936,27.04723913499895,62.31408775981524,63.88116733151375
57.185460200002126,27.134133719726766,63.012005795901466,63.161250258745596
57.219632000000274,26.873912120568882,63.64296327743579,64.3249840798132
57.24992800000473,26.770939086294415,63.64890016920474,63.89276649746193
57.267096300005505,26.73264182895851,63.74470787468247,64.34377646062659
57.29421520000324,26.704349653288507,63.258247530993906,63.482454297121244
57.31382580000354,26.76650597359044,63.27059316705093,63.38168098931042
57.34728040000482,27.442857142857143,63.1796218487395,64.18193277310925
57.37807790000079,27.241908364859185,63.35245901639344,63.672551492223626
57.440782199999376,27.137271568210796,63.87802804929876,64.39481512962176
57.49049240000022,26.739837398373982,63.629225502781345,64.41206675224647
57.5225575000004,26.934819897084047,63.48220411663808,64.76007718696398
57.5539185000016,26.877163360067538,63.327986492190796,63.591388771633596
57.58578810000472,26.761140443505806,63.54846884899683,63.572122492080254
57.61474300000555,26.911413612565443,63.15643979057592,63.717068062827224
57.64603000000352,27.012325047002296,62.97639440150407,63.61896803843743
57.674336299998686,26.81174258253239,62.81257835353114,63.66485582950272
57.702908899998874,26.91555462885738,63.17139282735613,63.502293577981646
57.7347477000003,27.01580370139322,62.94302349760865,63.43917654398003
57.76684219999879,27.290234702430848,63.141240569991616,63.4616512992456
57.79366470000241,27.64503421107195,62.85237404105329,63.40742276591333
57.85898710000038,26.629668266221575,63.4243688712706,63.888378885875234
57.89100809999945,26.929061784897023,63.30726024547535,63.38964010817558
57.918859400000656,26.880239520958085,63.1501135659715,63.00722692545943
57.94813350000186,26.97146962233169,63.287561576354676,62.95012315270936
57.977006100001745,26.65272052761748,63.19661995053586,63.15684253915911
58.00658800000383,26.801615241250776,63.450196728101055,62.8970801408159
58.037917699999525,27.29695589148892,62.93000621246635,62.6187616483744
58.06965180000407,27.088843398157625,62.703582395087,63.087001023541454
58.09682199999952,27.228052266231117,62.71049407921601,62.37586770110249
58.130596900002274,26.527691350342252,63.615847334577886,63.112424808131095
58.163268700001936,26.156472559698365,63.162128194386256,63.523460410557185
58.1936005000025,27.315854922279794,63.112124352331605,63.36
58.227670500004024,26.966520192508895,62.81711655157983,63.42958777987027
58.2577409000005,26.469877006462372,64.22097144048364,63.39149468417761
58.289670600002864,26.56124948958759,62.3960800326664,62.70926908942426
58.3219265000007,26.06501547987616,62.68648090815273,62.58245614035088
58.35321449999901,27.09122308004876,62.02356765542462,62.323445753758634
58.3867670000036,26.762759733709906,62.59471454508776,61.747226144845676
58.418533600000956,26.926572008113588,61.84421906693712,62.75740365111562
58.46693010000308,26.38715559157212,62.5168152350081,62.16734197730956
58.502441800003,27.203048780487805,63.56565040650406,62.49105691056911
58.53091960000165,27.352833265389318,62.73542600896861,63.099062372604976
58.56201280000096,27.458274111675127,62.505583756345175,62.65197969543147
58.59480220000114,27.128973105134474,62.716788916055414,62.83312958435207
58.623076600000786,27.317088091353998,62.574021207177815,62.587683523654164
58.657264000001305,27.359534503879136,62.77051857901184,63.007758268681094
58.6907130000036,26.96647932557206,62.58831794460056,62.516057808109196
58.72035909999977,26.926440539436044,63.38618716796077,62.56436452799346
58.75396059999912,27.264639408259708,63.509965070885556,62.58064516129032
58.80439740000293,26.862026862026863,62.45584045584045,62.16544566544566
58.83749670000543,26.60085400569337,62.44469296461976,62.67690117934119
58.869096100002935,26.32250816993464,62.59783496732026,62.89828431372549
58.89586039999995,26.87687564234327,63.156834532374106,62.86577595066804
58.93134100000316,27.54387400286357,63.39824094906934,63.152996522806305
58.95917470000131,27.45303061862112,63.34492813997084,63.71464278275359
58.992869800000335,27.34669132757912,62.988286066584465,63.0495273325113
59.02334990000236,27.03195603500916,62.6008548748219,63.22817016079788
59.05686920000153,26.970502700457,63.09472372247611,63.514333194848355
59.10385650000535,27.233673469387757,62.74612244897959,61.983265306122455
59.13795720000053,26.963818479149634,62.43152085036795,63.32747342600164
59.16889330000413,27.529916275270573,62.507453542985495,62.99121911374311
59.202396400003636,26.819767441860467,63.24875415282392,63.54983388704319
59.23533989999851,26.86796357615894,62.87251655629139,63.01469370860927
59.26706560000457,26.571724709784412,62.90319237147595,63.02674129353234
59.296949000003224,27.134331419196062,62.2149302707137,62.971493027071375
59.32927429999836,27.45997931747673,62.95222337125129,62.85087900723888
59.360653900002944,27.113800951789777,62.81460790399338,63.52865714876888
59.39233249999961,27.427597603800866,63.11588514769676,63.109688080975005
59.441552900003444,27.042411642411643,62.890852390852395,63.43700623700624
59.47402310000325,27.059380922299432,63.1562434196673,64.20656980416929
59.50737880000088,26.677983753384712,63.54446990210373,63.49343886690273
59.5373694000009,26.85282009057225,62.839645944833265,62.63482914779745
59.57007840000006,27.56954732510288,62.670164609053494,62.78148148148148
59.60196330000326,27.091499162479064,63.62395309882747,64.05318257956449
59.6343485000034,26.940567405259888,63.41519983433423,62.71049906813005
59.66783060000307,26.380699243508484,62.529339603353094,62.5561234921284
59.70081729999947,27.08945620589456,63.16687422166874,63.129929431299296
59.744777700005216,26.921020156314274,63.04997943233238,62.679967091731804
59.77811880000081,26.961404229111064,63.02217203859577,63.059125436255385
59.81012660000124,27.088011515525395,62.61546370553156,62.82973473164713
59.84280730000319,27.168550873586845,62.617882836587874,62.74511819116136
59.87271750000218,26.909817585570813,62.745644599303134,63.01311744209879
59.90622219999932,27.090080762062538,62.72520190515635,63.478152826672186
59.938512400003674,27.20710303530869,62.62234152384885,63.5032004955606
59.97014090000448,26.442622950819676,63.46918447810749,63.384934633741445
60.00281779999932,27.07636439095248,63.17098983191534,63.1178667773397
60.03463819999888,26.91820083682008,63.00836820083681,63.44309623430962
60.08235550000245,26.7180783817952,63.397176569742946,63.84302570585756
60.113799099999596,26.835935873412453,63.0772433895482,63.13907974182803
60.146886800001084,27.321012865019398,62.49234225035736,62.943230549315906
60.16753199999948,27.222786352558895,62.236596263200646,63.10946385052802
60.19437360000302,27.123641582940333,62.52450276809514,63.101496821816696
60.24135110000498,26.87828810020877,62.832985386221296,63.37912317327766
60.27353569999832,27.043569333891913,63.17260159195643,63.86887306242145
60.30681500000355,26.80867932401419,62.94950970164824,63.9755894012101
60.33832640000037,26.770495214315442,62.928838951310865,63.857677902621724
60.3704177000036,26.97952788803008,63.04303321495718,63.65907666597033
60.41817930000252,27.05171352349682,62.45290375538682,63.40324235583829
60.449907000001986,27.50352112676056,62.68641259320629,63.00476387738193
60.484648800003924,27.23550124275062,62.94179784589892,63.00911350455675
60.50415470000007,27.22615859938208,62.74438722966015,62.68692070030896
60.520008999999845,27.27167868177137,62.64778578784758,62.739237899073125
60.54530579999846,27.223177723177724,62.82800982800983,62.23607698607699
